module_id	module_rank	n_terms	n_genes	rep_gene_ids	term_ids	rep_gene_ids_str	term_ids_str	module_method	module_requested_method	module_effective_method	module_min_shared_genes	module_jaccard_min	hub_filter_max_gene_term_degree	hub_filter_n_hubs	module_terms_hash12	module_genes_hash12	module_content_hash12	module_survival	module_survival_n_ok	module_survival_n_total	module_survival_source
M01425e2019e1	1	1	1	['10488']	['fgsea_msigdb_C2_CP_KEGG_MEDICUS_entrez:KEGG_MEDICUS_REFERENCE_E2_ER_RAS_ERK_SIGNALING_PATHWAY']	10488	fgsea_msigdb_C2_CP_KEGG_MEDICUS_entrez:KEGG_MEDICUS_REFERENCE_E2_ER_RAS_ERK_SIGNALING_PATHWAY	term_jaccard_cc	term_jaccard_cc	term_jaccard_cc	2	0.02	15	2	fa1ae7ba0a88	92a84a2e05dd	01425e2019e1	0.96875	1	1	term_survival:min
M03b58eca05a7	2	3	13	['7471', '7472', '7475', '7476', '7478', '7479', '7482', '7483', '2736', '2737']	['fgsea_msigdb_C2_CP_KEGG_MEDICUS_entrez:KEGG_MEDICUS_REFERENCE_WNT_SIGNALING_MODULATION_WNT_INHIBITOR', 'fgsea_msigdb_C2_CP_KEGG_MEDICUS_entrez:KEGG_MEDICUS_VARIANT_MUTATION_ACTIVATED_SMO_TO_HEDGEHOG_SIGNALING_PATHWAY', 'fgsea_msigdb_C2_CP_KEGG_MEDICUS_entrez:KEGG_MEDICUS_VARIANT_MUTATION_INACTIVATED_PTCH1_TO_HEDGEHOG_SIGNALING_PATHWAY']	7471;7472;7475;7476;7478;7479;7482;7483;2736;2737	fgsea_msigdb_C2_CP_KEGG_MEDICUS_entrez:KEGG_MEDICUS_REFERENCE_WNT_SIGNALING_MODULATION_WNT_INHIBITOR;fgsea_msigdb_C2_CP_KEGG_MEDICUS_entrez:KEGG_MEDICUS_VARIANT_MUTATION_ACTIVATED_SMO_TO_HEDGEHOG_SIGNALING_PATHWAY;fgsea_msigdb_C2_CP_KEGG_MEDICUS_entrez:KEGG_MEDICUS_VARIANT_MUTATION_INACTIVATED_PTCH1_TO_HEDGEHOG_SIGNALING_PATHWAY	term_jaccard_cc	term_jaccard_cc	term_jaccard_cc	2	0.02	15	2	2eceb9e32984	68e889626300	03b58eca05a7	0.890625	3	3	term_survival:min
M0885c2201853	3	1	1	['3725']	['fgsea_msigdb_C2_CP_KEGG_MEDICUS_entrez:KEGG_MEDICUS_ENV_FACTOR_E2_TO_RAS_ERK_SIGNALING_PATHWAY']	3725	fgsea_msigdb_C2_CP_KEGG_MEDICUS_entrez:KEGG_MEDICUS_ENV_FACTOR_E2_TO_RAS_ERK_SIGNALING_PATHWAY	term_jaccard_cc	term_jaccard_cc	term_jaccard_cc	2	0.02	15	2	5fe2808cd3c2	8b088301586d	0885c2201853	0.984375	1	1	term_survival:min
M11941553bdb7	4	8	20	['292', '293', '7416', '7419', '842', '317', '7417', '5331', '5621', '840']	['fgsea_msigdb_C2_CP_KEGG_MEDICUS_entrez:KEGG_MEDICUS_REFERENCE_CA2_ENTRY_VOLTAGE_GATED_CA2_CHANNEL', 'fgsea_msigdb_C2_CP_KEGG_MEDICUS_entrez:KEGG_MEDICUS_REFERENCE_MGLUR5_CA2_APOPTOTIC_PATHWAY', 'fgsea_msigdb_C2_CP_KEGG_MEDICUS_entrez:KEGG_MEDICUS_REFERENCE_VGCC_CA2_APOPTOTIC_PATHWAY', 'fgsea_msigdb_C2_CP_KEGG_MEDICUS_entrez:KEGG_MEDICUS_VARIANT_MUTATION_CAUSED_ABERRANT_ABETA_TO_MGLUR5_CA2_APOPTOTIC_PATHWAY', 'fgsea_msigdb_C2_CP_KEGG_MEDICUS_entrez:KEGG_MEDICUS_VARIANT_MUTATION_CAUSED_ABERRANT_HTT_TO_MGLUR5_CA2_APOPTOTIC_PATHWAY', 'fgsea_msigdb_C2_CP_KEGG_MEDICUS_entrez:KEGG_MEDICUS_VARIANT_MUTATION_CAUSED_ABERRANT_HTT_TO_TRANSPORT_OF_CALCIUM', 'fgsea_msigdb_C2_CP_KEGG_MEDICUS_entrez:KEGG_MEDICUS_VARIANT_SCRAPIE_CONFORMATION_PRPSC_TO_MGLUR5_CA2_APOPTOTIC_PATHWAY', 'fgsea_msigdb_C2_CP_KEGG_MEDICUS_entrez:KEGG_MEDICUS_VARIANT_SCRAPIE_CONFORMATION_PRPSC_TO_TRANSPORT_OF_CALCIUM']	292;293;7416;7419;842;317;7417;5331;5621;840	fgsea_msigdb_C2_CP_KEGG_MEDICUS_entrez:KEGG_MEDICUS_REFERENCE_CA2_ENTRY_VOLTAGE_GATED_CA2_CHANNEL;fgsea_msigdb_C2_CP_KEGG_MEDICUS_entrez:KEGG_MEDICUS_REFERENCE_MGLUR5_CA2_APOPTOTIC_PATHWAY;fgsea_msigdb_C2_CP_KEGG_MEDICUS_entrez:KEGG_MEDICUS_REFERENCE_VGCC_CA2_APOPTOTIC_PATHWAY;fgsea_msigdb_C2_CP_KEGG_MEDICUS_entrez:KEGG_MEDICUS_VARIANT_MUTATION_CAUSED_ABERRANT_ABETA_TO_MGLUR5_CA2_APOPTOTIC_PATHWAY;fgsea_msigdb_C2_CP_KEGG_MEDICUS_entrez:KEGG_MEDICUS_VARIANT_MUTATION_CAUSED_ABERRANT_HTT_TO_MGLUR5_CA2_APOPTOTIC_PATHWAY;fgsea_msigdb_C2_CP_KEGG_MEDICUS_entrez:KEGG_MEDICUS_VARIANT_MUTATION_CAUSED_ABERRANT_HTT_TO_TRANSPORT_OF_CALCIUM;fgsea_msigdb_C2_CP_KEGG_MEDICUS_entrez:KEGG_MEDICUS_VARIANT_SCRAPIE_CONFORMATION_PRPSC_TO_MGLUR5_CA2_APOPTOTIC_PATHWAY;fgsea_msigdb_C2_CP_KEGG_MEDICUS_entrez:KEGG_MEDICUS_VARIANT_SCRAPIE_CONFORMATION_PRPSC_TO_TRANSPORT_OF_CALCIUM	term_jaccard_cc	term_jaccard_cc	term_jaccard_cc	2	0.02	15	2	541defcc8758	ce6436818fc9	11941553bdb7	0.828125	8	8	term_survival:min
M141741ad8a99	5	1	16	['1340', '1353', '1355', '4695', '4697', '4705', '4709', '4714', '4715', '4719']	['fgsea_msigdb_C2_CP_KEGG_MEDICUS_entrez:KEGG_MEDICUS_REFERENCE_MITOCHONDRIAL_COMPLEX_UCP1_IN_THERMOGENESIS']	1340;1353;1355;4695;4697;4705;4709;4714;4715;4719	fgsea_msigdb_C2_CP_KEGG_MEDICUS_entrez:KEGG_MEDICUS_REFERENCE_MITOCHONDRIAL_COMPLEX_UCP1_IN_THERMOGENESIS	term_jaccard_cc	term_jaccard_cc	term_jaccard_cc	2	0.02	15	2	f756261e4db8	874c76b2e28f	141741ad8a99	0.984375	1	1	term_survival:min
M1baabb21c156	6	6	14	['4537', '4540', '4541', '4702', '4706', '4707', '4712', '4725', '1020', '8851']	['fgsea_msigdb_C2_CP_KEGG_MEDICUS_entrez:KEGG_MEDICUS_REFERENCE_ELECTRON_TRANSFER_IN_COMPLEX_I', 'fgsea_msigdb_C2_CP_KEGG_MEDICUS_entrez:KEGG_MEDICUS_VARIANT_MUTATION_CAUSED_ABERRANT_ABETA_TO_ANTEROGRADE_AXONAL_TRANSPORT', 'fgsea_msigdb_C2_CP_KEGG_MEDICUS_entrez:KEGG_MEDICUS_VARIANT_MUTATION_CAUSED_ABERRANT_ABETA_TO_ELECTRON_TRANSFER_IN_COMPLEX_I', 'fgsea_msigdb_C2_CP_KEGG_MEDICUS_entrez:KEGG_MEDICUS_VARIANT_MUTATION_CAUSED_ABERRANT_SNCA_TO_ELECTRON_TRANSFER_IN_COMPLEX_I', 'fgsea_msigdb_C2_CP_KEGG_MEDICUS_entrez:KEGG_MEDICUS_VARIANT_MUTATION_CAUSED_ABERRANT_TDP43_TO_ELECTRON_TRANSFER_IN_COMPLEX_I', 'fgsea_msigdb_C2_CP_KEGG_MEDICUS_entrez:KEGG_MEDICUS_VARIANT_MUTATION_INACTIVATED_PINK1_TO_ELECTRON_TRANSFER_IN_COMPLEX_I']	4537;4540;4541;4702;4706;4707;4712;4725;1020;8851	fgsea_msigdb_C2_CP_KEGG_MEDICUS_entrez:KEGG_MEDICUS_REFERENCE_ELECTRON_TRANSFER_IN_COMPLEX_I;fgsea_msigdb_C2_CP_KEGG_MEDICUS_entrez:KEGG_MEDICUS_VARIANT_MUTATION_CAUSED_ABERRANT_ABETA_TO_ANTEROGRADE_AXONAL_TRANSPORT;fgsea_msigdb_C2_CP_KEGG_MEDICUS_entrez:KEGG_MEDICUS_VARIANT_MUTATION_CAUSED_ABERRANT_ABETA_TO_ELECTRON_TRANSFER_IN_COMPLEX_I;fgsea_msigdb_C2_CP_KEGG_MEDICUS_entrez:KEGG_MEDICUS_VARIANT_MUTATION_CAUSED_ABERRANT_SNCA_TO_ELECTRON_TRANSFER_IN_COMPLEX_I;fgsea_msigdb_C2_CP_KEGG_MEDICUS_entrez:KEGG_MEDICUS_VARIANT_MUTATION_CAUSED_ABERRANT_TDP43_TO_ELECTRON_TRANSFER_IN_COMPLEX_I;fgsea_msigdb_C2_CP_KEGG_MEDICUS_entrez:KEGG_MEDICUS_VARIANT_MUTATION_INACTIVATED_PINK1_TO_ELECTRON_TRANSFER_IN_COMPLEX_I	term_jaccard_cc	term_jaccard_cc	term_jaccard_cc	2	0.02	15	2	f5c0684134a6	0ae9307f0186	1baabb21c156	0.875	6	6	term_survival:min
M1ff7bffa46da	7	1	6	['2026', '2027', '229', '3945', '5223', '669']	['fgsea_msigdb_C2_CP_KEGG_MEDICUS_entrez:KEGG_MEDICUS_REFERENCE_GLYCOLYSIS']	2026;2027;229;3945;5223;669	fgsea_msigdb_C2_CP_KEGG_MEDICUS_entrez:KEGG_MEDICUS_REFERENCE_GLYCOLYSIS	term_jaccard_cc	term_jaccard_cc	term_jaccard_cc	2	0.02	15	2	6a1942d8eb0c	012a3eb51348	1ff7bffa46da	0.9375	1	1	term_survival:min
M21ba92f35ba3	8	1	1	['4233']	['fgsea_msigdb_C2_CP_KEGG_MEDICUS_entrez:KEGG_MEDICUS_REFERENCE_HGF_MET_RAS_ERK_SIGNALING_PATHWAY']	4233	fgsea_msigdb_C2_CP_KEGG_MEDICUS_entrez:KEGG_MEDICUS_REFERENCE_HGF_MET_RAS_ERK_SIGNALING_PATHWAY	term_jaccard_cc	term_jaccard_cc	term_jaccard_cc	2	0.02	15	2	9b028587fc56	ea4284b8fb98	21ba92f35ba3	0.9375	1	1	term_survival:min
M272bb5b35eb9	9	10	34	['5332', '4233', '5336', '2064', '2249', '2250', '2251', '2255', '8823', '2321']	['fgsea_msigdb_C2_CP_KEGG_MEDICUS_entrez:KEGG_MEDICUS_REFERENCE_FGF_FGFR_PI3K_SIGNALING_PATHWAY', 'fgsea_msigdb_C2_CP_KEGG_MEDICUS_entrez:KEGG_MEDICUS_REFERENCE_FGF_FGFR_RAS_ERK_SIGNALING_PATHWAY', 'fgsea_msigdb_C2_CP_KEGG_MEDICUS_entrez:KEGG_MEDICUS_REFERENCE_GF_RTK_PI3K_SIGNALING_PATHWAY', 'fgsea_msigdb_C2_CP_KEGG_MEDICUS_entrez:KEGG_MEDICUS_REFERENCE_GF_RTK_RAS_ERK_SIGNALING_PATHWAY', 'fgsea_msigdb_C2_CP_KEGG_MEDICUS_entrez:KEGG_MEDICUS_REFERENCE_GF_RTK_RAS_PI3K_SIGNALING_PATHWAY', 'fgsea_msigdb_C2_CP_KEGG_MEDICUS_entrez:KEGG_MEDICUS_REFERENCE_GPCR_PLCB_ITPR_SIGNALING_PATHWAY', 'fgsea_msigdb_C2_CP_KEGG_MEDICUS_entrez:KEGG_MEDICUS_REFERENCE_MACHR_CA2_APOPTOTIC_PATHWAY', 'fgsea_msigdb_C2_CP_KEGG_MEDICUS_entrez:KEGG_MEDICUS_REFERENCE_REGULATION_OF_GF_RTK_RAS_ERK_SIGNALING_UBIQUITINATION_OF_RTK_BY_CBL', 'fgsea_msigdb_C2_CP_KEGG_MEDICUS_entrez:KEGG_MEDICUS_REFERENCE_RTK_PLCG_ITPR_SIGNALING_PATHWAY', 'fgsea_msigdb_C2_CP_KEGG_MEDICUS_entrez:KEGG_MEDICUS_VARIANT_MUTATION_CAUSED_ABERRANT_ABETA_TO_MACHR_CA2_APOPTOTIC_PATHWAY']	5332;4233;5336;2064;2249;2250;2251;2255;8823;2321	fgsea_msigdb_C2_CP_KEGG_MEDICUS_entrez:KEGG_MEDICUS_REFERENCE_FGF_FGFR_PI3K_SIGNALING_PATHWAY;fgsea_msigdb_C2_CP_KEGG_MEDICUS_entrez:KEGG_MEDICUS_REFERENCE_FGF_FGFR_RAS_ERK_SIGNALING_PATHWAY;fgsea_msigdb_C2_CP_KEGG_MEDICUS_entrez:KEGG_MEDICUS_REFERENCE_GF_RTK_PI3K_SIGNALING_PATHWAY;fgsea_msigdb_C2_CP_KEGG_MEDICUS_entrez:KEGG_MEDICUS_REFERENCE_GF_RTK_RAS_ERK_SIGNALING_PATHWAY;fgsea_msigdb_C2_CP_KEGG_MEDICUS_entrez:KEGG_MEDICUS_REFERENCE_GF_RTK_RAS_PI3K_SIGNALING_PATHWAY;fgsea_msigdb_C2_CP_KEGG_MEDICUS_entrez:KEGG_MEDICUS_REFERENCE_GPCR_PLCB_ITPR_SIGNALING_PATHWAY;fgsea_msigdb_C2_CP_KEGG_MEDICUS_entrez:KEGG_MEDICUS_REFERENCE_MACHR_CA2_APOPTOTIC_PATHWAY;fgsea_msigdb_C2_CP_KEGG_MEDICUS_entrez:KEGG_MEDICUS_REFERENCE_REGULATION_OF_GF_RTK_RAS_ERK_SIGNALING_UBIQUITINATION_OF_RTK_BY_CBL;fgsea_msigdb_C2_CP_KEGG_MEDICUS_entrez:KEGG_MEDICUS_REFERENCE_RTK_PLCG_ITPR_SIGNALING_PATHWAY;fgsea_msigdb_C2_CP_KEGG_MEDICUS_entrez:KEGG_MEDICUS_VARIANT_MUTATION_CAUSED_ABERRANT_ABETA_TO_MACHR_CA2_APOPTOTIC_PATHWAY	term_jaccard_cc	term_jaccard_cc	term_jaccard_cc	2	0.02	15	2	aad35628a486	b85979d77713	272bb5b35eb9	0.796875	10	10	term_survival:min
M27c25a01085d	10	1	1	['2064']	['fgsea_msigdb_C2_CP_KEGG_MEDICUS_entrez:KEGG_MEDICUS_REFERENCE_EGF_ERBB2_RAS_ERK_SIGNALING_PATHWAY']	2064	fgsea_msigdb_C2_CP_KEGG_MEDICUS_entrez:KEGG_MEDICUS_REFERENCE_EGF_ERBB2_RAS_ERK_SIGNALING_PATHWAY	term_jaccard_cc	term_jaccard_cc	term_jaccard_cc	2	0.02	15	2	2deb02aadf36	a0119e19d7f7	27c25a01085d	0.984375	1	1	term_survival:min
M2ac4bff8e107	11	1	1	['10488']	['fgsea_msigdb_C2_CP_KEGG_MEDICUS_entrez:KEGG_MEDICUS_REFERENCE_ACH_CHRN_RAS_ERK_SIGNALING_PATHWAY']	10488	fgsea_msigdb_C2_CP_KEGG_MEDICUS_entrez:KEGG_MEDICUS_REFERENCE_ACH_CHRN_RAS_ERK_SIGNALING_PATHWAY	term_jaccard_cc	term_jaccard_cc	term_jaccard_cc	2	0.02	15	2	8060259887b0	92a84a2e05dd	2ac4bff8e107	0.984375	1	1	term_survival:min
M3b9268fe8912	12	3	9	['1327', '1337', '1339', '1345', '1346', '1347', '1349', '1351', '4512']	['fgsea_msigdb_C2_CP_KEGG_MEDICUS_entrez:KEGG_MEDICUS_ENV_FACTOR_ARSENIC_TO_ELECTRON_TRANSFER_IN_COMPLEX_IV', 'fgsea_msigdb_C2_CP_KEGG_MEDICUS_entrez:KEGG_MEDICUS_REFERENCE_ELECTRON_TRANSFER_IN_COMPLEX_IV', 'fgsea_msigdb_C2_CP_KEGG_MEDICUS_entrez:KEGG_MEDICUS_VARIANT_MUTATION_CAUSED_ABERRANT_ABETA_TO_ELECTRON_TRANSFER_IN_COMPLEX_IV']	1327;1337;1339;1345;1346;1347;1349;1351;4512	fgsea_msigdb_C2_CP_KEGG_MEDICUS_entrez:KEGG_MEDICUS_ENV_FACTOR_ARSENIC_TO_ELECTRON_TRANSFER_IN_COMPLEX_IV;fgsea_msigdb_C2_CP_KEGG_MEDICUS_entrez:KEGG_MEDICUS_REFERENCE_ELECTRON_TRANSFER_IN_COMPLEX_IV;fgsea_msigdb_C2_CP_KEGG_MEDICUS_entrez:KEGG_MEDICUS_VARIANT_MUTATION_CAUSED_ABERRANT_ABETA_TO_ELECTRON_TRANSFER_IN_COMPLEX_IV	term_jaccard_cc	term_jaccard_cc	term_jaccard_cc	2	0.02	15	2	0a4441277ceb	b6ca12b69e7e	3b9268fe8912	0.875	3	3	term_survival:min
M4b2d75de487d	13	8	9	['5687', '5689', '5690', '5706', '5707', '5709', '5713', '7979', '6647']	['fgsea_msigdb_C2_CP_KEGG_MEDICUS_entrez:KEGG_MEDICUS_REFERENCE_26S_PROTEASOME_MEDIATED_PROTEIN_DEGRADATION', 'fgsea_msigdb_C2_CP_KEGG_MEDICUS_entrez:KEGG_MEDICUS_VARIANT_MUTATION_CAUSED_ABERRANT_ABETA_TO_26S_PROTEASOME_MEDIATED_PROTEIN_DEGRADATION', 'fgsea_msigdb_C2_CP_KEGG_MEDICUS_entrez:KEGG_MEDICUS_VARIANT_MUTATION_CAUSED_ABERRANT_HTT_TO_26S_PROTEASOME_MEDIATED_PROTEIN_DEGRADATION', 'fgsea_msigdb_C2_CP_KEGG_MEDICUS_entrez:KEGG_MEDICUS_VARIANT_MUTATION_CAUSED_ABERRANT_SNCA_TO_26S_PROTEASOME_MEDIATED_PROTEIN_DEGRADATION', 'fgsea_msigdb_C2_CP_KEGG_MEDICUS_entrez:KEGG_MEDICUS_VARIANT_MUTATION_CAUSED_ABERRANT_SOD1_TO_26S_PROTEASOME_MEDIATED_PROTEIN_DEGRADATION', 'fgsea_msigdb_C2_CP_KEGG_MEDICUS_entrez:KEGG_MEDICUS_VARIANT_MUTATION_INACTIVATED_UBQLN2_TO_26S_PROTEASOME_MEDIATED_PROTEIN_DEGRADATION', 'fgsea_msigdb_C2_CP_KEGG_MEDICUS_entrez:KEGG_MEDICUS_VARIANT_MUTATION_INACTIVATED_VCP_TO_26S_PROTEASOME_MEDIATED_PROTEIN_DEGRADATION', 'fgsea_msigdb_C2_CP_KEGG_MEDICUS_entrez:KEGG_MEDICUS_VARIANT_SCRAPIE_CONFORMATION_PRPSC_TO_26S_PROTEASOME_MEDIATED_PROTEIN_DEGRADATION']	5687;5689;5690;5706;5707;5709;5713;7979;6647	fgsea_msigdb_C2_CP_KEGG_MEDICUS_entrez:KEGG_MEDICUS_REFERENCE_26S_PROTEASOME_MEDIATED_PROTEIN_DEGRADATION;fgsea_msigdb_C2_CP_KEGG_MEDICUS_entrez:KEGG_MEDICUS_VARIANT_MUTATION_CAUSED_ABERRANT_ABETA_TO_26S_PROTEASOME_MEDIATED_PROTEIN_DEGRADATION;fgsea_msigdb_C2_CP_KEGG_MEDICUS_entrez:KEGG_MEDICUS_VARIANT_MUTATION_CAUSED_ABERRANT_HTT_TO_26S_PROTEASOME_MEDIATED_PROTEIN_DEGRADATION;fgsea_msigdb_C2_CP_KEGG_MEDICUS_entrez:KEGG_MEDICUS_VARIANT_MUTATION_CAUSED_ABERRANT_SNCA_TO_26S_PROTEASOME_MEDIATED_PROTEIN_DEGRADATION;fgsea_msigdb_C2_CP_KEGG_MEDICUS_entrez:KEGG_MEDICUS_VARIANT_MUTATION_CAUSED_ABERRANT_SOD1_TO_26S_PROTEASOME_MEDIATED_PROTEIN_DEGRADATION;fgsea_msigdb_C2_CP_KEGG_MEDICUS_entrez:KEGG_MEDICUS_VARIANT_MUTATION_INACTIVATED_UBQLN2_TO_26S_PROTEASOME_MEDIATED_PROTEIN_DEGRADATION;fgsea_msigdb_C2_CP_KEGG_MEDICUS_entrez:KEGG_MEDICUS_VARIANT_MUTATION_INACTIVATED_VCP_TO_26S_PROTEASOME_MEDIATED_PROTEIN_DEGRADATION;fgsea_msigdb_C2_CP_KEGG_MEDICUS_entrez:KEGG_MEDICUS_VARIANT_SCRAPIE_CONFORMATION_PRPSC_TO_26S_PROTEASOME_MEDIATED_PROTEIN_DEGRADATION	term_jaccard_cc	term_jaccard_cc	term_jaccard_cc	2	0.02	15	2	10159a9ccbee	38ee31c113ff	4b2d75de487d	0.890625	8	8	term_survival:min
M4d0abd02045c	14	1	6	['2534', '3937', '7410', '7535', '920', '9402']	['fgsea_msigdb_C2_CP_KEGG_MEDICUS_entrez:KEGG_MEDICUS_REFERENCE_TCR_PLCG_ITPR_SIGNALING_PATHWAY']	2534;3937;7410;7535;920;9402	fgsea_msigdb_C2_CP_KEGG_MEDICUS_entrez:KEGG_MEDICUS_REFERENCE_TCR_PLCG_ITPR_SIGNALING_PATHWAY	term_jaccard_cc	term_jaccard_cc	term_jaccard_cc	2	0.02	15	2	10facb2db4c7	ca60fa5ce77c	4d0abd02045c	0.859375	1	1	term_survival:min
M52e47900ff6c	15	4	10	['10671', '1639', '7277', '1780', '1783', '10381', '10382', '7280', '7879', '9183']	['fgsea_msigdb_C2_CP_KEGG_MEDICUS_entrez:KEGG_MEDICUS_REFERENCE_DYNEIN_RECRUITMENT_TO_THE_KINETOCHORE', 'fgsea_msigdb_C2_CP_KEGG_MEDICUS_entrez:KEGG_MEDICUS_REFERENCE_RAB7_REGULATED_MICROTUBULE_MINUS_END_DIRECTED_TRANSPORT', 'fgsea_msigdb_C2_CP_KEGG_MEDICUS_entrez:KEGG_MEDICUS_REFERENCE_RETROGRADE_AXONAL_TRANSPORT', 'fgsea_msigdb_C2_CP_KEGG_MEDICUS_entrez:KEGG_MEDICUS_VARIANT_MUTATION_CAUSED_ABERRANT_HTT_TO_RETROGRADE_AXONAL_TRANSPORT']	10671;1639;7277;1780;1783;10381;10382;7280;7879;9183	fgsea_msigdb_C2_CP_KEGG_MEDICUS_entrez:KEGG_MEDICUS_REFERENCE_DYNEIN_RECRUITMENT_TO_THE_KINETOCHORE;fgsea_msigdb_C2_CP_KEGG_MEDICUS_entrez:KEGG_MEDICUS_REFERENCE_RAB7_REGULATED_MICROTUBULE_MINUS_END_DIRECTED_TRANSPORT;fgsea_msigdb_C2_CP_KEGG_MEDICUS_entrez:KEGG_MEDICUS_REFERENCE_RETROGRADE_AXONAL_TRANSPORT;fgsea_msigdb_C2_CP_KEGG_MEDICUS_entrez:KEGG_MEDICUS_VARIANT_MUTATION_CAUSED_ABERRANT_HTT_TO_RETROGRADE_AXONAL_TRANSPORT	term_jaccard_cc	term_jaccard_cc	term_jaccard_cc	2	0.02	15	2	f1cb4e5032bf	5053e96e555d	52e47900ff6c	0.953125	4	4	term_survival:min
M5daed72cf9ba	16	1	2	['657', '93']	['fgsea_msigdb_C2_CP_KEGG_MEDICUS_entrez:KEGG_MEDICUS_REFERENCE_BMP_SIGNALING_PATHWAY']	657;93	fgsea_msigdb_C2_CP_KEGG_MEDICUS_entrez:KEGG_MEDICUS_REFERENCE_BMP_SIGNALING_PATHWAY	term_jaccard_cc	term_jaccard_cc	term_jaccard_cc	2	0.02	15	2	2f34b88679f3	919267eebd0a	5daed72cf9ba	0.734375	1	1	term_survival:min
M60a358e7e025	17	1	1	['5336']	['fgsea_msigdb_C2_CP_KEGG_MEDICUS_entrez:KEGG_MEDICUS_REFERENCE_EGF_EGFR_PLCG_ERK_SIGNALING_PATHWAY']	5336	fgsea_msigdb_C2_CP_KEGG_MEDICUS_entrez:KEGG_MEDICUS_REFERENCE_EGF_EGFR_PLCG_ERK_SIGNALING_PATHWAY	term_jaccard_cc	term_jaccard_cc	term_jaccard_cc	2	0.02	15	2	bee204207e15	51283fa35597	60a358e7e025	0.96875	1	1	term_survival:min
M6889dc488967	18	2	10	['10000', '5518', '5519', '5521', '5523', '5526', '5528', '1493', '941', '942']	['fgsea_msigdb_C2_CP_KEGG_MEDICUS_entrez:KEGG_MEDICUS_REFERENCE_CD80_CD86_CTLA4_PP2A_SIGNALING_PATHWAY', 'fgsea_msigdb_C2_CP_KEGG_MEDICUS_entrez:KEGG_MEDICUS_REFERENCE_PP2A_AKT_SIGNALING_PATHWAY']	10000;5518;5519;5521;5523;5526;5528;1493;941;942	fgsea_msigdb_C2_CP_KEGG_MEDICUS_entrez:KEGG_MEDICUS_REFERENCE_CD80_CD86_CTLA4_PP2A_SIGNALING_PATHWAY;fgsea_msigdb_C2_CP_KEGG_MEDICUS_entrez:KEGG_MEDICUS_REFERENCE_PP2A_AKT_SIGNALING_PATHWAY	term_jaccard_cc	term_jaccard_cc	term_jaccard_cc	2	0.02	15	2	e19dd4cbff7b	46937bc0ff4b	6889dc488967	0.9375	2	2	term_survival:min
M6d8aba2e140d	19	1	7	['1869', '4149', '1017', '1027', '1870', '6502', '8454']	['fgsea_msigdb_C2_CP_KEGG_MEDICUS_entrez:KEGG_MEDICUS_VARIANT_AMPLIFIED_MYC_TO_P27_CELL_CYCLE_G1_S']	1869;4149;1017;1027;1870;6502;8454	fgsea_msigdb_C2_CP_KEGG_MEDICUS_entrez:KEGG_MEDICUS_VARIANT_AMPLIFIED_MYC_TO_P27_CELL_CYCLE_G1_S	term_jaccard_cc	term_jaccard_cc	term_jaccard_cc	2	0.02	15	2	15f2cc128263	7260afd6f144	6d8aba2e140d	0.953125	1	1	term_survival:min
M6e2e7dcff255	20	1	11	['3480', '3206', '4005', '4086', '4208', '4297', '4300', '5218', '8091', '8464']	['fgsea_msigdb_C2_CP_KEGG_MEDICUS_entrez:KEGG_MEDICUS_VARIANT_MLL_AF4_FUSION_TO_TRANSCRIPTIONAL_ACTIVATION']	3480;3206;4005;4086;4208;4297;4300;5218;8091;8464	fgsea_msigdb_C2_CP_KEGG_MEDICUS_entrez:KEGG_MEDICUS_VARIANT_MLL_AF4_FUSION_TO_TRANSCRIPTIONAL_ACTIVATION	term_jaccard_cc	term_jaccard_cc	term_jaccard_cc	2	0.02	15	2	b6edfc4d8acc	22460c2b4527	6e2e7dcff255	0.90625	1	1	term_survival:min
M743419ac7186	21	1	1	['2002']	['fgsea_msigdb_C2_CP_KEGG_MEDICUS_entrez:KEGG_MEDICUS_PATHOGEN_HBV_HBX_TO_RAS_ERK_SIGNALING_PATHWAY']	2002	fgsea_msigdb_C2_CP_KEGG_MEDICUS_entrez:KEGG_MEDICUS_PATHOGEN_HBV_HBX_TO_RAS_ERK_SIGNALING_PATHWAY	term_jaccard_cc	term_jaccard_cc	term_jaccard_cc	2	0.02	15	2	abcf0e738f07	6c94e35ccc35	743419ac7186	0.984375	1	1	term_survival:min
M747adb2294b5	22	2	4	['10345', '444', '784', '844']	['fgsea_msigdb_C2_CP_KEGG_MEDICUS_entrez:KEGG_MEDICUS_REFERENCE_CARDIAC_TYPE_VGCC_RYR_SIGNALING', 'fgsea_msigdb_C2_CP_KEGG_MEDICUS_entrez:KEGG_MEDICUS_REFERENCE_SKELETAL_TYPE_VGCC_RYR_SIGNALING']	10345;444;784;844	fgsea_msigdb_C2_CP_KEGG_MEDICUS_entrez:KEGG_MEDICUS_REFERENCE_CARDIAC_TYPE_VGCC_RYR_SIGNALING;fgsea_msigdb_C2_CP_KEGG_MEDICUS_entrez:KEGG_MEDICUS_REFERENCE_SKELETAL_TYPE_VGCC_RYR_SIGNALING	term_jaccard_cc	term_jaccard_cc	term_jaccard_cc	2	0.02	15	2	00449b48ca34	7eb9a74d558a	747adb2294b5	0.96875	2	2	term_survival:min
M79249bcbb6c7	23	19	34	['10488', '808', '1386', '5332', '107', '108', '109', '113', '5336', '4772']	['fgsea_msigdb_C2_CP_KEGG_MEDICUS_entrez:KEGG_MEDICUS_PATHOGEN_HCMV_US28_TO_GNAQ_PLCB_G_CALCINEURIN_SIGNALING_PATHWAY', 'fgsea_msigdb_C2_CP_KEGG_MEDICUS_entrez:KEGG_MEDICUS_PATHOGEN_HIV_GP120_TO_CXCR4_GNAQ_PLCB_G_CALCINEURIN', 'fgsea_msigdb_C2_CP_KEGG_MEDICUS_entrez:KEGG_MEDICUS_REFERENCE_ADRB3_UCP1_SIGNALING_PATHWAY', 'fgsea_msigdb_C2_CP_KEGG_MEDICUS_entrez:KEGG_MEDICUS_REFERENCE_ANGIOTENSIN_ALDOSTERONE_SIGNALING_PATHWAY', 'fgsea_msigdb_C2_CP_KEGG_MEDICUS_entrez:KEGG_MEDICUS_REFERENCE_BCR_PLCG_CALCINEURIN_SIGNALING_PATHWAY', 'fgsea_msigdb_C2_CP_KEGG_MEDICUS_entrez:KEGG_MEDICUS_REFERENCE_CRHR_PKA_ACTH_SIGNALING_PATHWAY', 'fgsea_msigdb_C2_CP_KEGG_MEDICUS_entrez:KEGG_MEDICUS_REFERENCE_CXCL12_CXCR4_PKC_ERK_SIGNALING_PATHAWAY', 'fgsea_msigdb_C2_CP_KEGG_MEDICUS_entrez:KEGG_MEDICUS_REFERENCE_CXCR4_GNAQ_PLCB_G_CALCINEURIN_SIGNALING_PATHWAY', 'fgsea_msigdb_C2_CP_KEGG_MEDICUS_entrez:KEGG_MEDICUS_REFERENCE_EGF_EGFR_PLCG_CALCINEURIN_SIGNALING_PATHWAY', 'fgsea_msigdb_C2_CP_KEGG_MEDICUS_entrez:KEGG_MEDICUS_REFERENCE_FSHR_GNAS_PKA_SIGNALING_PATHWAY', 'fgsea_msigdb_C2_CP_KEGG_MEDICUS_entrez:KEGG_MEDICUS_REFERENCE_GHRHR_PKA_GH_SIGNALING_PATHWAY', 'fgsea_msigdb_C2_CP_KEGG_MEDICUS_entrez:KEGG_MEDICUS_REFERENCE_GNRH_GNRHR_PLCB_PKC_SIGNALING_PATHWAY', 'fgsea_msigdb_C2_CP_KEGG_MEDICUS_entrez:KEGG_MEDICUS_REFERENCE_LHCGR_GNAS_PKA_SIGNALING_PATHWAY', 'fgsea_msigdb_C2_CP_KEGG_MEDICUS_entrez:KEGG_MEDICUS_REFERENCE_TSH_TG_SIGNALING_PATHWAY', 'fgsea_msigdb_C2_CP_KEGG_MEDICUS_entrez:KEGG_MEDICUS_VARIANT_MUTATION_ACTIVATED_CACNA1D_H_TO_ANGIOTENSIN_ALDOSTERONE_SIGNALING_PATHWAY', 'fgsea_msigdb_C2_CP_KEGG_MEDICUS_entrez:KEGG_MEDICUS_VARIANT_MUTATION_ACTIVATED_GNAS_TO_CRHR_PKA_ACTH_SIGNALING_PATHWAY', 'fgsea_msigdb_C2_CP_KEGG_MEDICUS_entrez:KEGG_MEDICUS_VARIANT_MUTATION_ACTIVATED_KCNJ5_TO_ANGIOTENSIN_ALDOSTERONE_SIGNALING_PATHWAY', 'fgsea_msigdb_C2_CP_KEGG_MEDICUS_entrez:KEGG_MEDICUS_VARIANT_MUTATION_INACTIVATED_ATP1A1_TO_ANGIOTENSIN_ALDOSTERONE_SIGNALING_PATHWAY', 'fgsea_msigdb_C2_CP_KEGG_MEDICUS_entrez:KEGG_MEDICUS_VARIANT_MUTATION_INACTIVATED_ATP2B3_TO_ANGIOTENSIN_ALDOSTERONE_SIGNALING_PATHWAY']	10488;808;1386;5332;107;108;109;113;5336;4772	fgsea_msigdb_C2_CP_KEGG_MEDICUS_entrez:KEGG_MEDICUS_PATHOGEN_HCMV_US28_TO_GNAQ_PLCB_G_CALCINEURIN_SIGNALING_PATHWAY;fgsea_msigdb_C2_CP_KEGG_MEDICUS_entrez:KEGG_MEDICUS_PATHOGEN_HIV_GP120_TO_CXCR4_GNAQ_PLCB_G_CALCINEURIN;fgsea_msigdb_C2_CP_KEGG_MEDICUS_entrez:KEGG_MEDICUS_REFERENCE_ADRB3_UCP1_SIGNALING_PATHWAY;fgsea_msigdb_C2_CP_KEGG_MEDICUS_entrez:KEGG_MEDICUS_REFERENCE_ANGIOTENSIN_ALDOSTERONE_SIGNALING_PATHWAY;fgsea_msigdb_C2_CP_KEGG_MEDICUS_entrez:KEGG_MEDICUS_REFERENCE_BCR_PLCG_CALCINEURIN_SIGNALING_PATHWAY;fgsea_msigdb_C2_CP_KEGG_MEDICUS_entrez:KEGG_MEDICUS_REFERENCE_CRHR_PKA_ACTH_SIGNALING_PATHWAY;fgsea_msigdb_C2_CP_KEGG_MEDICUS_entrez:KEGG_MEDICUS_REFERENCE_CXCL12_CXCR4_PKC_ERK_SIGNALING_PATHAWAY;fgsea_msigdb_C2_CP_KEGG_MEDICUS_entrez:KEGG_MEDICUS_REFERENCE_CXCR4_GNAQ_PLCB_G_CALCINEURIN_SIGNALING_PATHWAY;fgsea_msigdb_C2_CP_KEGG_MEDICUS_entrez:KEGG_MEDICUS_REFERENCE_EGF_EGFR_PLCG_CALCINEURIN_SIGNALING_PATHWAY;fgsea_msigdb_C2_CP_KEGG_MEDICUS_entrez:KEGG_MEDICUS_REFERENCE_FSHR_GNAS_PKA_SIGNALING_PATHWAY;fgsea_msigdb_C2_CP_KEGG_MEDICUS_entrez:KEGG_MEDICUS_REFERENCE_GHRHR_PKA_GH_SIGNALING_PATHWAY;fgsea_msigdb_C2_CP_KEGG_MEDICUS_entrez:KEGG_MEDICUS_REFERENCE_GNRH_GNRHR_PLCB_PKC_SIGNALING_PATHWAY;fgsea_msigdb_C2_CP_KEGG_MEDICUS_entrez:KEGG_MEDICUS_REFERENCE_LHCGR_GNAS_PKA_SIGNALING_PATHWAY;fgsea_msigdb_C2_CP_KEGG_MEDICUS_entrez:KEGG_MEDICUS_REFERENCE_TSH_TG_SIGNALING_PATHWAY;fgsea_msigdb_C2_CP_KEGG_MEDICUS_entrez:KEGG_MEDICUS_VARIANT_MUTATION_ACTIVATED_CACNA1D_H_TO_ANGIOTENSIN_ALDOSTERONE_SIGNALING_PATHWAY;fgsea_msigdb_C2_CP_KEGG_MEDICUS_entrez:KEGG_MEDICUS_VARIANT_MUTATION_ACTIVATED_GNAS_TO_CRHR_PKA_ACTH_SIGNALING_PATHWAY;fgsea_msigdb_C2_CP_KEGG_MEDICUS_entrez:KEGG_MEDICUS_VARIANT_MUTATION_ACTIVATED_KCNJ5_TO_ANGIOTENSIN_ALDOSTERONE_SIGNALING_PATHWAY;fgsea_msigdb_C2_CP_KEGG_MEDICUS_entrez:KEGG_MEDICUS_VARIANT_MUTATION_INACTIVATED_ATP1A1_TO_ANGIOTENSIN_ALDOSTERONE_SIGNALING_PATHWAY;fgsea_msigdb_C2_CP_KEGG_MEDICUS_entrez:KEGG_MEDICUS_VARIANT_MUTATION_INACTIVATED_ATP2B3_TO_ANGIOTENSIN_ALDOSTERONE_SIGNALING_PATHWAY	term_jaccard_cc	term_jaccard_cc	term_jaccard_cc	2	0.02	15	2	ad93655872f3	e2db89f2fb92	79249bcbb6c7	0.921875	19	19	term_survival:min
M7fafc5fca308	24	1	2	['3265', '9252']	['fgsea_msigdb_C2_CP_KEGG_MEDICUS_entrez:KEGG_MEDICUS_VARIANT_MUTATION_ACTIVATED_FGFR3_TO_RAS_ERK_SIGNALING_PATHWAY']	3265;9252	fgsea_msigdb_C2_CP_KEGG_MEDICUS_entrez:KEGG_MEDICUS_VARIANT_MUTATION_ACTIVATED_FGFR3_TO_RAS_ERK_SIGNALING_PATHWAY	term_jaccard_cc	term_jaccard_cc	term_jaccard_cc	2	0.02	15	2	c3c9175401cb	ffdb0661ede5	7fafc5fca308	0.875	1	1	term_survival:min
M82df61aa46f5	25	1	1	['7039']	['fgsea_msigdb_C2_CP_KEGG_MEDICUS_entrez:KEGG_MEDICUS_REFERENCE_TGFA_EGFR_RAS_ERK_SIGNALING_PATHWAY']	7039	fgsea_msigdb_C2_CP_KEGG_MEDICUS_entrez:KEGG_MEDICUS_REFERENCE_TGFA_EGFR_RAS_ERK_SIGNALING_PATHWAY	term_jaccard_cc	term_jaccard_cc	term_jaccard_cc	2	0.02	15	2	6b09f855d8fd	e48af3c3a2f5	82df61aa46f5	0.96875	1	1	term_survival:min
M882b5b76586d	26	3	11	['7189', '10454', '8737', '5599', '7186', '9252', '3553', '3554', '3556', '7132']	['fgsea_msigdb_C2_CP_KEGG_MEDICUS_entrez:KEGG_MEDICUS_REFERENCE_IL1_IL1R_JNK_SIGNALING_PATHWAY', 'fgsea_msigdb_C2_CP_KEGG_MEDICUS_entrez:KEGG_MEDICUS_REFERENCE_TNF_JNK_SIGNALING_PATHWAY', 'fgsea_msigdb_C2_CP_KEGG_MEDICUS_entrez:KEGG_MEDICUS_REFERENCE_TNF_P38_SIGNALING_PATHWAY']	7189;10454;8737;5599;7186;9252;3553;3554;3556;7132	fgsea_msigdb_C2_CP_KEGG_MEDICUS_entrez:KEGG_MEDICUS_REFERENCE_IL1_IL1R_JNK_SIGNALING_PATHWAY;fgsea_msigdb_C2_CP_KEGG_MEDICUS_entrez:KEGG_MEDICUS_REFERENCE_TNF_JNK_SIGNALING_PATHWAY;fgsea_msigdb_C2_CP_KEGG_MEDICUS_entrez:KEGG_MEDICUS_REFERENCE_TNF_P38_SIGNALING_PATHWAY	term_jaccard_cc	term_jaccard_cc	term_jaccard_cc	2	0.02	15	2	b74bca152444	62c65329cf8b	882b5b76586d	0.859375	3	3	term_survival:min
M8e2b218aa2ca	27	1	3	['1869', '2033', '896']	['fgsea_msigdb_C2_CP_KEGG_MEDICUS_entrez:KEGG_MEDICUS_REFERENCE_P300_P21_CELL_CYCLE_G1_S']	1869;2033;896	fgsea_msigdb_C2_CP_KEGG_MEDICUS_entrez:KEGG_MEDICUS_REFERENCE_P300_P21_CELL_CYCLE_G1_S	term_jaccard_cc	term_jaccard_cc	term_jaccard_cc	2	0.02	15	2	c924310bf1e0	ce45fb55475b	8e2b218aa2ca	0.9375	1	1	term_survival:min
M929c608c5973	28	3	12	['2940', '2944', '2948', '2952', '2953', '4257', '4259', '1545', '196', '3162']	['fgsea_msigdb_C2_CP_KEGG_MEDICUS_entrez:KEGG_MEDICUS_ENV_FACTOR_DCE_TO_DNA_ADDUCTS', 'fgsea_msigdb_C2_CP_KEGG_MEDICUS_entrez:KEGG_MEDICUS_ENV_FACTOR_TCDD_TO_AHR_SIGNALING_PATHWAY', 'fgsea_msigdb_C2_CP_KEGG_MEDICUS_entrez:KEGG_MEDICUS_REFERENCE_KEAP1_NRF2_SIGNALING_PATHWAY']	2940;2944;2948;2952;2953;4257;4259;1545;196;3162	fgsea_msigdb_C2_CP_KEGG_MEDICUS_entrez:KEGG_MEDICUS_ENV_FACTOR_DCE_TO_DNA_ADDUCTS;fgsea_msigdb_C2_CP_KEGG_MEDICUS_entrez:KEGG_MEDICUS_ENV_FACTOR_TCDD_TO_AHR_SIGNALING_PATHWAY;fgsea_msigdb_C2_CP_KEGG_MEDICUS_entrez:KEGG_MEDICUS_REFERENCE_KEAP1_NRF2_SIGNALING_PATHWAY	term_jaccard_cc	term_jaccard_cc	term_jaccard_cc	2	0.02	15	2	0270fcb1400c	84b5fdca11f5	929c608c5973	0.96875	3	3	term_survival:min
M95eccedf4d74	29	1	1	['374']	['fgsea_msigdb_C2_CP_KEGG_MEDICUS_entrez:KEGG_MEDICUS_REFERENCE_AREG_EGFR_RAS_ERK_SIGNALING_PATHWAY']	374	fgsea_msigdb_C2_CP_KEGG_MEDICUS_entrez:KEGG_MEDICUS_REFERENCE_AREG_EGFR_RAS_ERK_SIGNALING_PATHWAY	term_jaccard_cc	term_jaccard_cc	term_jaccard_cc	2	0.02	15	2	e06088f379dd	01299ac65733	95eccedf4d74	1.0	1	1	term_survival:min
M9b4f743cf838	30	4	6	['7474', '10023', '324', '7976', '8322', '8323']	['fgsea_msigdb_C2_CP_KEGG_MEDICUS_entrez:KEGG_MEDICUS_REFERENCE_WNT5A_ROR_SIGNALING_PATHWAY', 'fgsea_msigdb_C2_CP_KEGG_MEDICUS_entrez:KEGG_MEDICUS_REFERENCE_WNT_SIGNALING_PATHWAY', 'fgsea_msigdb_C2_CP_KEGG_MEDICUS_entrez:KEGG_MEDICUS_VARIANT_FZD7_OVEREXPRESSION_TO_WNT_SIGNALING_PATHWAY', 'fgsea_msigdb_C2_CP_KEGG_MEDICUS_entrez:KEGG_MEDICUS_VARIANT_LRP6_OVEREXPRESSION_TO_WNT_SIGNALING_PATHWAY']	7474;10023;324;7976;8322;8323	fgsea_msigdb_C2_CP_KEGG_MEDICUS_entrez:KEGG_MEDICUS_REFERENCE_WNT5A_ROR_SIGNALING_PATHWAY;fgsea_msigdb_C2_CP_KEGG_MEDICUS_entrez:KEGG_MEDICUS_REFERENCE_WNT_SIGNALING_PATHWAY;fgsea_msigdb_C2_CP_KEGG_MEDICUS_entrez:KEGG_MEDICUS_VARIANT_FZD7_OVEREXPRESSION_TO_WNT_SIGNALING_PATHWAY;fgsea_msigdb_C2_CP_KEGG_MEDICUS_entrez:KEGG_MEDICUS_VARIANT_LRP6_OVEREXPRESSION_TO_WNT_SIGNALING_PATHWAY	term_jaccard_cc	term_jaccard_cc	term_jaccard_cc	2	0.02	15	2	3e50b0b8e61b	b8ca017ae841	9b4f743cf838	0.875	4	4	term_survival:min
Ma1676e683c48	31	1	1	['2322']	['fgsea_msigdb_C2_CP_KEGG_MEDICUS_entrez:KEGG_MEDICUS_REFERENCE_FLT3LG_FLT3_RAS_ERK_SIGNALING_PATHWAY']	2322	fgsea_msigdb_C2_CP_KEGG_MEDICUS_entrez:KEGG_MEDICUS_REFERENCE_FLT3LG_FLT3_RAS_ERK_SIGNALING_PATHWAY	term_jaccard_cc	term_jaccard_cc	term_jaccard_cc	2	0.02	15	2	cf92c855baa8	63c5cd559eaf	a1676e683c48	0.953125	1	1	term_survival:min
Ma5ad6a44903e	32	1	3	['3725', '5602', '5603']	['fgsea_msigdb_C2_CP_KEGG_MEDICUS_entrez:KEGG_MEDICUS_REFERENCE_TLR2_4_MAPK_SIGNALING_PATHWAY']	3725;5602;5603	fgsea_msigdb_C2_CP_KEGG_MEDICUS_entrez:KEGG_MEDICUS_REFERENCE_TLR2_4_MAPK_SIGNALING_PATHWAY	term_jaccard_cc	term_jaccard_cc	term_jaccard_cc	2	0.02	15	2	6f74380d9dc3	ff5ad70c6f54	a5ad6a44903e	0.9375	1	1	term_survival:min
Mad6ceae9e865	33	1	6	['5602', '1843', '1844', '1845', '1849', '5778']	['fgsea_msigdb_C2_CP_KEGG_MEDICUS_entrez:KEGG_MEDICUS_REFERENCE_REGULATION_OF_GF_RTK_RAS_ERK_SIGNALING_PTP']	5602;1843;1844;1845;1849;5778	fgsea_msigdb_C2_CP_KEGG_MEDICUS_entrez:KEGG_MEDICUS_REFERENCE_REGULATION_OF_GF_RTK_RAS_ERK_SIGNALING_PTP	term_jaccard_cc	term_jaccard_cc	term_jaccard_cc	2	0.02	15	2	ee0e0ad5bb43	9f6b0c4d8e97	ad6ceae9e865	0.796875	1	1	term_survival:min
Mb61f2d654b49	34	1	1	['4233']	['fgsea_msigdb_C2_CP_KEGG_MEDICUS_entrez:KEGG_MEDICUS_VARIANT_MUTATION_ACTIVATED_MET_TO_RAS_ERK_SIGNALING_PATHWAY']	4233	fgsea_msigdb_C2_CP_KEGG_MEDICUS_entrez:KEGG_MEDICUS_VARIANT_MUTATION_ACTIVATED_MET_TO_RAS_ERK_SIGNALING_PATHWAY	term_jaccard_cc	term_jaccard_cc	term_jaccard_cc	2	0.02	15	2	602c9f969efb	ea4284b8fb98	b61f2d654b49	0.9375	1	1	term_survival:min
Mb6bb254ea54c	35	2	6	['3108', '3111', '3112', '3118', '3125', '972']	['fgsea_msigdb_C2_CP_KEGG_MEDICUS_entrez:KEGG_MEDICUS_PATHOGEN_HTLV_1_TAX_TO_NFY_MEDIATED_TRANSCRIPTION', 'fgsea_msigdb_C2_CP_KEGG_MEDICUS_entrez:KEGG_MEDICUS_REFERENCE_ANTIGEN_PROCESSING_AND_PRESENTATION_BY_MHC_CLASS_II_MOLECULES']	3108;3111;3112;3118;3125;972	fgsea_msigdb_C2_CP_KEGG_MEDICUS_entrez:KEGG_MEDICUS_PATHOGEN_HTLV_1_TAX_TO_NFY_MEDIATED_TRANSCRIPTION;fgsea_msigdb_C2_CP_KEGG_MEDICUS_entrez:KEGG_MEDICUS_REFERENCE_ANTIGEN_PROCESSING_AND_PRESENTATION_BY_MHC_CLASS_II_MOLECULES	term_jaccard_cc	term_jaccard_cc	term_jaccard_cc	2	0.02	15	2	e97c141abb34	be4e6502d8a4	b6bb254ea54c	0.84375	2	2	term_survival:min
Mb85c3961d12f	36	1	19	['3921', '6130', '6142', '6144', '6154', '6156', '6157', '6158', '6160', '6181']	['fgsea_msigdb_C2_CP_KEGG_MEDICUS_entrez:KEGG_MEDICUS_REFERENCE_TRANSLATION_INITIATION']	3921;6130;6142;6144;6154;6156;6157;6158;6160;6181	fgsea_msigdb_C2_CP_KEGG_MEDICUS_entrez:KEGG_MEDICUS_REFERENCE_TRANSLATION_INITIATION	term_jaccard_cc	term_jaccard_cc	term_jaccard_cc	2	0.02	15	2	629daac24b04	2d863c152a76	b85c3961d12f	0.828125	1	1	term_survival:min
Mb8c536baf5eb	37	11	36	['5426', '4171', '6119', '2965', '2966', '2968', '4175', '4176', '5982', '1022']	['fgsea_msigdb_C2_CP_KEGG_MEDICUS_entrez:KEGG_MEDICUS_REFERENCE_CORE_NER_REACTION', 'fgsea_msigdb_C2_CP_KEGG_MEDICUS_entrez:KEGG_MEDICUS_REFERENCE_DNA_REPLICATION_LICENSING', 'fgsea_msigdb_C2_CP_KEGG_MEDICUS_entrez:KEGG_MEDICUS_REFERENCE_DNA_REPLICATION_TERMINATION', 'fgsea_msigdb_C2_CP_KEGG_MEDICUS_entrez:KEGG_MEDICUS_REFERENCE_GENE_SILENCING_BY_METHYLATION_OF_H3K27_AND_UBIQUITINATION_OF_H2AK119', 'fgsea_msigdb_C2_CP_KEGG_MEDICUS_entrez:KEGG_MEDICUS_REFERENCE_GLOBAL_GENOME_NER', 'fgsea_msigdb_C2_CP_KEGG_MEDICUS_entrez:KEGG_MEDICUS_REFERENCE_HOMOLOGOUS_RECOMBINATION', 'fgsea_msigdb_C2_CP_KEGG_MEDICUS_entrez:KEGG_MEDICUS_REFERENCE_MISMATCH_REPAIR', 'fgsea_msigdb_C2_CP_KEGG_MEDICUS_entrez:KEGG_MEDICUS_REFERENCE_ORIGIN_UNWINDING_AND_ELONGATION', 'fgsea_msigdb_C2_CP_KEGG_MEDICUS_entrez:KEGG_MEDICUS_REFERENCE_PRE_IC_FORMATION', 'fgsea_msigdb_C2_CP_KEGG_MEDICUS_entrez:KEGG_MEDICUS_REFERENCE_TRANSCRIPTION_COUPLED_NER', 'fgsea_msigdb_C2_CP_KEGG_MEDICUS_entrez:KEGG_MEDICUS_VARIANT_IGH_MMSET_FUSION_TO_TRANSCRIPTIONAL_ACTIVATION']	5426;4171;6119;2965;2966;2968;4175;4176;5982;1022	fgsea_msigdb_C2_CP_KEGG_MEDICUS_entrez:KEGG_MEDICUS_REFERENCE_CORE_NER_REACTION;fgsea_msigdb_C2_CP_KEGG_MEDICUS_entrez:KEGG_MEDICUS_REFERENCE_DNA_REPLICATION_LICENSING;fgsea_msigdb_C2_CP_KEGG_MEDICUS_entrez:KEGG_MEDICUS_REFERENCE_DNA_REPLICATION_TERMINATION;fgsea_msigdb_C2_CP_KEGG_MEDICUS_entrez:KEGG_MEDICUS_REFERENCE_GENE_SILENCING_BY_METHYLATION_OF_H3K27_AND_UBIQUITINATION_OF_H2AK119;fgsea_msigdb_C2_CP_KEGG_MEDICUS_entrez:KEGG_MEDICUS_REFERENCE_GLOBAL_GENOME_NER;fgsea_msigdb_C2_CP_KEGG_MEDICUS_entrez:KEGG_MEDICUS_REFERENCE_HOMOLOGOUS_RECOMBINATION;fgsea_msigdb_C2_CP_KEGG_MEDICUS_entrez:KEGG_MEDICUS_REFERENCE_MISMATCH_REPAIR;fgsea_msigdb_C2_CP_KEGG_MEDICUS_entrez:KEGG_MEDICUS_REFERENCE_ORIGIN_UNWINDING_AND_ELONGATION;fgsea_msigdb_C2_CP_KEGG_MEDICUS_entrez:KEGG_MEDICUS_REFERENCE_PRE_IC_FORMATION;fgsea_msigdb_C2_CP_KEGG_MEDICUS_entrez:KEGG_MEDICUS_REFERENCE_TRANSCRIPTION_COUPLED_NER;fgsea_msigdb_C2_CP_KEGG_MEDICUS_entrez:KEGG_MEDICUS_VARIANT_IGH_MMSET_FUSION_TO_TRANSCRIPTIONAL_ACTIVATION	term_jaccard_cc	term_jaccard_cc	term_jaccard_cc	2	0.02	15	2	77c08c4f5693	68e0214a5f5e	b8c536baf5eb	0.8125	11	11	term_survival:min
Mb8de3157a643	38	1	3	['2057', '2689', '3952']	['fgsea_msigdb_C2_CP_KEGG_MEDICUS_entrez:KEGG_MEDICUS_REFERENCE_HORMONE_LIKE_CYTOKINE_TO_JAK_STAT_SIGNALING_PATHWAY']	2057;2689;3952	fgsea_msigdb_C2_CP_KEGG_MEDICUS_entrez:KEGG_MEDICUS_REFERENCE_HORMONE_LIKE_CYTOKINE_TO_JAK_STAT_SIGNALING_PATHWAY	term_jaccard_cc	term_jaccard_cc	term_jaccard_cc	2	0.02	15	2	1de7dd2e646a	941aaa3f0d60	b8de3157a643	0.96875	1	1	term_survival:min
Mc6a222d49555	39	1	4	['6647', '11258', '1769', '8701']	['fgsea_msigdb_C2_CP_KEGG_MEDICUS_entrez:KEGG_MEDICUS_VARIANT_MUTATION_CAUSED_ABERRANT_SOD1_TO_RETROGRADE_AXONAL_TRANSPORT']	6647;11258;1769;8701	fgsea_msigdb_C2_CP_KEGG_MEDICUS_entrez:KEGG_MEDICUS_VARIANT_MUTATION_CAUSED_ABERRANT_SOD1_TO_RETROGRADE_AXONAL_TRANSPORT	term_jaccard_cc	term_jaccard_cc	term_jaccard_cc	2	0.02	15	2	217d7258e81b	bd82e61a67f7	c6a222d49555	0.96875	1	1	term_survival:min
Md40afdb63194	40	1	2	['3265', '2069']	['fgsea_msigdb_C2_CP_KEGG_MEDICUS_entrez:KEGG_MEDICUS_REFERENCE_EREG_EGFR_RAS_ERK_SIGNALING_PATHWAY']	3265;2069	fgsea_msigdb_C2_CP_KEGG_MEDICUS_entrez:KEGG_MEDICUS_REFERENCE_EREG_EGFR_RAS_ERK_SIGNALING_PATHWAY	term_jaccard_cc	term_jaccard_cc	term_jaccard_cc	2	0.02	15	2	610282b69735	b81f833456dc	d40afdb63194	0.796875	1	1	term_survival:min
Mda6667252b03	41	1	6	['4149', '10138', '11091', '3066', '6045', '7027']	['fgsea_msigdb_C2_CP_KEGG_MEDICUS_entrez:KEGG_MEDICUS_REFERENCE_ACTIVATION_OF_PRC2.2_BY_UBIQUITINATION_OF_H2AK119_IN_GERMLINE_GENES']	4149;10138;11091;3066;6045;7027	fgsea_msigdb_C2_CP_KEGG_MEDICUS_entrez:KEGG_MEDICUS_REFERENCE_ACTIVATION_OF_PRC2.2_BY_UBIQUITINATION_OF_H2AK119_IN_GERMLINE_GENES	term_jaccard_cc	term_jaccard_cc	term_jaccard_cc	2	0.02	15	2	eb318b5cd44f	3dd8f2299d1a	da6667252b03	0.890625	1	1	term_survival:min
Mdc1928192952	42	51	121	['2782', '2783', '2785', '2786', '2787', '2788', '2792', '3265', '3449', '4790']	['fgsea_msigdb_C2_CP_KEGG_MEDICUS_entrez:KEGG_MEDICUS_ENV_FACTOR_NNK_NNN_TO_RAS_ERK_SIGNALING_PATHWAY', 'fgsea_msigdb_C2_CP_KEGG_MEDICUS_entrez:KEGG_MEDICUS_PATHOGEN_HCMV_UL33_TO_GNB_G_RHO_SIGNALING_PATHWAY', 'fgsea_msigdb_C2_CP_KEGG_MEDICUS_entrez:KEGG_MEDICUS_PATHOGEN_HCMV_US28_TO_GNB_G_PI3K_NFKB_SIGNALING_PATHWAY', 'fgsea_msigdb_C2_CP_KEGG_MEDICUS_entrez:KEGG_MEDICUS_PATHOGEN_HIV_GP120_TO_CXCR4_GNB_G_RAC_SIGNALING_PATHWAY', 'fgsea_msigdb_C2_CP_KEGG_MEDICUS_entrez:KEGG_MEDICUS_PATHOGEN_HIV_TAT_TO_TLR2_4_NFKB_SIGNALING_PATHWAY', 'fgsea_msigdb_C2_CP_KEGG_MEDICUS_entrez:KEGG_MEDICUS_PATHOGEN_KSHV_VGPCR_TO_GNB_G_ERK_SIGNALING_PATHWAY', 'fgsea_msigdb_C2_CP_KEGG_MEDICUS_entrez:KEGG_MEDICUS_PATHOGEN_KSHV_VGPCR_TO_GNB_G_PI3K_AKT_SIGNALING_PATHWAY', 'fgsea_msigdb_C2_CP_KEGG_MEDICUS_entrez:KEGG_MEDICUS_PATHOGEN_KSHV_VGPCR_TO_GNB_G_PI3K_JNK_SIGNALING_PATHWAY', 'fgsea_msigdb_C2_CP_KEGG_MEDICUS_entrez:KEGG_MEDICUS_PATHOGEN_SALMONELLA_SOPB_TO_ARNO_ARF_ACTB_G_SIGNALING_PATHWAY', 'fgsea_msigdb_C2_CP_KEGG_MEDICUS_entrez:KEGG_MEDICUS_PATHOGEN_SALMONELLA_SOPE_TO_RAC_SIGNALING_PATHWAY', 'fgsea_msigdb_C2_CP_KEGG_MEDICUS_entrez:KEGG_MEDICUS_PATHOGEN_SHIGELLA_IPGD_TO_ARNO_ARF_ACTB_G_SIGNALING_PATHWAY', 'fgsea_msigdb_C2_CP_KEGG_MEDICUS_entrez:KEGG_MEDICUS_REFERENCE_AGE_RAGE_SIGNALING_PATHWAY', 'fgsea_msigdb_C2_CP_KEGG_MEDICUS_entrez:KEGG_MEDICUS_REFERENCE_ARNO_ARF_ACTB_G_SIGNALING_PATHWAY', 'fgsea_msigdb_C2_CP_KEGG_MEDICUS_entrez:KEGG_MEDICUS_REFERENCE_CCR2_GNB_G_PI3K_NFKB_SIGNALING_PATHWAY', 'fgsea_msigdb_C2_CP_KEGG_MEDICUS_entrez:KEGG_MEDICUS_REFERENCE_CCR5_GNB_G_PLCB_G_PKC_SIGNALING_PATHWAY', 'fgsea_msigdb_C2_CP_KEGG_MEDICUS_entrez:KEGG_MEDICUS_REFERENCE_CCR_CXCR_GNB_G_PI3K_RAC_SIGNALING_PATHWAY', 'fgsea_msigdb_C2_CP_KEGG_MEDICUS_entrez:KEGG_MEDICUS_REFERENCE_CGAS_STING_SIGNALING_PATHWAY', 'fgsea_msigdb_C2_CP_KEGG_MEDICUS_entrez:KEGG_MEDICUS_REFERENCE_CXCR4_GNB_G_PLCB_PKC_SIGNALING_PATHWAY', 'fgsea_msigdb_C2_CP_KEGG_MEDICUS_entrez:KEGG_MEDICUS_REFERENCE_CXCR4_GNB_G_RAC_SIGNALING_PATHWAY', 'fgsea_msigdb_C2_CP_KEGG_MEDICUS_entrez:KEGG_MEDICUS_REFERENCE_CXCR_GNB_G_ERK_SIGNALING_PATHWAY', 'fgsea_msigdb_C2_CP_KEGG_MEDICUS_entrez:KEGG_MEDICUS_REFERENCE_CXCR_GNB_G_PI3K_AKT_SIGNALING_PATHWAY', 'fgsea_msigdb_C2_CP_KEGG_MEDICUS_entrez:KEGG_MEDICUS_REFERENCE_CYTOKINE_JAK_STAT_SIGNALING_PATHWAY', 'fgsea_msigdb_C2_CP_KEGG_MEDICUS_entrez:KEGG_MEDICUS_REFERENCE_EGF_EGFR_ACTIN_SIGNALING_PATHWAY', 'fgsea_msigdb_C2_CP_KEGG_MEDICUS_entrez:KEGG_MEDICUS_REFERENCE_EGF_EGFR_RAS_PI3K_SIGNALING_PATHWAY', 'fgsea_msigdb_C2_CP_KEGG_MEDICUS_entrez:KEGG_MEDICUS_REFERENCE_FLT3LG_FLT3_RAS_PI3K_SIGNALING_PATHWAY', 'fgsea_msigdb_C2_CP_KEGG_MEDICUS_entrez:KEGG_MEDICUS_REFERENCE_GPCR_PI3K_SIGNALING_PATHWAY', 'fgsea_msigdb_C2_CP_KEGG_MEDICUS_entrez:KEGG_MEDICUS_REFERENCE_IFN_RIPK1_3_SIGNALING_PATHWAY', 'fgsea_msigdb_C2_CP_KEGG_MEDICUS_entrez:KEGG_MEDICUS_REFERENCE_IL2_FAMILY_TO_JAK_STAT_SIGNALING_PATHWAY', 'fgsea_msigdb_C2_CP_KEGG_MEDICUS_entrez:KEGG_MEDICUS_REFERENCE_IL6_FAMILY_TO_JAK_STAT_SIGNALING_PATHWAY', 'fgsea_msigdb_C2_CP_KEGG_MEDICUS_entrez:KEGG_MEDICUS_REFERENCE_ITGA_B_FAK_CDC42_SIGNALING_PATHWAY', 'fgsea_msigdb_C2_CP_KEGG_MEDICUS_entrez:KEGG_MEDICUS_REFERENCE_ITGA_B_FAK_RAC_SIGNALING_PATHWAY', 'fgsea_msigdb_C2_CP_KEGG_MEDICUS_entrez:KEGG_MEDICUS_REFERENCE_ITGA_B_RHOGAP_RHOA_SIGNALING_PATHWAY', 'fgsea_msigdb_C2_CP_KEGG_MEDICUS_entrez:KEGG_MEDICUS_REFERENCE_ITGA_B_RHOGEF_RHOA_SIGNALING_PATHWAY', 'fgsea_msigdb_C2_CP_KEGG_MEDICUS_entrez:KEGG_MEDICUS_REFERENCE_ITGA_B_RHOG_RAC_SIGNALING_PATHWAY', 'fgsea_msigdb_C2_CP_KEGG_MEDICUS_entrez:KEGG_MEDICUS_REFERENCE_ITGA_B_TALIN_VINCULIN_SIGNALING_PATHWAY', 'fgsea_msigdb_C2_CP_KEGG_MEDICUS_entrez:KEGG_MEDICUS_REFERENCE_LPAR_GNB_G_RHO_SIGNALING_PATHWAY', 'fgsea_msigdb_C2_CP_KEGG_MEDICUS_entrez:KEGG_MEDICUS_REFERENCE_MDA5_IRF7_3_SIGNALING_PATHWAY', 'fgsea_msigdb_C2_CP_KEGG_MEDICUS_entrez:KEGG_MEDICUS_REFERENCE_PDGF_PDGFR_PLCG_CAMK_SIGNALING_PATHWAY', 'fgsea_msigdb_C2_CP_KEGG_MEDICUS_entrez:KEGG_MEDICUS_REFERENCE_PDGF_PDGFR_RAS_ERK_SIGNALING_PATHWAY', 'fgsea_msigdb_C2_CP_KEGG_MEDICUS_entrez:KEGG_MEDICUS_REFERENCE_PRNP_PI3K_NOX2_SIGNALING_PATHWAY', 'fgsea_msigdb_C2_CP_KEGG_MEDICUS_entrez:KEGG_MEDICUS_REFERENCE_RELN_VLDLR_PI3K_SIGNALING_PATHWAY', 'fgsea_msigdb_C2_CP_KEGG_MEDICUS_entrez:KEGG_MEDICUS_REFERENCE_RIG_I_IRF7_3_SIGNALING_PATHWAY', 'fgsea_msigdb_C2_CP_KEGG_MEDICUS_entrez:KEGG_MEDICUS_REFERENCE_RIG_I_NFKB_SIGNALING_PATHWAY', 'fgsea_msigdb_C2_CP_KEGG_MEDICUS_entrez:KEGG_MEDICUS_REFERENCE_TIGHT_JUNCTION_ACTIN_SIGNALING_PATHWAY', 'fgsea_msigdb_C2_CP_KEGG_MEDICUS_entrez:KEGG_MEDICUS_REFERENCE_TLR1_2_4_NFKB_SIGNALING_PATHWAY', 'fgsea_msigdb_C2_CP_KEGG_MEDICUS_entrez:KEGG_MEDICUS_REFERENCE_TLR5_NFKB_SIGNALING_PATHWAY', 'fgsea_msigdb_C2_CP_KEGG_MEDICUS_entrez:KEGG_MEDICUS_REFERENCE_TLR7_8_9_IRF5_SIGNALING_PATHWAY', 'fgsea_msigdb_C2_CP_KEGG_MEDICUS_entrez:KEGG_MEDICUS_REFERENCE_TYPE_I_IFN_SIGNALING_PATHWAY', 'fgsea_msigdb_C2_CP_KEGG_MEDICUS_entrez:KEGG_MEDICUS_REFERENCE_TYPE_I_INTERFERON_TO_JAK_STAT_SIGNALING_PATHWAY', 'fgsea_msigdb_C2_CP_KEGG_MEDICUS_entrez:KEGG_MEDICUS_VARIANT_IGF2_OVEREXPRESSION_TO_RAS_ERK_SIGNALING_PATHWAY', 'fgsea_msigdb_C2_CP_KEGG_MEDICUS_entrez:KEGG_MEDICUS_VARIANT_MUTATION_CAUSED_ABERRANT_ABETA_TO_AGE_RAGE_SIGNALING_PATHWAY']	2782;2783;2785;2786;2787;2788;2792;3265;3449;4790	fgsea_msigdb_C2_CP_KEGG_MEDICUS_entrez:KEGG_MEDICUS_ENV_FACTOR_NNK_NNN_TO_RAS_ERK_SIGNALING_PATHWAY;fgsea_msigdb_C2_CP_KEGG_MEDICUS_entrez:KEGG_MEDICUS_PATHOGEN_HCMV_UL33_TO_GNB_G_RHO_SIGNALING_PATHWAY;fgsea_msigdb_C2_CP_KEGG_MEDICUS_entrez:KEGG_MEDICUS_PATHOGEN_HCMV_US28_TO_GNB_G_PI3K_NFKB_SIGNALING_PATHWAY;fgsea_msigdb_C2_CP_KEGG_MEDICUS_entrez:KEGG_MEDICUS_PATHOGEN_HIV_GP120_TO_CXCR4_GNB_G_RAC_SIGNALING_PATHWAY;fgsea_msigdb_C2_CP_KEGG_MEDICUS_entrez:KEGG_MEDICUS_PATHOGEN_HIV_TAT_TO_TLR2_4_NFKB_SIGNALING_PATHWAY;fgsea_msigdb_C2_CP_KEGG_MEDICUS_entrez:KEGG_MEDICUS_PATHOGEN_KSHV_VGPCR_TO_GNB_G_ERK_SIGNALING_PATHWAY;fgsea_msigdb_C2_CP_KEGG_MEDICUS_entrez:KEGG_MEDICUS_PATHOGEN_KSHV_VGPCR_TO_GNB_G_PI3K_AKT_SIGNALING_PATHWAY;fgsea_msigdb_C2_CP_KEGG_MEDICUS_entrez:KEGG_MEDICUS_PATHOGEN_KSHV_VGPCR_TO_GNB_G_PI3K_JNK_SIGNALING_PATHWAY;fgsea_msigdb_C2_CP_KEGG_MEDICUS_entrez:KEGG_MEDICUS_PATHOGEN_SALMONELLA_SOPB_TO_ARNO_ARF_ACTB_G_SIGNALING_PATHWAY;fgsea_msigdb_C2_CP_KEGG_MEDICUS_entrez:KEGG_MEDICUS_PATHOGEN_SALMONELLA_SOPE_TO_RAC_SIGNALING_PATHWAY;fgsea_msigdb_C2_CP_KEGG_MEDICUS_entrez:KEGG_MEDICUS_PATHOGEN_SHIGELLA_IPGD_TO_ARNO_ARF_ACTB_G_SIGNALING_PATHWAY;fgsea_msigdb_C2_CP_KEGG_MEDICUS_entrez:KEGG_MEDICUS_REFERENCE_AGE_RAGE_SIGNALING_PATHWAY;fgsea_msigdb_C2_CP_KEGG_MEDICUS_entrez:KEGG_MEDICUS_REFERENCE_ARNO_ARF_ACTB_G_SIGNALING_PATHWAY;fgsea_msigdb_C2_CP_KEGG_MEDICUS_entrez:KEGG_MEDICUS_REFERENCE_CCR2_GNB_G_PI3K_NFKB_SIGNALING_PATHWAY;fgsea_msigdb_C2_CP_KEGG_MEDICUS_entrez:KEGG_MEDICUS_REFERENCE_CCR5_GNB_G_PLCB_G_PKC_SIGNALING_PATHWAY;fgsea_msigdb_C2_CP_KEGG_MEDICUS_entrez:KEGG_MEDICUS_REFERENCE_CCR_CXCR_GNB_G_PI3K_RAC_SIGNALING_PATHWAY;fgsea_msigdb_C2_CP_KEGG_MEDICUS_entrez:KEGG_MEDICUS_REFERENCE_CGAS_STING_SIGNALING_PATHWAY;fgsea_msigdb_C2_CP_KEGG_MEDICUS_entrez:KEGG_MEDICUS_REFERENCE_CXCR4_GNB_G_PLCB_PKC_SIGNALING_PATHWAY;fgsea_msigdb_C2_CP_KEGG_MEDICUS_entrez:KEGG_MEDICUS_REFERENCE_CXCR4_GNB_G_RAC_SIGNALING_PATHWAY;fgsea_msigdb_C2_CP_KEGG_MEDICUS_entrez:KEGG_MEDICUS_REFERENCE_CXCR_GNB_G_ERK_SIGNALING_PATHWAY;fgsea_msigdb_C2_CP_KEGG_MEDICUS_entrez:KEGG_MEDICUS_REFERENCE_CXCR_GNB_G_PI3K_AKT_SIGNALING_PATHWAY;fgsea_msigdb_C2_CP_KEGG_MEDICUS_entrez:KEGG_MEDICUS_REFERENCE_CYTOKINE_JAK_STAT_SIGNALING_PATHWAY;fgsea_msigdb_C2_CP_KEGG_MEDICUS_entrez:KEGG_MEDICUS_REFERENCE_EGF_EGFR_ACTIN_SIGNALING_PATHWAY;fgsea_msigdb_C2_CP_KEGG_MEDICUS_entrez:KEGG_MEDICUS_REFERENCE_EGF_EGFR_RAS_PI3K_SIGNALING_PATHWAY;fgsea_msigdb_C2_CP_KEGG_MEDICUS_entrez:KEGG_MEDICUS_REFERENCE_FLT3LG_FLT3_RAS_PI3K_SIGNALING_PATHWAY;fgsea_msigdb_C2_CP_KEGG_MEDICUS_entrez:KEGG_MEDICUS_REFERENCE_GPCR_PI3K_SIGNALING_PATHWAY;fgsea_msigdb_C2_CP_KEGG_MEDICUS_entrez:KEGG_MEDICUS_REFERENCE_IFN_RIPK1_3_SIGNALING_PATHWAY;fgsea_msigdb_C2_CP_KEGG_MEDICUS_entrez:KEGG_MEDICUS_REFERENCE_IL2_FAMILY_TO_JAK_STAT_SIGNALING_PATHWAY;fgsea_msigdb_C2_CP_KEGG_MEDICUS_entrez:KEGG_MEDICUS_REFERENCE_IL6_FAMILY_TO_JAK_STAT_SIGNALING_PATHWAY;fgsea_msigdb_C2_CP_KEGG_MEDICUS_entrez:KEGG_MEDICUS_REFERENCE_ITGA_B_FAK_CDC42_SIGNALING_PATHWAY;fgsea_msigdb_C2_CP_KEGG_MEDICUS_entrez:KEGG_MEDICUS_REFERENCE_ITGA_B_FAK_RAC_SIGNALING_PATHWAY;fgsea_msigdb_C2_CP_KEGG_MEDICUS_entrez:KEGG_MEDICUS_REFERENCE_ITGA_B_RHOGAP_RHOA_SIGNALING_PATHWAY;fgsea_msigdb_C2_CP_KEGG_MEDICUS_entrez:KEGG_MEDICUS_REFERENCE_ITGA_B_RHOGEF_RHOA_SIGNALING_PATHWAY;fgsea_msigdb_C2_CP_KEGG_MEDICUS_entrez:KEGG_MEDICUS_REFERENCE_ITGA_B_RHOG_RAC_SIGNALING_PATHWAY;fgsea_msigdb_C2_CP_KEGG_MEDICUS_entrez:KEGG_MEDICUS_REFERENCE_ITGA_B_TALIN_VINCULIN_SIGNALING_PATHWAY;fgsea_msigdb_C2_CP_KEGG_MEDICUS_entrez:KEGG_MEDICUS_REFERENCE_LPAR_GNB_G_RHO_SIGNALING_PATHWAY;fgsea_msigdb_C2_CP_KEGG_MEDICUS_entrez:KEGG_MEDICUS_REFERENCE_MDA5_IRF7_3_SIGNALING_PATHWAY;fgsea_msigdb_C2_CP_KEGG_MEDICUS_entrez:KEGG_MEDICUS_REFERENCE_PDGF_PDGFR_PLCG_CAMK_SIGNALING_PATHWAY;fgsea_msigdb_C2_CP_KEGG_MEDICUS_entrez:KEGG_MEDICUS_REFERENCE_PDGF_PDGFR_RAS_ERK_SIGNALING_PATHWAY;fgsea_msigdb_C2_CP_KEGG_MEDICUS_entrez:KEGG_MEDICUS_REFERENCE_PRNP_PI3K_NOX2_SIGNALING_PATHWAY;fgsea_msigdb_C2_CP_KEGG_MEDICUS_entrez:KEGG_MEDICUS_REFERENCE_RELN_VLDLR_PI3K_SIGNALING_PATHWAY;fgsea_msigdb_C2_CP_KEGG_MEDICUS_entrez:KEGG_MEDICUS_REFERENCE_RIG_I_IRF7_3_SIGNALING_PATHWAY;fgsea_msigdb_C2_CP_KEGG_MEDICUS_entrez:KEGG_MEDICUS_REFERENCE_RIG_I_NFKB_SIGNALING_PATHWAY;fgsea_msigdb_C2_CP_KEGG_MEDICUS_entrez:KEGG_MEDICUS_REFERENCE_TIGHT_JUNCTION_ACTIN_SIGNALING_PATHWAY;fgsea_msigdb_C2_CP_KEGG_MEDICUS_entrez:KEGG_MEDICUS_REFERENCE_TLR1_2_4_NFKB_SIGNALING_PATHWAY;fgsea_msigdb_C2_CP_KEGG_MEDICUS_entrez:KEGG_MEDICUS_REFERENCE_TLR5_NFKB_SIGNALING_PATHWAY;fgsea_msigdb_C2_CP_KEGG_MEDICUS_entrez:KEGG_MEDICUS_REFERENCE_TLR7_8_9_IRF5_SIGNALING_PATHWAY;fgsea_msigdb_C2_CP_KEGG_MEDICUS_entrez:KEGG_MEDICUS_REFERENCE_TYPE_I_IFN_SIGNALING_PATHWAY;fgsea_msigdb_C2_CP_KEGG_MEDICUS_entrez:KEGG_MEDICUS_REFERENCE_TYPE_I_INTERFERON_TO_JAK_STAT_SIGNALING_PATHWAY;fgsea_msigdb_C2_CP_KEGG_MEDICUS_entrez:KEGG_MEDICUS_VARIANT_IGF2_OVEREXPRESSION_TO_RAS_ERK_SIGNALING_PATHWAY;fgsea_msigdb_C2_CP_KEGG_MEDICUS_entrez:KEGG_MEDICUS_VARIANT_MUTATION_CAUSED_ABERRANT_ABETA_TO_AGE_RAGE_SIGNALING_PATHWAY	term_jaccard_cc	term_jaccard_cc	term_jaccard_cc	2	0.02	15	2	f9b2fa80c108	bf48f6dceddf	dc1928192952	0.828125	51	51	term_survival:min
Me2a08a93e403	43	1	1	['3479']	['fgsea_msigdb_C2_CP_KEGG_MEDICUS_entrez:KEGG_MEDICUS_REFERENCE_IGF_IGF1R_RAS_ERK_SIGNALING_PATHWAY']	3479	fgsea_msigdb_C2_CP_KEGG_MEDICUS_entrez:KEGG_MEDICUS_REFERENCE_IGF_IGF1R_RAS_ERK_SIGNALING_PATHWAY	term_jaccard_cc	term_jaccard_cc	term_jaccard_cc	2	0.02	15	2	ec8062a3be30	ce16559af2ca	e2a08a93e403	0.984375	1	1	term_survival:min
Mecae5504a208	44	3	4	['3442', '3445', '3440', '7187']	['fgsea_msigdb_C2_CP_KEGG_MEDICUS_entrez:KEGG_MEDICUS_REFERENCE_TLR3_IRF7_SIGNALING_PATHWAY', 'fgsea_msigdb_C2_CP_KEGG_MEDICUS_entrez:KEGG_MEDICUS_REFERENCE_TLR7_9_IRF7_SIGNALING_PATHWAY', 'fgsea_msigdb_C2_CP_KEGG_MEDICUS_entrez:KEGG_MEDICUS_REFERENCE_TYPE_II_INTERFERON_TO_JAK_STAT_SIGNALING_PATHWAY']	3442;3445;3440;7187	fgsea_msigdb_C2_CP_KEGG_MEDICUS_entrez:KEGG_MEDICUS_REFERENCE_TLR3_IRF7_SIGNALING_PATHWAY;fgsea_msigdb_C2_CP_KEGG_MEDICUS_entrez:KEGG_MEDICUS_REFERENCE_TLR7_9_IRF7_SIGNALING_PATHWAY;fgsea_msigdb_C2_CP_KEGG_MEDICUS_entrez:KEGG_MEDICUS_REFERENCE_TYPE_II_INTERFERON_TO_JAK_STAT_SIGNALING_PATHWAY	term_jaccard_cc	term_jaccard_cc	term_jaccard_cc	2	0.02	15	2	c89b96e65cbc	7b079c0b26be	ecae5504a208	0.765625	3	3	term_survival:min
Mecfb953b48f3	45	7	11	['111', '112', '114', '3164', '5087', '2770', '2773', '5443', '1584', '2775']	['fgsea_msigdb_C2_CP_KEGG_MEDICUS_entrez:KEGG_MEDICUS_PATHOGEN_HCMV_UL33_TO_GNAI_AC_PKA_SIGNALING_PATHWAY', 'fgsea_msigdb_C2_CP_KEGG_MEDICUS_entrez:KEGG_MEDICUS_REFERENCE_ACTH_CORTISOL_SIGNALING_PATHWAY', 'fgsea_msigdb_C2_CP_KEGG_MEDICUS_entrez:KEGG_MEDICUS_REFERENCE_CX3CR1_GNAI_AC_PKA_SIGNALING_PATHWAY', 'fgsea_msigdb_C2_CP_KEGG_MEDICUS_entrez:KEGG_MEDICUS_VARIANT_CYP11B1_CYP11B2_FUSION_TO_ACTH_CORTISOL_SIGNALING_PATHWAY', 'fgsea_msigdb_C2_CP_KEGG_MEDICUS_entrez:KEGG_MEDICUS_VARIANT_MUTATION_ACTIVATED_GNAS_TO_ACTH_CORTISOL_SIGNALING_PATHWAY', 'fgsea_msigdb_C2_CP_KEGG_MEDICUS_entrez:KEGG_MEDICUS_VARIANT_MUTATION_INACTIVATED_PDE11A_PDE8B_TO_ACTH_CORTISOL_SIGNALING_PATHWAY', 'fgsea_msigdb_C2_CP_KEGG_MEDICUS_entrez:KEGG_MEDICUS_VARIANT_MUTATION_INACTIVATED_RASD1_TO_CRHR_PKA_ACTH_SIGNALING_PATHWAY']	111;112;114;3164;5087;2770;2773;5443;1584;2775	fgsea_msigdb_C2_CP_KEGG_MEDICUS_entrez:KEGG_MEDICUS_PATHOGEN_HCMV_UL33_TO_GNAI_AC_PKA_SIGNALING_PATHWAY;fgsea_msigdb_C2_CP_KEGG_MEDICUS_entrez:KEGG_MEDICUS_REFERENCE_ACTH_CORTISOL_SIGNALING_PATHWAY;fgsea_msigdb_C2_CP_KEGG_MEDICUS_entrez:KEGG_MEDICUS_REFERENCE_CX3CR1_GNAI_AC_PKA_SIGNALING_PATHWAY;fgsea_msigdb_C2_CP_KEGG_MEDICUS_entrez:KEGG_MEDICUS_VARIANT_CYP11B1_CYP11B2_FUSION_TO_ACTH_CORTISOL_SIGNALING_PATHWAY;fgsea_msigdb_C2_CP_KEGG_MEDICUS_entrez:KEGG_MEDICUS_VARIANT_MUTATION_ACTIVATED_GNAS_TO_ACTH_CORTISOL_SIGNALING_PATHWAY;fgsea_msigdb_C2_CP_KEGG_MEDICUS_entrez:KEGG_MEDICUS_VARIANT_MUTATION_INACTIVATED_PDE11A_PDE8B_TO_ACTH_CORTISOL_SIGNALING_PATHWAY;fgsea_msigdb_C2_CP_KEGG_MEDICUS_entrez:KEGG_MEDICUS_VARIANT_MUTATION_INACTIVATED_RASD1_TO_CRHR_PKA_ACTH_SIGNALING_PATHWAY	term_jaccard_cc	term_jaccard_cc	term_jaccard_cc	2	0.02	15	2	2c8c633557f5	9338c7326c1f	ecfb953b48f3	0.875	7	7	term_survival:min
Mf31721da1c5c	46	1	2	['3265', '2263']	['fgsea_msigdb_C2_CP_KEGG_MEDICUS_entrez:KEGG_MEDICUS_VARIANT_AMPLIFIED_FGFR_TO_RAS_ERK_SIGNALING_PATHWAY']	3265;2263	fgsea_msigdb_C2_CP_KEGG_MEDICUS_entrez:KEGG_MEDICUS_VARIANT_AMPLIFIED_FGFR_TO_RAS_ERK_SIGNALING_PATHWAY	term_jaccard_cc	term_jaccard_cc	term_jaccard_cc	2	0.02	15	2	f746c2409ddb	408a9387ee8e	f31721da1c5c	0.796875	1	1	term_survival:min
Mf9ab39b34137	47	1	2	['6655', '4254']	['fgsea_msigdb_C2_CP_KEGG_MEDICUS_entrez:KEGG_MEDICUS_REFERENCE_KITLG_KIT_RAS_ERK_SIGNALING_PATHWAY']	6655;4254	fgsea_msigdb_C2_CP_KEGG_MEDICUS_entrez:KEGG_MEDICUS_REFERENCE_KITLG_KIT_RAS_ERK_SIGNALING_PATHWAY	term_jaccard_cc	term_jaccard_cc	term_jaccard_cc	2	0.02	15	2	ecb91db53b11	2e1a77b3238e	f9ab39b34137	1.0	1	1	term_survival:min
Mfe0f91e1d80a	48	1	2	['3265', '2185']	['fgsea_msigdb_C2_CP_KEGG_MEDICUS_entrez:KEGG_MEDICUS_REFERENCE_CA2_PYK2_RAS_ERK_SIGNALING_PATHWAY']	3265;2185	fgsea_msigdb_C2_CP_KEGG_MEDICUS_entrez:KEGG_MEDICUS_REFERENCE_CA2_PYK2_RAS_ERK_SIGNALING_PATHWAY	term_jaccard_cc	term_jaccard_cc	term_jaccard_cc	2	0.02	15	2	d59f77ce11dd	d370915379e3	fe0f91e1d80a	0.875	1	1	term_survival:min
