raw_index	term_id	term_name	source	stat	qval	direction	evidence_genes	q_kind	pval	term_id_h	is_summary	group_id	term_id_salvaged	term_name_salvaged	evidence_genes_str	is_valid	invalid_reason	qval_source	qval_provided	pval_source	pval_provided	distill_seed	evidence_genes_was_list	n_evidence_genes	masked_genes_count	dropped_n	dropped_genes_str	dropped_genes_symbols_str	notes	term_row_id	term_uid	distill_semantics	distill_track_hash_drift	distill_gene_pool_n	distill_gene_pool_is_masked	distill_trust_input_survival	distill_min_genes_effective_per_term	term_survival_input	term_survival_computed	term_survival_n_ok	term_survival_n_total	term_survival_source	term_survival	term_gene_set_hash	term_survival_agg	term_hash_drift_rate	distill_loo_is_proxy	distill_n_perturb	distill_gene_dropout_p	distill_gene_jitter_p	distill_evidence_jaccard_min	distill_evidence_recall_min	distill_evidence_precision_min	distill_min_keep_frac	distill_min_evidence_genes_effective	distill_perturb_rescue	term_survival_mean_jaccard	term_survival_mean_recall	term_survival_mean_precision	gene_survival	keep_term	keep_reason	distill_pre_gate_mode	distill_pre_gate_tau	module_id	module_id_missing	module_survival	module_survival_n_ok	module_survival_n_total	module_survival_source
0	HALLMARK_INTERFERON_ALPHA_RESPONSE	HALLMARK_INTERFERON_ALPHA_RESPONSE	fgsea_demo	1.27828184428733	0.714840714840715	up	['3429', '3431', '3660', '3659', '7318', '3669', '6890', '11274', '9111', '3959', '834', '684', '3430', '9636', '10379', '3665', '567', '9034', '6737', '10410', '5721', '6402', '9246']	padj	0.0886792452830189	dba813f50b0a	False		False	False	3429;3431;3660;3659;7318;3669;6890;11274;9111;3959;834;684;3430;9636;10379;3665;567;9034;6737;10410;5721;6402;9246	True		qval	True	pval	True	42	True	23	0	0				0	fgsea_demo:HALLMARK_INTERFERON_ALPHA_RESPONSE	evidence_perturb	True	711	True	False	1		0.890625	57	64	computed	0.890625	fa98311aceba	0.890625	1.0	False	64	0.1	0.05	0.6	0.8	0.8	0.0		False	0.8561197916666667	0.8933423913043479	0.9532758706574476	0.890625	True	ok	off		Mec0ad5fa45d5	False	0.890625	3	3	term_survival:min
1	HALLMARK_CHOLESTEROL_HOMEOSTASIS	HALLMARK_CHOLESTEROL_HOMEOSTASIS	fgsea_demo	-1.24528331979564	0.714840714840715	down	['2946', '10654', '2194', '7108', '5329', '3157', '2222', '1891', '4598', '4597', '2990', '9415', '928', '5359', '71', '3156', '10957']	padj	0.136659436008677	8e0d868f2373	False		False	False	2946;10654;2194;7108;5329;3157;2222;1891;4598;4597;2990;9415;928;5359;71;3156;10957	True		qval	True	pval	True	42	True	17	0	0				1	fgsea_demo:HALLMARK_CHOLESTEROL_HOMEOSTASIS	evidence_perturb	True	711	True	False	1		0.828125	53	64	computed	0.828125	bad315c1ae2d	0.828125	1.0	False	64	0.1	0.05	0.6	0.8	0.8	0.0		False	0.8472222222222223	0.8970588235294118	0.9378487232232637	0.828125	True	ok	off		M8d145fba5b0f	False	0.828125	1	1	term_survival:min
2	HALLMARK_HYPOXIA	HALLMARK_HYPOXIA	fgsea_demo	-1.21842976951219	0.714840714840715	down	['1907', '2309', '8974', '680', '6478', '7422', '1027', '5066', '2203', '3725', '6513', '4015', '2548', '5236', '5329', '3036', '3569', '6095', '5292', '9957', '9215', '2023', '5260', '2353', '1356', '7128', '7167', '5209', '5155', '3486', '3073', '6533', '5507', '1028']	padj	0.0861244019138756	6a49385a5e05	False		False	False	1907;2309;8974;680;6478;7422;1027;5066;2203;3725;6513;4015;2548;5236;5329;3036;3569;6095;5292;9957;9215;2023;5260;2353;1356;7128;7167;5209;5155;3486;3073;6533;5507;1028	True		qval	True	pval	True	42	True	34	0	0				2	fgsea_demo:HALLMARK_HYPOXIA	evidence_perturb	True	711	True	False	1		0.96875	62	64	computed	0.96875	35d58b5aa652	0.96875	1.0	False	64	0.1	0.05	0.6	0.8	0.8	0.0		False	0.8441840277777777	0.893841911764706	0.9380950379533493	0.96875	True	ok	off		M1e1b3a94e785	False	0.96875	1	1	term_survival:min
3	HALLMARK_MITOTIC_SPINDLE	HALLMARK_MITOTIC_SPINDLE	fgsea_demo	1.19994318012257	0.714840714840715	up	['613', '9411', '9055', '6709', '3799', '5347', '4296', '996', '6780', '3831', '6711', '274', '1778', '11190', '4926', '7277', '2017', '7840', '4853', '1894', '4763', '2934', '9732', '5829', '9133', '9564', '6453', '4983']	padj	0.120274914089347	25ebf9016484	False		False	False	613;9411;9055;6709;3799;5347;4296;996;6780;3831;6711;274;1778;11190;4926;7277;2017;7840;4853;1894;4763;2934;9732;5829;9133;9564;6453;4983	True		qval	True	pval	True	42	True	28	0	0				3	fgsea_demo:HALLMARK_MITOTIC_SPINDLE	evidence_perturb	True	711	True	False	1		0.90625	58	64	computed	0.90625	7aa3e30f2c7b	0.90625	1.0	False	64	0.1	0.05	0.6	0.8	0.8	0.0		False	0.8696120689655171	0.900669642857143	0.9616651922080848	0.90625	True	ok	off		M833fda92dbee	False	0.90625	1	1	term_survival:min
4	HALLMARK_COMPLEMENT	HALLMARK_COMPLEMENT	fgsea_demo	1.18636772425552	0.714840714840715	up	['5580', '2159', '3717', '3660', '11216', '3659', '6283', '2885', '1604', '1378', '4057', '760', '1514', '1191', '5550', '1380', '8851', '5531', '7941', '3937', '834', '2811', '3303', '462', '5641', '9732', '5216', '1519', '712', '1520', '1512', '308', '3003', '3665', '2147', '717', '5265', '2919', '978', '2152', '2820', '475', '1847', '3309', '4179']	padj	0.118965517241379	49ef2b5dae8b	False		False	False	5580;2159;3717;3660;11216;3659;6283;2885;1604;1378;4057;760;1514;1191;5550;1380;8851;5531;7941;3937;834;2811;3303;462;5641;9732;5216;1519;712;1520;1512;308;3003;3665;2147;717;5265;2919;978;2152;2820;475;1847;3309;4179	True		qval	True	pval	True	42	True	45	0	0				4	fgsea_demo:HALLMARK_COMPLEMENT	evidence_perturb	True	711	True	False	1		1.0	64	64	computed	1.0	69eaef0ee110	1.0	1.0	False	64	0.1	0.05	0.6	0.8	0.8	0.0		False	0.859375	0.8975694444444445	0.9527239080124557	1.0	True	ok	off		M8d778ce41920	False	1.0	1	1	term_survival:min
5	HALLMARK_EPITHELIAL_MESENCHYMAL_TRANSITION	HALLMARK_EPITHELIAL_MESENCHYMAL_TRANSITION	fgsea_demo	-1.18340330968987	0.714840714840715	down	['5817', '2006', '7422', '3725', '4015', '333', '5329', '4907', '3569', '3678', '2200', '2201', '627', '5118', '2335', '4616', '4148', '3685', '1281', '649', '1311', '4256', '10085', '11010', '7128', '1296', '3486', '3624', '8325', '7424', '5270', '10516', '59', '7057', '388', '3398', '7980', '822', '3576', '10272', '6535', '2247', '7456', '5654', '1293', '4487', '7049', '1282', '3918', '6696']	padj	0.125	73baaa633036	False		False	False	5817;2006;7422;3725;4015;333;5329;4907;3569;3678;2200;2201;627;5118;2335;4616;4148;3685;1281;649;1311;4256;10085;11010;7128;1296;3486;3624;8325;7424;5270;10516;59;7057;388;3398;7980;822;3576;10272;6535;2247;7456;5654;1293;4487;7049;1282;3918;6696	True		qval	True	pval	True	42	True	50	0	0				5	fgsea_demo:HALLMARK_EPITHELIAL_MESENCHYMAL_TRANSITION	evidence_perturb	True	711	True	False	1		1.0	64	64	computed	1.0	f0de61c04f45	1.0	1.0	False	64	0.1	0.05	0.6	0.8	0.8	0.0		False	0.8653846153846154	0.8999999999999999	0.9573621222032489	1.0	True	ok	off		M6512edb8dee3	False	1.0	1	1	term_survival:min
6	HALLMARK_INTERFERON_GAMMA_RESPONSE	HALLMARK_INTERFERON_GAMMA_RESPONSE	fgsea_demo	1.15570713092866	0.714840714840715	up	['3429', '5142', '3431', '3717', '3660', '3659', '4502', '3669', '6890', '11274', '6775', '9111', '3959', '3937', '834', '5690', '10135', '684', '3430', '5699', '7130', '4860', '1026', '9636', '355', '3663', '10875', '10379', '5743', '7903', '3106', '2841', '6403', '3665']	padj	0.157264957264957	26988b6a5514	False		False	False	3429;5142;3431;3717;3660;3659;4502;3669;6890;11274;6775;9111;3959;3937;834;5690;10135;684;3430;5699;7130;4860;1026;9636;355;3663;10875;10379;5743;7903;3106;2841;6403;3665	True		qval	True	pval	True	42	True	34	0	0				6	fgsea_demo:HALLMARK_INTERFERON_GAMMA_RESPONSE	evidence_perturb	True	711	True	False	1		0.921875	59	64	computed	0.921875	b6cb5b9db8ae	0.921875	1.0	False	64	0.1	0.05	0.6	0.8	0.8	0.0		False	0.8524305555555556	0.9025735294117647	0.9385561107604954	0.921875	True	ok	off		Mec0ad5fa45d5	False	0.890625	3	3	term_survival:min
7	HALLMARK_IL2_STAT5_SIGNALING	HALLMARK_IL2_STAT5_SIGNALING	fgsea_demo	-1.13827535659759	0.747693286668788	down	['10970', '399', '2983', '898', '6271', '8651', '333', '5269', '4907', '6095', '5292', '10075', '5167', '4616', '4839', '2879', '10888', '3459', '3685', '196', '8809', '962', '7074', '5359', '3655', '1028', '10538', '3662', '5732']	padj	0.183374083129584	aa4322fb8ab8	False		False	False	10970;399;2983;898;6271;8651;333;5269;4907;6095;5292;10075;5167;4616;4839;2879;10888;3459;3685;196;8809;962;7074;5359;3655;1028;10538;3662;5732	True		qval	True	pval	True	42	True	29	0	0				7	fgsea_demo:HALLMARK_IL2_STAT5_SIGNALING	evidence_perturb	True	711	True	False	1		0.9375	60	64	computed	0.9375	273cd0bfa0b1	0.9375	1.0	False	64	0.1	0.05	0.6	0.8	0.8	0.0		False	0.8703125	0.900323275862069	0.9629957507223952	0.9375	True	ok	off		M62079132b76f	False	0.9375	1	1	term_survival:min
8	HALLMARK_ANDROGEN_RESPONSE	HALLMARK_ANDROGEN_RESPONSE	fgsea_demo	-1.12411123335968	0.747693286668788	down	['3998', '2005', '9871', '3977', '7520', '11047', '11099', '3157', '3005', '8554', '8848', '1622', '3685', '354', '3856', '3156', '9455', '9053', '2982', '9510', '658']	padj	0.209354120267261	6b0035b63117	False		False	False	3998;2005;9871;3977;7520;11047;11099;3157;3005;8554;8848;1622;3685;354;3856;3156;9455;9053;2982;9510;658	True		qval	True	pval	True	42	True	21	0	0				8	fgsea_demo:HALLMARK_ANDROGEN_RESPONSE	evidence_perturb	True	711	True	False	1		0.953125	61	64	computed	0.953125	cd2828d5f30a	0.953125	1.0	False	64	0.1	0.05	0.6	0.8	0.8	0.0		False	0.8423295454545454	0.8824404761904763	0.9485484439988117	0.953125	True	ok	off		M508ca96552ff	False	0.953125	1	1	term_survival:min
9	HALLMARK_ALLOGRAFT_REJECTION	HALLMARK_ALLOGRAFT_REJECTION	fgsea_demo	1.11215650849174	0.747693286668788	up	['7124', '3603', '3586', '5917', '3717', '3578', '925', '3111', '11222', '2213', '6890', '7163', '6367', '6775', '926', '4050', '3937', '8444', '8664', '6891', '3689', '5699', '6170', '1520', '2268', '355', '6203', '920', '9450', '7903', '5551', '3665', '2147', '940', '717', '6688', '8807', '7321', '6347', '567', '4689']	padj	0.208955223880597	de0bfc6f971a	False		False	False	7124;3603;3586;5917;3717;3578;925;3111;11222;2213;6890;7163;6367;6775;926;4050;3937;8444;8664;6891;3689;5699;6170;1520;2268;355;6203;920;9450;7903;5551;3665;2147;940;717;6688;8807;7321;6347;567;4689	True		qval	True	pval	True	42	True	41	0	0				9	fgsea_demo:HALLMARK_ALLOGRAFT_REJECTION	evidence_perturb	True	711	True	False	1		0.984375	63	64	computed	0.984375	f13f47c0d1be	0.984375	1.0	False	64	0.1	0.05	0.6	0.8	0.8	0.0		False	0.8557412790697674	0.897484756097561	0.9483167071963765	0.984375	True	ok	off		Mec0ad5fa45d5	False	0.890625	3	3	term_survival:min
10	HALLMARK_FATTY_ACID_METABOLISM	HALLMARK_FATTY_ACID_METABOLISM	fgsea_demo	-1.08727301999247	0.788255000492659	down	['2954', '1666', '10455', '4683', '1962', '1374', '2194', '3033', '3157', '2326', '2271', '4056', '1891', '218', '3158', '2752', '3015', '765', '1429', '1376', '223', '3032', '4128', '224', '912']	padj	0.265882352941176	2a92d94d95c4	False		False	False	2954;1666;10455;4683;1962;1374;2194;3033;3157;2326;2271;4056;1891;218;3158;2752;3015;765;1429;1376;223;3032;4128;224;912	True		qval	True	pval	True	42	True	25	0	0				10	fgsea_demo:HALLMARK_FATTY_ACID_METABOLISM	evidence_perturb	True	711	True	False	1		0.96875	62	64	computed	0.96875	13b2e60429d1	0.96875	1.0	False	64	0.1	0.05	0.6	0.8	0.8	0.0		False	0.8629807692307692	0.8975	0.9571466734066848	0.96875	True	ok	off		M58f4404a62c6	False	0.96875	2	2	term_survival:min
11	HALLMARK_APOPTOSIS	HALLMARK_APOPTOSIS	fgsea_demo	1.0864986385651	0.788255000492659	up	['7124', '3659', '7818', '6709', '1017', '7832', '638', '637', '3669', '6890', '595', '3489', '1191', '834', '4313', '8870', '2934', '2064', '4170', '1026', '355', '6574', '633', '5551', '6304', '1499', '2147', '6041', '1611', '7465', '1676', '10410', '2107', '8900', '3482', '10134', '3552', '969', '10682']	padj	0.268006700167504	dcac213330d9	False		False	False	7124;3659;7818;6709;1017;7832;638;637;3669;6890;595;3489;1191;834;4313;8870;2934;2064;4170;1026;355;6574;633;5551;6304;1499;2147;6041;1611;7465;1676;10410;2107;8900;3482;10134;3552;969;10682	True		qval	True	pval	True	42	True	39	0	0				11	fgsea_demo:HALLMARK_APOPTOSIS	evidence_perturb	True	711	True	False	1		0.9375	60	64	computed	0.9375	12e377f78955	0.9375	1.0	False	64	0.1	0.05	0.6	0.8	0.8	0.0		False	0.8467987804878048	0.890224358974359	0.9453684807460447	0.9375	True	ok	off		M2e400a2027dd	False	0.9375	1	1	term_survival:min
12	HALLMARK_HEME_METABOLISM	HALLMARK_HEME_METABOLISM	fgsea_demo	-1.0736585675101	0.800100012501563	down	['440', '8780', '682', '5091', '2309', '8974', '3792', '3049', '6513', '2532', '2057', '7716', '4354', '3005', '3321', '7001', '571', '118', '6917', '2993', '4059', '9541', '669', '3920', '6622', '8991', '7150', '7145', '10661', '9958', '10181']	padj	0.304038004750594	19e1aa1789dd	False		False	False	440;8780;682;5091;2309;8974;3792;3049;6513;2532;2057;7716;4354;3005;3321;7001;571;118;6917;2993;4059;9541;669;3920;6622;8991;7150;7145;10661;9958;10181	True		qval	True	pval	True	42	True	31	0	0				12	fgsea_demo:HALLMARK_HEME_METABOLISM	evidence_perturb	True	711	True	False	1		0.984375	63	64	computed	0.984375	8e1ed606db8f	0.984375	1.0	False	64	0.1	0.05	0.6	0.8	0.8	0.0		False	0.8480113636363636	0.9027217741935485	0.9330582780398983	0.984375	True	ok	off		Mf1a70430984e	False	0.984375	1	1	term_survival:min
13	HALLMARK_DNA_REPAIR	HALLMARK_DNA_REPAIR	fgsea_demo	-1.0672978779418	0.800100012501563	down	['6749', '3251', '5437', '2967', '7508', '11047', '6827', '5985', '9978', '1643', '2071', '5424', '6834', '2879', '10714', '9013', '2962', '10946', '5429', '4059', '10309', '3978', '2067', '6884', '5982', '6431', '2073', '2072']	padj	0.300469483568075	6a51e0a5b6ca	False		False	False	6749;3251;5437;2967;7508;11047;6827;5985;9978;1643;2071;5424;6834;2879;10714;9013;2962;10946;5429;4059;10309;3978;2067;6884;5982;6431;2073;2072	True		qval	True	pval	True	42	True	28	0	0				13	fgsea_demo:HALLMARK_DNA_REPAIR	evidence_perturb	True	711	True	False	1		0.984375	63	64	computed	0.984375	13ec90d080db	0.984375	1.0	False	64	0.1	0.05	0.6	0.8	0.8	0.0		False	0.869073275862069	0.9001116071428572	0.9616982458792804	0.984375	True	ok	off		Me48b3f87086f	False	0.984375	1	1	term_survival:min
14	HALLMARK_APICAL_JUNCTION	HALLMARK_APICAL_JUNCTION	fgsea_demo	-1.0511294470581	0.835308056872038	down	['58', '6237', '5871', '7122', '6714', '3033', '1432', '2200', '8517', '4892', '1364', '10487', '999', '3675', '8751', '5335', '7414', '6810', '4902', '649', '4597', '8910', '1366', '9379', '2962', '6376', '5522', '1739', '6850']	padj	0.334123222748815	98bc5b3d0f14	False		False	False	58;6237;5871;7122;6714;3033;1432;2200;8517;4892;1364;10487;999;3675;8751;5335;7414;6810;4902;649;4597;8910;1366;9379;2962;6376;5522;1739;6850	True		qval	True	pval	True	42	True	29	0	0				14	fgsea_demo:HALLMARK_APICAL_JUNCTION	evidence_perturb	True	711	True	False	1		0.953125	61	64	computed	0.953125	3de6aa526df4	0.953125	1.0	False	64	0.1	0.05	0.6	0.8	0.8	0.0		False	0.8760416666666667	0.90625	0.9632181960664205	0.953125	True	ok	off		M2033f7f83759	False	0.953125	1	1	term_survival:min
15	HALLMARK_HEDGEHOG_SIGNALING	HALLMARK_HEDGEHOG_SIGNALING	fgsea_demo	1.05447852960913	0.853387950162144	up	['5727', '9620', '8861', '1808', '8851', '2735', '7088', '4763', '4983', '6469']	padj	0.3584229390681	f0a6c628adc0	False		False	False	5727;9620;8861;1808;8851;2735;7088;4763;4983;6469	True		qval	True	pval	True	42	True	10	0	0				15	fgsea_demo:HALLMARK_HEDGEHOG_SIGNALING	evidence_perturb	True	711	True	False	1		1.0	64	64	computed	1.0	ff36ad58a5c6	1.0	0.65625	False	64	0.1	0.05	0.6	0.8	0.8	0.0		False	0.9031250000000001	0.9031250000000001	1.0	1.0	True	ok	off		M5a3cb905d6d7	False	1.0	1	1	term_survival:min
16	HALLMARK_G2M_CHECKPOINT	HALLMARK_G2M_CHECKPOINT	fgsea_demo	-0.992504135464379	0.916704391127207	down	['10293', '10721', '675', '2935', '1027', '1950', '4691', '1432', '5371', '9462', '602', '10772', '5976', '7290', '1058', '9585', '1031', '1163', '3015', '9493', '262', '1869', '6426', '1164', '10419', '4957', '11004', '8454', '3837', '10036', '7486', '6427', '5001', '7153', '546', '3930', '4212', '7150', '4928', '5887']	padj	0.467980295566503	e0451a5f9f7b	False		False	False	10293;10721;675;2935;1027;1950;4691;1432;5371;9462;602;10772;5976;7290;1058;9585;1031;1163;3015;9493;262;1869;6426;1164;10419;4957;11004;8454;3837;10036;7486;6427;5001;7153;546;3930;4212;7150;4928;5887	True		qval	True	pval	True	42	True	40	0	0				16	fgsea_demo:HALLMARK_G2M_CHECKPOINT	evidence_perturb	True	711	True	False	1		0.984375	63	64	computed	0.984375	226f959a1622	0.984375	1.0	False	64	0.1	0.05	0.6	0.8	0.8	0.0		False	0.8563988095238094	0.89921875	0.947143665051549	0.984375	True	ok	off		M6e5938252379	False	0.953125	2	2	term_survival:min
17	HALLMARK_IL6_JAK_STAT3_SIGNALING	HALLMARK_IL6_JAK_STAT3_SIGNALING	fgsea_demo	-0.979971912967099	0.916704391127207	down	['94', '3725', '8651', '3569', '5292', '3601', '2921', '3459', '928', '8809', '3460', '5320', '91', '578', '3454', '3566', '3162', '5771', '7097', '1230', '6774', '1438']	padj	0.50561797752809	fc6e33796aa5	False		False	False	94;3725;8651;3569;5292;3601;2921;3459;928;8809;3460;5320;91;578;3454;3566;3162;5771;7097;1230;6774;1438	True		qval	True	pval	True	42	True	22	0	0				17	fgsea_demo:HALLMARK_IL6_JAK_STAT3_SIGNALING	evidence_perturb	True	711	True	False	1		0.9375	60	64	computed	0.9375	a5b1cfe1273e	0.9375	1.0	False	64	0.1	0.05	0.6	0.8	0.8	0.0		False	0.8539402173913044	0.8927556818181819	0.9512836406449066	0.9375	True	ok	off		M2aa377623cac	False	0.9375	2	2	term_survival:min
18	HALLMARK_E2F_TARGETS	HALLMARK_E2F_TARGETS	fgsea_demo	-0.973018823369877	0.916704391127207	down	['6749', '675', '2935', '4683', '8914', '898', '5395', '1027', '4292', '1434', '1965', '5424', '1031', '1163', '3015', '1029', '10714', '5591', '6426', '1164', '5902', '11004', '5901', '3978', '6427', '10248', '10606', '7153', '3930', '5982']	padj	0.517985611510791	2fefa96b32c2	False		False	False	6749;675;2935;4683;8914;898;5395;1027;4292;1434;1965;5424;1031;1163;3015;1029;10714;5591;6426;1164;5902;11004;5901;3978;6427;10248;10606;7153;3930;5982	True		qval	True	pval	True	42	True	30	0	0				18	fgsea_demo:HALLMARK_E2F_TARGETS	evidence_perturb	True	711	True	False	1		0.953125	61	64	computed	0.953125	d2f9c8eb9daa	0.953125	1.0	False	64	0.1	0.05	0.6	0.8	0.8	0.0		False	0.84130859375	0.8973958333333334	0.9305906573246152	0.953125	True	ok	off		M6e5938252379	False	0.953125	2	2	term_survival:min
19	HALLMARK_ADIPOGENESIS	HALLMARK_ADIPOGENESIS	fgsea_demo	-0.960552986267957	0.916704391127207	down	['8780', '7086', '3952', '1666', '3977', '2109', '5236', '6623', '3033', '4056', '4706', '1891', '1580', '7423', '2879', '1031', '3459', '8884', '4698', '1376', '5209']	padj	0.531400966183575	74723a886cf7	False		False	False	8780;7086;3952;1666;3977;2109;5236;6623;3033;4056;4706;1891;1580;7423;2879;1031;3459;8884;4698;1376;5209	True		qval	True	pval	True	42	True	21	0	0				19	fgsea_demo:HALLMARK_ADIPOGENESIS	evidence_perturb	True	711	True	False	1		0.96875	62	64	computed	0.96875	1d8ee1c6faf4	0.96875	1.0	False	64	0.1	0.05	0.6	0.8	0.8	0.0		False	0.8615056818181818	0.9025297619047619	0.949658157097568	0.96875	True	ok	off		M58f4404a62c6	False	0.96875	2	2	term_survival:min
20	HALLMARK_ESTROGEN_RESPONSE_EARLY	HALLMARK_ESTROGEN_RESPONSE_EARLY	fgsea_demo	0.935967885496836	0.916704391127207	up	['7466', '3717', '9620', '3880', '7031', '4477', '5029', '10560', '3487', '10395', '7357', '595', '5241', '7739', '3480', '7033', '596', '1154', '7071', '8204', '8140', '6820', '10514', '8645', '8416', '6566', '4886', '4299', '9145', '7164', '771', '11098', '1836', '3705', '9249', '2717', '6542', '949', '360', '2444', '10105', '4137', '10125', '6387', '7869', '6990', '8614', '8165']	padj	0.622641509433962	73db690e57af	False		False	False	7466;3717;9620;3880;7031;4477;5029;10560;3487;10395;7357;595;5241;7739;3480;7033;596;1154;7071;8204;8140;6820;10514;8645;8416;6566;4886;4299;9145;7164;771;11098;1836;3705;9249;2717;6542;949;360;2444;10105;4137;10125;6387;7869;6990;8614;8165	True		qval	True	pval	True	42	True	48	0	0				20	fgsea_demo:HALLMARK_ESTROGEN_RESPONSE_EARLY	evidence_perturb	True	711	True	False	1		0.96875	62	64	computed	0.96875	1ff628fdd8e2	0.96875	1.0	False	64	0.1	0.05	0.6	0.8	0.8	0.0		False	0.8653125	0.9013671875	0.9557061745411076	0.96875	True	ok	off		M4a287539fcf2	False	0.96875	2	2	term_survival:min
21	HALLMARK_INFLAMMATORY_RESPONSE	HALLMARK_INFLAMMATORY_RESPONSE	fgsea_demo	-0.933709214118645	0.916704391127207	down	['5817', '4224', '8767', '6869', '3593', '11047', '1906', '5329', '1317', '3569', '3678', '187', '5027', '6717', '3601', '7098', '1236', '1902', '196', '1880', '970', '8809', '962', '6376', '488', '4986', '8519', '3624', '1536', '3606', '4792', '5732', '3460', '91', '4210', '3454', '3566', '5996', '8877', '728', '3576', '7097', '490', '5734', '558', '623', '2015', '10203']	padj	0.636144578313253	6e5eb30c725a	False		False	False	5817;4224;8767;6869;3593;11047;1906;5329;1317;3569;3678;187;5027;6717;3601;7098;1236;1902;196;1880;970;8809;962;6376;488;4986;8519;3624;1536;3606;4792;5732;3460;91;4210;3454;3566;5996;8877;728;3576;7097;490;5734;558;623;2015;10203	True		qval	True	pval	True	42	True	48	0	0				21	fgsea_demo:HALLMARK_INFLAMMATORY_RESPONSE	evidence_perturb	True	711	True	False	1		0.96875	62	64	computed	0.96875	8de249354595	0.96875	1.0	False	64	0.1	0.05	0.6	0.8	0.8	0.0		False	0.869375	0.9055989583333333	0.9559146005887121	0.96875	True	ok	off		M2aa377623cac	False	0.9375	2	2	term_survival:min
22	HALLMARK_ESTROGEN_RESPONSE_LATE	HALLMARK_ESTROGEN_RESPONSE_LATE	fgsea_demo	0.898348793658191	0.916704391127207	up	['7466', '3717', '9547', '3880', '7031', '3547', '11187', '3487', '3669', '4057', '760', '595', '5241', '10497', '7033', '596', '1154', '10610', '8204', '10551', '8140', '9254', '6820', '429', '8645', '5121', '8416', '5265', '6566', '4886', '4299', '7164', '8900', '7538', '771', '11098', '4192', '1836', '6446', '3418', '2707', '3705', '2717']	padj	0.714041095890411	d2e9184b8db6	False		False	False	7466;3717;9547;3880;7031;3547;11187;3487;3669;4057;760;595;5241;10497;7033;596;1154;10610;8204;10551;8140;9254;6820;429;8645;5121;8416;5265;6566;4886;4299;7164;8900;7538;771;11098;4192;1836;6446;3418;2707;3705;2717	True		qval	True	pval	True	42	True	43	0	0				22	fgsea_demo:HALLMARK_ESTROGEN_RESPONSE_LATE	evidence_perturb	True	711	True	False	1		1.0	64	64	computed	1.0	d075fe40ceb2	1.0	1.0	False	64	0.1	0.05	0.6	0.8	0.8	0.0		False	0.8513888888888889	0.8909883720930232	0.950300107581963	1.0	True	ok	off		M4a287539fcf2	False	0.96875	2	2	term_survival:min
23	HALLMARK_KRAS_SIGNALING_UP	HALLMARK_KRAS_SIGNALING_UP	fgsea_demo	0.894158832987525	0.916704391127207	up	['2791', '2591', '3290', '10205', '6480', '101', '9358', '6616', '208', '760', '7035', '8808', '6868', '6324', '3800', '2517', '3689', '5593', '1520', '3575', '7166', '2115', '2995', '5743', '6304', '4674', '5121', '7813', '7852', '10221', '6447', '3728', '2254', '3673', '10418', '2150', '8431', '7139', '6004']	padj	0.724832214765101	a5620b489183	False		False	False	2791;2591;3290;10205;6480;101;9358;6616;208;760;7035;8808;6868;6324;3800;2517;3689;5593;1520;3575;7166;2115;2995;5743;6304;4674;5121;7813;7852;10221;6447;3728;2254;3673;10418;2150;8431;7139;6004	True		qval	True	pval	True	42	True	39	0	0				23	fgsea_demo:HALLMARK_KRAS_SIGNALING_UP	evidence_perturb	True	711	True	False	1		1.0	64	64	computed	1.0	d6d7115b2b2a	1.0	1.0	False	64	0.1	0.05	0.6	0.8	0.8	0.0		False	0.8601371951219512	0.9042467948717949	0.9462312673678466	1.0	True	ok	off		M4a3c716ceaa7	False	1.0	1	1	term_survival:min
24	HALLMARK_COAGULATION	HALLMARK_COAGULATION	fgsea_demo	-0.890380652516236	0.916704391127207	down	['344', '7018', '4224', '6271', '3075', '341', '2200', '3158', '11202', '2335', '5340', '649', '1311', '3273', '928', '2266', '5155', '3697', '2783', '1515', '3920', '4324', '1675', '1465', '1638', '5327', '7057', '7980', '733', '2534', '732', '8309', '10411', '5654', '4973', '4153']	padj	0.748251748251748	da86aee98138	False		False	False	344;7018;4224;6271;3075;341;2200;3158;11202;2335;5340;649;1311;3273;928;2266;5155;3697;2783;1515;3920;4324;1675;1465;1638;5327;7057;7980;733;2534;732;8309;10411;5654;4973;4153	True		qval	True	pval	True	42	True	36	0	0				24	fgsea_demo:HALLMARK_COAGULATION	evidence_perturb	True	711	True	False	1		1.0	64	64	computed	1.0	0559a0b4ddb3	1.0	1.0	False	64	0.1	0.05	0.6	0.8	0.8	0.0		False	0.8486842105263157	0.8958333333333334	0.9414789974076768	1.0	True	ok	off		M67ab5a83a29b	False	1.0	1	1	term_survival:min
25	HALLMARK_KRAS_SIGNALING_DN	HALLMARK_KRAS_SIGNALING_DN	fgsea_demo	-0.880827179417926	0.916704391127207	down	['8303', '5795', '1907', '3593', '1950', '1906', '10777', '5625', '10913', '11202', '3750', '1237', '7367', '7038', '10753', '5324', '7252', '7771', '152', '6531', '4210', '5071', '4908', '1158', '658', '5077', '2261', '2827', '1952', '727', '3780', '2488', '2593', '1838', '6261', '6474']	padj	0.778325123152709	9b3590865138	False		False	False	8303;5795;1907;3593;1950;1906;10777;5625;10913;11202;3750;1237;7367;7038;10753;5324;7252;7771;152;6531;4210;5071;4908;1158;658;5077;2261;2827;1952;727;3780;2488;2593;1838;6261;6474	True		qval	True	pval	True	42	True	36	0	0				25	fgsea_demo:HALLMARK_KRAS_SIGNALING_DN	evidence_perturb	True	711	True	False	1		0.984375	63	64	computed	0.984375	7e903b353eb4	0.984375	1.0	False	64	0.1	0.05	0.6	0.8	0.8	0.0		False	0.854029605263158	0.9014756944444445	0.9418169951777045	0.984375	True	ok	off		M7b6b240a1ea6	False	0.984375	1	1	term_survival:min
26	HALLMARK_GLYCOLYSIS	HALLMARK_GLYCOLYSIS	fgsea_demo	0.851045432744796	0.916704391127207	up	['3425', '5917', '1365', '638', '2131', '5704', '3669', '4190', '5223', '5315', '8789', '2729', '4601', '10327', '2997', '7033', '9672', '10461', '229', '3597', '5318', '8870', '9435', '10456', '6383', '4233', '7852', '3925', '4351', '5207', '4200', '1462', '3309', '7039', '2998', '5478', '5256', '11015', '2530', '5351', '5516', '8819', '10370']	padj	0.832764505119454	afe526af7f48	False		False	False	3425;5917;1365;638;2131;5704;3669;4190;5223;5315;8789;2729;4601;10327;2997;7033;9672;10461;229;3597;5318;8870;9435;10456;6383;4233;7852;3925;4351;5207;4200;1462;3309;7039;2998;5478;5256;11015;2530;5351;5516;8819;10370	True		qval	True	pval	True	42	True	43	0	0				26	fgsea_demo:HALLMARK_GLYCOLYSIS	evidence_perturb	True	711	True	False	1		0.984375	63	64	computed	0.984375	c8eed17a437a	0.984375	1.0	False	64	0.1	0.05	0.6	0.8	0.8	0.0		False	0.8586805555555556	0.8986191860465116	0.950673665688653	0.984375	True	ok	off		M8c231e681b57	False	0.984375	1	1	term_survival:min
27	HALLMARK_ANGIOGENESIS	HALLMARK_ANGIOGENESIS	fgsea_demo	-0.83708975054204	0.916704391127207	down	['5553', '7422', '3685', '1281', '3714', '4487', '894', '4973', '6696', '6578']	padj	0.756696428571429	12023ba0acd1	False		False	False	5553;7422;3685;1281;3714;4487;894;4973;6696;6578	True		qval	True	pval	True	42	True	10	0	0				27	fgsea_demo:HALLMARK_ANGIOGENESIS	evidence_perturb	True	711	True	False	1		0.984375	63	64	computed	0.984375	869c1050f50e	0.984375	0.65625	False	64	0.1	0.05	0.6	0.8	0.8	0.0		False	0.9000000000000001	0.9000000000000001	1.0	0.984375	True	ok	off		M40f6f830d7e9	False	0.984375	1	1	term_survival:min
28	HALLMARK_BILE_ACID_METABOLISM	HALLMARK_BILE_ACID_METABOLISM	fgsea_demo	0.792099807253475	0.916704391127207	up	['8412', '5190', '3422', '10350', '215', '3295', '5264', '6820', '8856', '6310', '216', '5825', '1581', '5213', '335', '3418', '8431', '5824', '6718', '5193', '9962', '2232', '9409', '3283', '2180']	padj	0.861702127659575	99706bbb5998	False		False	False	8412;5190;3422;10350;215;3295;5264;6820;8856;6310;216;5825;1581;5213;335;3418;8431;5824;6718;5193;9962;2232;9409;3283;2180	True		qval	True	pval	True	42	True	25	0	0				28	fgsea_demo:HALLMARK_BILE_ACID_METABOLISM	evidence_perturb	True	711	True	False	1		0.9375	60	64	computed	0.9375	79574a16549c	0.9375	1.0	False	64	0.1	0.05	0.6	0.8	0.8	0.0		False	0.858173076923077	0.8925	0.956860519224292	0.9375	True	ok	off		Meb94c762e19f	False	0.9375	1	1	term_survival:min
29	HALLMARK_APICAL_SURFACE	HALLMARK_APICAL_SURFACE	fgsea_demo	0.671559127686422	0.937611408199644	up	['5314', '102', '8406', '2947']	padj	0.937611408199644	5ee82e47394b	False		False	False	5314;102;8406;2947	True		qval	True	pval	True	42	True	4	0	0				29	fgsea_demo:HALLMARK_APICAL_SURFACE	evidence_perturb	True	711	True	False	1		0.90625	58	64	computed	0.90625	3e8492967094	0.90625	0.421875	False	64	0.1	0.05	0.6	0.8	0.8	0.0		False	0.87109375	0.87109375	1.0	0.90625	True	ok	off		Mdc12f7bdb33c	False	0.90625	1	1	term_survival:min
