term_uid	gene_id	weight	gene_term_degree	term_gene_degree
fgsea_msigdb_H_entrez:HALLMARK_ADIPOGENESIS	10140	1.0	2	30
fgsea_msigdb_H_entrez:HALLMARK_ADIPOGENESIS	10313	1.0	1	30
fgsea_msigdb_H_entrez:HALLMARK_ADIPOGENESIS	1349	1.0	1	30
fgsea_msigdb_H_entrez:HALLMARK_ADIPOGENESIS	1351	1.0	1	30
fgsea_msigdb_H_entrez:HALLMARK_ADIPOGENESIS	217	1.0	2	30
fgsea_msigdb_H_entrez:HALLMARK_ADIPOGENESIS	226	1.0	1	30
fgsea_msigdb_H_entrez:HALLMARK_ADIPOGENESIS	33	1.0	1	30
fgsea_msigdb_H_entrez:HALLMARK_ADIPOGENESIS	334	1.0	1	30
fgsea_msigdb_H_entrez:HALLMARK_ADIPOGENESIS	348	1.0	2	30
fgsea_msigdb_H_entrez:HALLMARK_ADIPOGENESIS	3679	1.0	1	30
fgsea_msigdb_H_entrez:HALLMARK_ADIPOGENESIS	3977	1.0	1	30
fgsea_msigdb_H_entrez:HALLMARK_ADIPOGENESIS	4023	1.0	1	30
fgsea_msigdb_H_entrez:HALLMARK_ADIPOGENESIS	4189	1.0	1	30
fgsea_msigdb_H_entrez:HALLMARK_ADIPOGENESIS	4638	1.0	1	30
fgsea_msigdb_H_entrez:HALLMARK_ADIPOGENESIS	4706	1.0	2	30
fgsea_msigdb_H_entrez:HALLMARK_ADIPOGENESIS	4836	1.0	2	30
fgsea_msigdb_H_entrez:HALLMARK_ADIPOGENESIS	4958	1.0	1	30
fgsea_msigdb_H_entrez:HALLMARK_ADIPOGENESIS	5211	1.0	1	30
fgsea_msigdb_H_entrez:HALLMARK_ADIPOGENESIS	5860	1.0	1	30
fgsea_msigdb_H_entrez:HALLMARK_ADIPOGENESIS	604	1.0	1	30
fgsea_msigdb_H_entrez:HALLMARK_ADIPOGENESIS	6647	1.0	3	30
fgsea_msigdb_H_entrez:HALLMARK_ADIPOGENESIS	6817	1.0	1	30
fgsea_msigdb_H_entrez:HALLMARK_ADIPOGENESIS	7351	1.0	1	30
fgsea_msigdb_H_entrez:HALLMARK_ADIPOGENESIS	7905	1.0	1	30
fgsea_msigdb_H_entrez:HALLMARK_ADIPOGENESIS	8322	1.0	1	30
fgsea_msigdb_H_entrez:HALLMARK_ADIPOGENESIS	847	1.0	4	30
fgsea_msigdb_H_entrez:HALLMARK_ADIPOGENESIS	8780	1.0	1	30
fgsea_msigdb_H_entrez:HALLMARK_ADIPOGENESIS	8884	1.0	1	30
fgsea_msigdb_H_entrez:HALLMARK_ADIPOGENESIS	949	1.0	1	30
fgsea_msigdb_H_entrez:HALLMARK_ADIPOGENESIS	977	1.0	1	30
fgsea_msigdb_H_entrez:HALLMARK_ALLOGRAFT_REJECTION	10006	1.0	3	46
fgsea_msigdb_H_entrez:HALLMARK_ALLOGRAFT_REJECTION	1029	1.0	3	46
fgsea_msigdb_H_entrez:HALLMARK_ALLOGRAFT_REJECTION	1520	1.0	3	46
fgsea_msigdb_H_entrez:HALLMARK_ALLOGRAFT_REJECTION	2069	1.0	4	46
fgsea_msigdb_H_entrez:HALLMARK_ALLOGRAFT_REJECTION	2113	1.0	3	46
fgsea_msigdb_H_entrez:HALLMARK_ALLOGRAFT_REJECTION	2147	1.0	4	46
fgsea_msigdb_H_entrez:HALLMARK_ALLOGRAFT_REJECTION	2213	1.0	1	46
fgsea_msigdb_H_entrez:HALLMARK_ALLOGRAFT_REJECTION	3091	1.0	4	46
fgsea_msigdb_H_entrez:HALLMARK_ALLOGRAFT_REJECTION	3108	1.0	2	46
fgsea_msigdb_H_entrez:HALLMARK_ALLOGRAFT_REJECTION	3111	1.0	1	46
fgsea_msigdb_H_entrez:HALLMARK_ALLOGRAFT_REJECTION	3112	1.0	1	46
fgsea_msigdb_H_entrez:HALLMARK_ALLOGRAFT_REJECTION	3459	1.0	4	46
fgsea_msigdb_H_entrez:HALLMARK_ALLOGRAFT_REJECTION	3551	1.0	1	46
fgsea_msigdb_H_entrez:HALLMARK_ALLOGRAFT_REJECTION	3558	1.0	1	46
fgsea_msigdb_H_entrez:HALLMARK_ALLOGRAFT_REJECTION	3559	1.0	3	46
fgsea_msigdb_H_entrez:HALLMARK_ALLOGRAFT_REJECTION	3560	1.0	5	46
fgsea_msigdb_H_entrez:HALLMARK_ALLOGRAFT_REJECTION	3561	1.0	4	46
fgsea_msigdb_H_entrez:HALLMARK_ALLOGRAFT_REJECTION	3566	1.0	5	46
fgsea_msigdb_H_entrez:HALLMARK_ALLOGRAFT_REJECTION	3574	1.0	3	46
fgsea_msigdb_H_entrez:HALLMARK_ALLOGRAFT_REJECTION	3592	1.0	1	46
fgsea_msigdb_H_entrez:HALLMARK_ALLOGRAFT_REJECTION	3606	1.0	4	46
fgsea_msigdb_H_entrez:HALLMARK_ALLOGRAFT_REJECTION	3683	1.0	1	46
fgsea_msigdb_H_entrez:HALLMARK_ALLOGRAFT_REJECTION	3689	1.0	3	46
fgsea_msigdb_H_entrez:HALLMARK_ALLOGRAFT_REJECTION	3937	1.0	4	46
fgsea_msigdb_H_entrez:HALLMARK_ALLOGRAFT_REJECTION	4050	1.0	3	46
fgsea_msigdb_H_entrez:HALLMARK_ALLOGRAFT_REJECTION	4067	1.0	5	46
fgsea_msigdb_H_entrez:HALLMARK_ALLOGRAFT_REJECTION	5199	1.0	2	46
fgsea_msigdb_H_entrez:HALLMARK_ALLOGRAFT_REJECTION	5551	1.0	2	46
fgsea_msigdb_H_entrez:HALLMARK_ALLOGRAFT_REJECTION	6059	1.0	1	46
fgsea_msigdb_H_entrez:HALLMARK_ALLOGRAFT_REJECTION	6357	1.0	1	46
fgsea_msigdb_H_entrez:HALLMARK_ALLOGRAFT_REJECTION	672	1.0	4	46
fgsea_msigdb_H_entrez:HALLMARK_ALLOGRAFT_REJECTION	6891	1.0	1	46
fgsea_msigdb_H_entrez:HALLMARK_ALLOGRAFT_REJECTION	7097	1.0	4	46
fgsea_msigdb_H_entrez:HALLMARK_ALLOGRAFT_REJECTION	7098	1.0	2	46
fgsea_msigdb_H_entrez:HALLMARK_ALLOGRAFT_REJECTION	7186	1.0	1	46
fgsea_msigdb_H_entrez:HALLMARK_ALLOGRAFT_REJECTION	7535	1.0	1	46
fgsea_msigdb_H_entrez:HALLMARK_ALLOGRAFT_REJECTION	8444	1.0	1	46
fgsea_msigdb_H_entrez:HALLMARK_ALLOGRAFT_REJECTION	8477	1.0	2	46
fgsea_msigdb_H_entrez:HALLMARK_ALLOGRAFT_REJECTION	8560	1.0	1	46
fgsea_msigdb_H_entrez:HALLMARK_ALLOGRAFT_REJECTION	8651	1.0	5	46
fgsea_msigdb_H_entrez:HALLMARK_ALLOGRAFT_REJECTION	8767	1.0	4	46
fgsea_msigdb_H_entrez:HALLMARK_ALLOGRAFT_REJECTION	8915	1.0	3	46
fgsea_msigdb_H_entrez:HALLMARK_ALLOGRAFT_REJECTION	92	1.0	3	46
fgsea_msigdb_H_entrez:HALLMARK_ALLOGRAFT_REJECTION	920	1.0	1	46
fgsea_msigdb_H_entrez:HALLMARK_ALLOGRAFT_REJECTION	972	1.0	2	46
fgsea_msigdb_H_entrez:HALLMARK_ALLOGRAFT_REJECTION	9734	1.0	2	46
fgsea_msigdb_H_entrez:HALLMARK_ANDROGEN_RESPONSE	10257	1.0	1	21
fgsea_msigdb_H_entrez:HALLMARK_ANDROGEN_RESPONSE	10397	1.0	4	21
fgsea_msigdb_H_entrez:HALLMARK_ANDROGEN_RESPONSE	10611	1.0	4	21
fgsea_msigdb_H_entrez:HALLMARK_ANDROGEN_RESPONSE	1622	1.0	1	21
fgsea_msigdb_H_entrez:HALLMARK_ANDROGEN_RESPONSE	1718	1.0	4	21
fgsea_msigdb_H_entrez:HALLMARK_ANDROGEN_RESPONSE	2005	1.0	1	21
fgsea_msigdb_H_entrez:HALLMARK_ANDROGEN_RESPONSE	2181	1.0	2	21
fgsea_msigdb_H_entrez:HALLMARK_ANDROGEN_RESPONSE	2185	1.0	1	21
fgsea_msigdb_H_entrez:HALLMARK_ANDROGEN_RESPONSE	220	1.0	2	21
fgsea_msigdb_H_entrez:HALLMARK_ANDROGEN_RESPONSE	2773	1.0	3	21
fgsea_msigdb_H_entrez:HALLMARK_ANDROGEN_RESPONSE	3156	1.0	3	21
fgsea_msigdb_H_entrez:HALLMARK_ANDROGEN_RESPONSE	3157	1.0	3	21
fgsea_msigdb_H_entrez:HALLMARK_ANDROGEN_RESPONSE	3422	1.0	3	21
fgsea_msigdb_H_entrez:HALLMARK_ANDROGEN_RESPONSE	3638	1.0	4	21
fgsea_msigdb_H_entrez:HALLMARK_ANDROGEN_RESPONSE	5036	1.0	2	21
fgsea_msigdb_H_entrez:HALLMARK_ANDROGEN_RESPONSE	6319	1.0	4	21
fgsea_msigdb_H_entrez:HALLMARK_ANDROGEN_RESPONSE	6722	1.0	1	21
fgsea_msigdb_H_entrez:HALLMARK_ANDROGEN_RESPONSE	7113	1.0	1	21
fgsea_msigdb_H_entrez:HALLMARK_ANDROGEN_RESPONSE	8611	1.0	2	21
fgsea_msigdb_H_entrez:HALLMARK_ANDROGEN_RESPONSE	9053	1.0	3	21
fgsea_msigdb_H_entrez:HALLMARK_ANDROGEN_RESPONSE	9871	1.0	2	21
fgsea_msigdb_H_entrez:HALLMARK_ANGIOGENESIS	10631	1.0	2	8
fgsea_msigdb_H_entrez:HALLMARK_ANGIOGENESIS	4487	1.0	3	8
fgsea_msigdb_H_entrez:HALLMARK_ANGIOGENESIS	5154	1.0	2	8
fgsea_msigdb_H_entrez:HALLMARK_ANGIOGENESIS	5747	1.0	3	8
fgsea_msigdb_H_entrez:HALLMARK_ANGIOGENESIS	6696	1.0	4	8
fgsea_msigdb_H_entrez:HALLMARK_ANGIOGENESIS	7410	1.0	3	8
fgsea_msigdb_H_entrez:HALLMARK_ANGIOGENESIS	7448	1.0	1	8
fgsea_msigdb_H_entrez:HALLMARK_ANGIOGENESIS	8829	1.0	5	8
fgsea_msigdb_H_entrez:HALLMARK_APICAL_JUNCTION	1002	1.0	1	43
fgsea_msigdb_H_entrez:HALLMARK_APICAL_JUNCTION	1009	1.0	2	43
fgsea_msigdb_H_entrez:HALLMARK_APICAL_JUNCTION	1013	1.0	1	43
fgsea_msigdb_H_entrez:HALLMARK_APICAL_JUNCTION	10174	1.0	2	43
fgsea_msigdb_H_entrez:HALLMARK_APICAL_JUNCTION	10458	1.0	2	43
fgsea_msigdb_H_entrez:HALLMARK_APICAL_JUNCTION	1308	1.0	1	43
fgsea_msigdb_H_entrez:HALLMARK_APICAL_JUNCTION	247	1.0	1	43
fgsea_msigdb_H_entrez:HALLMARK_APICAL_JUNCTION	2770	1.0	3	43
fgsea_msigdb_H_entrez:HALLMARK_APICAL_JUNCTION	3265	1.0	3	43
fgsea_msigdb_H_entrez:HALLMARK_APICAL_JUNCTION	3384	1.0	1	43
fgsea_msigdb_H_entrez:HALLMARK_APICAL_JUNCTION	3386	1.0	3	43
fgsea_msigdb_H_entrez:HALLMARK_APICAL_JUNCTION	3638	1.0	4	43
fgsea_msigdb_H_entrez:HALLMARK_APICAL_JUNCTION	3667	1.0	2	43
fgsea_msigdb_H_entrez:HALLMARK_APICAL_JUNCTION	3675	1.0	1	43
fgsea_msigdb_H_entrez:HALLMARK_APICAL_JUNCTION	3691	1.0	3	43
fgsea_msigdb_H_entrez:HALLMARK_APICAL_JUNCTION	4318	1.0	1	43
fgsea_msigdb_H_entrez:HALLMARK_APICAL_JUNCTION	4478	1.0	1	43
fgsea_msigdb_H_entrez:HALLMARK_APICAL_JUNCTION	4627	1.0	5	43
fgsea_msigdb_H_entrez:HALLMARK_APICAL_JUNCTION	4628	1.0	2	43
fgsea_msigdb_H_entrez:HALLMARK_APICAL_JUNCTION	4771	1.0	2	43
fgsea_msigdb_H_entrez:HALLMARK_APICAL_JUNCTION	4892	1.0	1	43
fgsea_msigdb_H_entrez:HALLMARK_APICAL_JUNCTION	4902	1.0	1	43
fgsea_msigdb_H_entrez:HALLMARK_APICAL_JUNCTION	4982	1.0	2	43
fgsea_msigdb_H_entrez:HALLMARK_APICAL_JUNCTION	5010	1.0	1	43
fgsea_msigdb_H_entrez:HALLMARK_APICAL_JUNCTION	5291	1.0	1	43
fgsea_msigdb_H_entrez:HALLMARK_APICAL_JUNCTION	5600	1.0	1	43
fgsea_msigdb_H_entrez:HALLMARK_APICAL_JUNCTION	5747	1.0	3	43
fgsea_msigdb_H_entrez:HALLMARK_APICAL_JUNCTION	5818	1.0	1	43
fgsea_msigdb_H_entrez:HALLMARK_APICAL_JUNCTION	5880	1.0	1	43
fgsea_msigdb_H_entrez:HALLMARK_APICAL_JUNCTION	60	1.0	1	43
fgsea_msigdb_H_entrez:HALLMARK_APICAL_JUNCTION	6237	1.0	1	43
fgsea_msigdb_H_entrez:HALLMARK_APICAL_JUNCTION	6850	1.0	1	43
fgsea_msigdb_H_entrez:HALLMARK_APICAL_JUNCTION	70	1.0	3	43
fgsea_msigdb_H_entrez:HALLMARK_APICAL_JUNCTION	7045	1.0	2	43
fgsea_msigdb_H_entrez:HALLMARK_APICAL_JUNCTION	7070	1.0	3	43
fgsea_msigdb_H_entrez:HALLMARK_APICAL_JUNCTION	7082	1.0	1	43
fgsea_msigdb_H_entrez:HALLMARK_APICAL_JUNCTION	7087	1.0	1	43
fgsea_msigdb_H_entrez:HALLMARK_APICAL_JUNCTION	7185	1.0	4	43
fgsea_msigdb_H_entrez:HALLMARK_APICAL_JUNCTION	7410	1.0	3	43
fgsea_msigdb_H_entrez:HALLMARK_APICAL_JUNCTION	8503	1.0	3	43
fgsea_msigdb_H_entrez:HALLMARK_APICAL_JUNCTION	8515	1.0	1	43
fgsea_msigdb_H_entrez:HALLMARK_APICAL_JUNCTION	8754	1.0	3	43
fgsea_msigdb_H_entrez:HALLMARK_APICAL_JUNCTION	9073	1.0	2	43
fgsea_msigdb_H_entrez:HALLMARK_APICAL_SURFACE	11126	1.0	1	13
fgsea_msigdb_H_entrez:HALLMARK_APICAL_SURFACE	1946	1.0	2	13
fgsea_msigdb_H_entrez:HALLMARK_APICAL_SURFACE	2683	1.0	3	13
fgsea_msigdb_H_entrez:HALLMARK_APICAL_SURFACE	3560	1.0	5	13
fgsea_msigdb_H_entrez:HALLMARK_APICAL_SURFACE	3561	1.0	4	13
fgsea_msigdb_H_entrez:HALLMARK_APICAL_SURFACE	357	1.0	2	13
fgsea_msigdb_H_entrez:HALLMARK_APICAL_SURFACE	4067	1.0	5	13
fgsea_msigdb_H_entrez:HALLMARK_APICAL_SURFACE	5205	1.0	1	13
fgsea_msigdb_H_entrez:HALLMARK_APICAL_SURFACE	5329	1.0	3	13
fgsea_msigdb_H_entrez:HALLMARK_APICAL_SURFACE	6517	1.0	1	13
fgsea_msigdb_H_entrez:HALLMARK_APICAL_SURFACE	672	1.0	4	13
fgsea_msigdb_H_entrez:HALLMARK_APICAL_SURFACE	7070	1.0	3	13
fgsea_msigdb_H_entrez:HALLMARK_APICAL_SURFACE	9696	1.0	1	13
fgsea_msigdb_H_entrez:HALLMARK_APOPTOSIS	10059	1.0	2	40
fgsea_msigdb_H_entrez:HALLMARK_APOPTOSIS	1611	1.0	1	40
fgsea_msigdb_H_entrez:HALLMARK_APOPTOSIS	1634	1.0	4	40
fgsea_msigdb_H_entrez:HALLMARK_APOPTOSIS	2065	1.0	2	40
fgsea_msigdb_H_entrez:HALLMARK_APOPTOSIS	2069	1.0	4	40
fgsea_msigdb_H_entrez:HALLMARK_APOPTOSIS	2147	1.0	4	40
fgsea_msigdb_H_entrez:HALLMARK_APOPTOSIS	2769	1.0	2	40
fgsea_msigdb_H_entrez:HALLMARK_APOPTOSIS	2878	1.0	3	40
fgsea_msigdb_H_entrez:HALLMARK_APOPTOSIS	2879	1.0	2	40
fgsea_msigdb_H_entrez:HALLMARK_APOPTOSIS	2944	1.0	1	40
fgsea_msigdb_H_entrez:HALLMARK_APOPTOSIS	3162	1.0	5	40
fgsea_msigdb_H_entrez:HALLMARK_APOPTOSIS	3456	1.0	1	40
fgsea_msigdb_H_entrez:HALLMARK_APOPTOSIS	3459	1.0	4	40
fgsea_msigdb_H_entrez:HALLMARK_APOPTOSIS	3482	1.0	3	40
fgsea_msigdb_H_entrez:HALLMARK_APOPTOSIS	3489	1.0	1	40
fgsea_msigdb_H_entrez:HALLMARK_APOPTOSIS	3606	1.0	4	40
fgsea_msigdb_H_entrez:HALLMARK_APOPTOSIS	3875	1.0	1	40
fgsea_msigdb_H_entrez:HALLMARK_APOPTOSIS	4739	1.0	2	40
fgsea_msigdb_H_entrez:HALLMARK_APOPTOSIS	4744	1.0	2	40
fgsea_msigdb_H_entrez:HALLMARK_APOPTOSIS	5058	1.0	1	40
fgsea_msigdb_H_entrez:HALLMARK_APOPTOSIS	5327	1.0	4	40
fgsea_msigdb_H_entrez:HALLMARK_APOPTOSIS	5534	1.0	1	40
fgsea_msigdb_H_entrez:HALLMARK_APOPTOSIS	5551	1.0	2	40
fgsea_msigdb_H_entrez:HALLMARK_APOPTOSIS	5663	1.0	3	40
fgsea_msigdb_H_entrez:HALLMARK_APOPTOSIS	5664	1.0	3	40
fgsea_msigdb_H_entrez:HALLMARK_APOPTOSIS	5747	1.0	3	40
fgsea_msigdb_H_entrez:HALLMARK_APOPTOSIS	5970	1.0	3	40
fgsea_msigdb_H_entrez:HALLMARK_APOPTOSIS	599	1.0	1	40
fgsea_msigdb_H_entrez:HALLMARK_APOPTOSIS	6093	1.0	2	40
fgsea_msigdb_H_entrez:HALLMARK_APOPTOSIS	637	1.0	2	40
fgsea_msigdb_H_entrez:HALLMARK_APOPTOSIS	6648	1.0	5	40
fgsea_msigdb_H_entrez:HALLMARK_APOPTOSIS	672	1.0	4	40
fgsea_msigdb_H_entrez:HALLMARK_APOPTOSIS	7049	1.0	3	40
fgsea_msigdb_H_entrez:HALLMARK_APOPTOSIS	839	1.0	3	40
fgsea_msigdb_H_entrez:HALLMARK_APOPTOSIS	840	1.0	3	40
fgsea_msigdb_H_entrez:HALLMARK_APOPTOSIS	842	1.0	3	40
fgsea_msigdb_H_entrez:HALLMARK_APOPTOSIS	8682	1.0	1	40
fgsea_msigdb_H_entrez:HALLMARK_APOPTOSIS	8743	1.0	4	40
fgsea_msigdb_H_entrez:HALLMARK_APOPTOSIS	8915	1.0	3	40
fgsea_msigdb_H_entrez:HALLMARK_APOPTOSIS	9890	1.0	1	40
fgsea_msigdb_H_entrez:HALLMARK_BILE_ACID_METABOLISM	10351	1.0	1	13
fgsea_msigdb_H_entrez:HALLMARK_BILE_ACID_METABOLISM	1593	1.0	2	13
fgsea_msigdb_H_entrez:HALLMARK_BILE_ACID_METABOLISM	21	1.0	2	13
fgsea_msigdb_H_entrez:HALLMARK_BILE_ACID_METABOLISM	225	1.0	2	13
fgsea_msigdb_H_entrez:HALLMARK_BILE_ACID_METABOLISM	335	1.0	1	13
fgsea_msigdb_H_entrez:HALLMARK_BILE_ACID_METABOLISM	3992	1.0	1	13
fgsea_msigdb_H_entrez:HALLMARK_BILE_ACID_METABOLISM	5827	1.0	1	13
fgsea_msigdb_H_entrez:HALLMARK_BILE_ACID_METABOLISM	6647	1.0	3	13
fgsea_msigdb_H_entrez:HALLMARK_BILE_ACID_METABOLISM	6718	1.0	1	13
fgsea_msigdb_H_entrez:HALLMARK_BILE_ACID_METABOLISM	8412	1.0	2	13
fgsea_msigdb_H_entrez:HALLMARK_BILE_ACID_METABOLISM	847	1.0	4	13
fgsea_msigdb_H_entrez:HALLMARK_BILE_ACID_METABOLISM	866	1.0	2	13
fgsea_msigdb_H_entrez:HALLMARK_BILE_ACID_METABOLISM	8800	1.0	1	13
fgsea_msigdb_H_entrez:HALLMARK_CHOLESTEROL_HOMEOSTASIS	10654	1.0	1	18
fgsea_msigdb_H_entrez:HALLMARK_CHOLESTEROL_HOMEOSTASIS	10957	1.0	3	18
fgsea_msigdb_H_entrez:HALLMARK_CHOLESTEROL_HOMEOSTASIS	1717	1.0	3	18
fgsea_msigdb_H_entrez:HALLMARK_CHOLESTEROL_HOMEOSTASIS	20	1.0	1	18
fgsea_msigdb_H_entrez:HALLMARK_CHOLESTEROL_HOMEOSTASIS	2194	1.0	3	18
fgsea_msigdb_H_entrez:HALLMARK_CHOLESTEROL_HOMEOSTASIS	2224	1.0	3	18
fgsea_msigdb_H_entrez:HALLMARK_CHOLESTEROL_HOMEOSTASIS	2770	1.0	3	18
fgsea_msigdb_H_entrez:HALLMARK_CHOLESTEROL_HOMEOSTASIS	3156	1.0	3	18
fgsea_msigdb_H_entrez:HALLMARK_CHOLESTEROL_HOMEOSTASIS	3157	1.0	3	18
fgsea_msigdb_H_entrez:HALLMARK_CHOLESTEROL_HOMEOSTASIS	3422	1.0	3	18
fgsea_msigdb_H_entrez:HALLMARK_CHOLESTEROL_HOMEOSTASIS	4598	1.0	1	18
fgsea_msigdb_H_entrez:HALLMARK_CHOLESTEROL_HOMEOSTASIS	5165	1.0	3	18
fgsea_msigdb_H_entrez:HALLMARK_CHOLESTEROL_HOMEOSTASIS	5359	1.0	4	18
fgsea_msigdb_H_entrez:HALLMARK_CHOLESTEROL_HOMEOSTASIS	5468	1.0	2	18
fgsea_msigdb_H_entrez:HALLMARK_CHOLESTEROL_HOMEOSTASIS	6319	1.0	4	18
fgsea_msigdb_H_entrez:HALLMARK_CHOLESTEROL_HOMEOSTASIS	7108	1.0	2	18
fgsea_msigdb_H_entrez:HALLMARK_CHOLESTEROL_HOMEOSTASIS	875	1.0	1	18
fgsea_msigdb_H_entrez:HALLMARK_CHOLESTEROL_HOMEOSTASIS	9415	1.0	2	18
fgsea_msigdb_H_entrez:HALLMARK_COAGULATION	10404	1.0	2	29
fgsea_msigdb_H_entrez:HALLMARK_COAGULATION	10747	1.0	1	29
fgsea_msigdb_H_entrez:HALLMARK_COAGULATION	11098	1.0	2	29
fgsea_msigdb_H_entrez:HALLMARK_COAGULATION	1397	1.0	1	29
fgsea_msigdb_H_entrez:HALLMARK_COAGULATION	1465	1.0	2	29
fgsea_msigdb_H_entrez:HALLMARK_COAGULATION	1515	1.0	3	29
fgsea_msigdb_H_entrez:HALLMARK_COAGULATION	1519	1.0	2	29
fgsea_msigdb_H_entrez:HALLMARK_COAGULATION	1638	1.0	1	29
fgsea_msigdb_H_entrez:HALLMARK_COAGULATION	1848	1.0	3	29
fgsea_msigdb_H_entrez:HALLMARK_COAGULATION	2147	1.0	4	29
fgsea_msigdb_H_entrez:HALLMARK_COAGULATION	2158	1.0	1	29
fgsea_msigdb_H_entrez:HALLMARK_COAGULATION	2161	1.0	1	29
fgsea_msigdb_H_entrez:HALLMARK_COAGULATION	2165	1.0	1	29
fgsea_msigdb_H_entrez:HALLMARK_COAGULATION	2534	1.0	3	29
fgsea_msigdb_H_entrez:HALLMARK_COAGULATION	2783	1.0	2	29
fgsea_msigdb_H_entrez:HALLMARK_COAGULATION	3075	1.0	4	29
fgsea_msigdb_H_entrez:HALLMARK_COAGULATION	3697	1.0	2	29
fgsea_msigdb_H_entrez:HALLMARK_COAGULATION	3920	1.0	4	29
fgsea_msigdb_H_entrez:HALLMARK_COAGULATION	5155	1.0	3	29
fgsea_msigdb_H_entrez:HALLMARK_COAGULATION	5327	1.0	4	29
fgsea_msigdb_H_entrez:HALLMARK_COAGULATION	5328	1.0	3	29
fgsea_msigdb_H_entrez:HALLMARK_COAGULATION	5550	1.0	2	29
fgsea_msigdb_H_entrez:HALLMARK_COAGULATION	6678	1.0	3	29
fgsea_msigdb_H_entrez:HALLMARK_COAGULATION	7057	1.0	2	29
fgsea_msigdb_H_entrez:HALLMARK_COAGULATION	710	1.0	3	29
fgsea_msigdb_H_entrez:HALLMARK_COAGULATION	824	1.0	1	29
fgsea_msigdb_H_entrez:HALLMARK_COAGULATION	842	1.0	3	29
fgsea_msigdb_H_entrez:HALLMARK_COAGULATION	8754	1.0	3	29
fgsea_msigdb_H_entrez:HALLMARK_COAGULATION	9948	1.0	1	29
fgsea_msigdb_H_entrez:HALLMARK_COMPLEMENT	10404	1.0	2	37
fgsea_msigdb_H_entrez:HALLMARK_COMPLEMENT	11216	1.0	1	37
fgsea_msigdb_H_entrez:HALLMARK_COMPLEMENT	1356	1.0	2	37
fgsea_msigdb_H_entrez:HALLMARK_COMPLEMENT	1378	1.0	1	37
fgsea_msigdb_H_entrez:HALLMARK_COMPLEMENT	1465	1.0	2	37
fgsea_msigdb_H_entrez:HALLMARK_COMPLEMENT	1509	1.0	2	37
fgsea_msigdb_H_entrez:HALLMARK_COMPLEMENT	1515	1.0	3	37
fgsea_msigdb_H_entrez:HALLMARK_COMPLEMENT	1519	1.0	2	37
fgsea_msigdb_H_entrez:HALLMARK_COMPLEMENT	1520	1.0	3	37
fgsea_msigdb_H_entrez:HALLMARK_COMPLEMENT	1848	1.0	3	37
fgsea_msigdb_H_entrez:HALLMARK_COMPLEMENT	2147	1.0	4	37
fgsea_msigdb_H_entrez:HALLMARK_COMPLEMENT	2534	1.0	3	37
fgsea_msigdb_H_entrez:HALLMARK_COMPLEMENT	2764	1.0	1	37
fgsea_msigdb_H_entrez:HALLMARK_COMPLEMENT	2773	1.0	3	37
fgsea_msigdb_H_entrez:HALLMARK_COMPLEMENT	2783	1.0	2	37
fgsea_msigdb_H_entrez:HALLMARK_COMPLEMENT	3075	1.0	4	37
fgsea_msigdb_H_entrez:HALLMARK_COMPLEMENT	337	1.0	1	37
fgsea_msigdb_H_entrez:HALLMARK_COMPLEMENT	3697	1.0	2	37
fgsea_msigdb_H_entrez:HALLMARK_COMPLEMENT	3796	1.0	2	37
fgsea_msigdb_H_entrez:HALLMARK_COMPLEMENT	3920	1.0	4	37
fgsea_msigdb_H_entrez:HALLMARK_COMPLEMENT	3937	1.0	4	37
fgsea_msigdb_H_entrez:HALLMARK_COMPLEMENT	4067	1.0	5	37
fgsea_msigdb_H_entrez:HALLMARK_COMPLEMENT	4321	1.0	1	37
fgsea_msigdb_H_entrez:HALLMARK_COMPLEMENT	4855	1.0	2	37
fgsea_msigdb_H_entrez:HALLMARK_COMPLEMENT	5155	1.0	3	37
fgsea_msigdb_H_entrez:HALLMARK_COMPLEMENT	5292	1.0	5	37
fgsea_msigdb_H_entrez:HALLMARK_COMPLEMENT	5327	1.0	4	37
fgsea_msigdb_H_entrez:HALLMARK_COMPLEMENT	5359	1.0	4	37
fgsea_msigdb_H_entrez:HALLMARK_COMPLEMENT	5550	1.0	2	37
fgsea_msigdb_H_entrez:HALLMARK_COMPLEMENT	5663	1.0	3	37
fgsea_msigdb_H_entrez:HALLMARK_COMPLEMENT	5698	1.0	2	37
fgsea_msigdb_H_entrez:HALLMARK_COMPLEMENT	6935	1.0	1	37
fgsea_msigdb_H_entrez:HALLMARK_COMPLEMENT	710	1.0	3	37
fgsea_msigdb_H_entrez:HALLMARK_COMPLEMENT	801	1.0	1	37
fgsea_msigdb_H_entrez:HALLMARK_COMPLEMENT	842	1.0	3	37
fgsea_msigdb_H_entrez:HALLMARK_COMPLEMENT	8754	1.0	3	37
fgsea_msigdb_H_entrez:HALLMARK_COMPLEMENT	9101	1.0	1	37
fgsea_msigdb_H_entrez:HALLMARK_DNA_REPAIR	10063	1.0	2	23
fgsea_msigdb_H_entrez:HALLMARK_DNA_REPAIR	1069	1.0	1	23
fgsea_msigdb_H_entrez:HALLMARK_DNA_REPAIR	10978	1.0	1	23
fgsea_msigdb_H_entrez:HALLMARK_DNA_REPAIR	112	1.0	1	23
fgsea_msigdb_H_entrez:HALLMARK_DNA_REPAIR	1479	1.0	1	23
fgsea_msigdb_H_entrez:HALLMARK_DNA_REPAIR	1603	1.0	1	23
fgsea_msigdb_H_entrez:HALLMARK_DNA_REPAIR	1642	1.0	1	23
fgsea_msigdb_H_entrez:HALLMARK_DNA_REPAIR	1716	1.0	1	23
fgsea_msigdb_H_entrez:HALLMARK_DNA_REPAIR	2067	1.0	2	23
fgsea_msigdb_H_entrez:HALLMARK_DNA_REPAIR	2965	1.0	2	23
fgsea_msigdb_H_entrez:HALLMARK_DNA_REPAIR	353	1.0	1	23
fgsea_msigdb_H_entrez:HALLMARK_DNA_REPAIR	4860	1.0	4	23
fgsea_msigdb_H_entrez:HALLMARK_DNA_REPAIR	5423	1.0	1	23
fgsea_msigdb_H_entrez:HALLMARK_DNA_REPAIR	5429	1.0	2	23
fgsea_msigdb_H_entrez:HALLMARK_DNA_REPAIR	5430	1.0	1	23
fgsea_msigdb_H_entrez:HALLMARK_DNA_REPAIR	5433	1.0	1	23
fgsea_msigdb_H_entrez:HALLMARK_DNA_REPAIR	6119	1.0	2	23
fgsea_msigdb_H_entrez:HALLMARK_DNA_REPAIR	6809	1.0	1	23
fgsea_msigdb_H_entrez:HALLMARK_DNA_REPAIR	6878	1.0	1	23
fgsea_msigdb_H_entrez:HALLMARK_DNA_REPAIR	6883	1.0	1	23
fgsea_msigdb_H_entrez:HALLMARK_DNA_REPAIR	9328	1.0	2	23
fgsea_msigdb_H_entrez:HALLMARK_DNA_REPAIR	9533	1.0	1	23
fgsea_msigdb_H_entrez:HALLMARK_DNA_REPAIR	9883	1.0	2	23
fgsea_msigdb_H_entrez:HALLMARK_E2F_TARGETS	1019	1.0	2	38
fgsea_msigdb_H_entrez:HALLMARK_E2F_TARGETS	10212	1.0	2	38
fgsea_msigdb_H_entrez:HALLMARK_E2F_TARGETS	1029	1.0	3	38
fgsea_msigdb_H_entrez:HALLMARK_E2F_TARGETS	10527	1.0	1	38
fgsea_msigdb_H_entrez:HALLMARK_E2F_TARGETS	10528	1.0	1	38
fgsea_msigdb_H_entrez:HALLMARK_E2F_TARGETS	10606	1.0	1	38
fgsea_msigdb_H_entrez:HALLMARK_E2F_TARGETS	10615	1.0	1	38
fgsea_msigdb_H_entrez:HALLMARK_E2F_TARGETS	11113	1.0	1	38
fgsea_msigdb_H_entrez:HALLMARK_E2F_TARGETS	11168	1.0	1	38
fgsea_msigdb_H_entrez:HALLMARK_E2F_TARGETS	11340	1.0	1	38
fgsea_msigdb_H_entrez:HALLMARK_E2F_TARGETS	1503	1.0	1	38
fgsea_msigdb_H_entrez:HALLMARK_E2F_TARGETS	2547	1.0	1	38
fgsea_msigdb_H_entrez:HALLMARK_E2F_TARGETS	2935	1.0	2	38
fgsea_msigdb_H_entrez:HALLMARK_E2F_TARGETS	3159	1.0	2	38
fgsea_msigdb_H_entrez:HALLMARK_E2F_TARGETS	3184	1.0	2	38
fgsea_msigdb_H_entrez:HALLMARK_E2F_TARGETS	3925	1.0	3	38
fgsea_msigdb_H_entrez:HALLMARK_E2F_TARGETS	4683	1.0	2	38
fgsea_msigdb_H_entrez:HALLMARK_E2F_TARGETS	4999	1.0	1	38
fgsea_msigdb_H_entrez:HALLMARK_E2F_TARGETS	5036	1.0	2	38
fgsea_msigdb_H_entrez:HALLMARK_E2F_TARGETS	5426	1.0	2	38
fgsea_msigdb_H_entrez:HALLMARK_E2F_TARGETS	5558	1.0	2	38
fgsea_msigdb_H_entrez:HALLMARK_E2F_TARGETS	5810	1.0	1	38
fgsea_msigdb_H_entrez:HALLMARK_E2F_TARGETS	5931	1.0	1	38
fgsea_msigdb_H_entrez:HALLMARK_E2F_TARGETS	6119	1.0	2	38
fgsea_msigdb_H_entrez:HALLMARK_E2F_TARGETS	6426	1.0	2	38
fgsea_msigdb_H_entrez:HALLMARK_E2F_TARGETS	6628	1.0	1	38
fgsea_msigdb_H_entrez:HALLMARK_E2F_TARGETS	672	1.0	4	38
fgsea_msigdb_H_entrez:HALLMARK_E2F_TARGETS	675	1.0	3	38
fgsea_msigdb_H_entrez:HALLMARK_E2F_TARGETS	6839	1.0	2	38
fgsea_msigdb_H_entrez:HALLMARK_E2F_TARGETS	7037	1.0	4	38
fgsea_msigdb_H_entrez:HALLMARK_E2F_TARGETS	7153	1.0	3	38
fgsea_msigdb_H_entrez:HALLMARK_E2F_TARGETS	8726	1.0	1	38
fgsea_msigdb_H_entrez:HALLMARK_E2F_TARGETS	898	1.0	3	38
fgsea_msigdb_H_entrez:HALLMARK_E2F_TARGETS	9133	1.0	4	38
fgsea_msigdb_H_entrez:HALLMARK_E2F_TARGETS	9183	1.0	2	38
fgsea_msigdb_H_entrez:HALLMARK_E2F_TARGETS	9738	1.0	2	38
fgsea_msigdb_H_entrez:HALLMARK_E2F_TARGETS	983	1.0	5	38
fgsea_msigdb_H_entrez:HALLMARK_E2F_TARGETS	9972	1.0	1	38
fgsea_msigdb_H_entrez:HALLMARK_EPITHELIAL_MESENCHYMAL_TRANSITION	10085	1.0	1	44
fgsea_msigdb_H_entrez:HALLMARK_EPITHELIAL_MESENCHYMAL_TRANSITION	1009	1.0	2	44
fgsea_msigdb_H_entrez:HALLMARK_EPITHELIAL_MESENCHYMAL_TRANSITION	10486	1.0	1	44
fgsea_msigdb_H_entrez:HALLMARK_EPITHELIAL_MESENCHYMAL_TRANSITION	10631	1.0	2	44
fgsea_msigdb_H_entrez:HALLMARK_EPITHELIAL_MESENCHYMAL_TRANSITION	11010	1.0	1	44
fgsea_msigdb_H_entrez:HALLMARK_EPITHELIAL_MESENCHYMAL_TRANSITION	1278	1.0	2	44
fgsea_msigdb_H_entrez:HALLMARK_EPITHELIAL_MESENCHYMAL_TRANSITION	1289	1.0	3	44
fgsea_msigdb_H_entrez:HALLMARK_EPITHELIAL_MESENCHYMAL_TRANSITION	1293	1.0	2	44
fgsea_msigdb_H_entrez:HALLMARK_EPITHELIAL_MESENCHYMAL_TRANSITION	1311	1.0	1	44
fgsea_msigdb_H_entrez:HALLMARK_EPITHELIAL_MESENCHYMAL_TRANSITION	1601	1.0	1	44
fgsea_msigdb_H_entrez:HALLMARK_EPITHELIAL_MESENCHYMAL_TRANSITION	1634	1.0	4	44
fgsea_msigdb_H_entrez:HALLMARK_EPITHELIAL_MESENCHYMAL_TRANSITION	2191	1.0	1	44
fgsea_msigdb_H_entrez:HALLMARK_EPITHELIAL_MESENCHYMAL_TRANSITION	2201	1.0	1	44
fgsea_msigdb_H_entrez:HALLMARK_EPITHELIAL_MESENCHYMAL_TRANSITION	2517	1.0	1	44
fgsea_msigdb_H_entrez:HALLMARK_EPITHELIAL_MESENCHYMAL_TRANSITION	2669	1.0	2	44
fgsea_msigdb_H_entrez:HALLMARK_EPITHELIAL_MESENCHYMAL_TRANSITION	333	1.0	2	44
fgsea_msigdb_H_entrez:HALLMARK_EPITHELIAL_MESENCHYMAL_TRANSITION	3485	1.0	3	44
fgsea_msigdb_H_entrez:HALLMARK_EPITHELIAL_MESENCHYMAL_TRANSITION	3486	1.0	5	44
fgsea_msigdb_H_entrez:HALLMARK_EPITHELIAL_MESENCHYMAL_TRANSITION	3487	1.0	2	44
fgsea_msigdb_H_entrez:HALLMARK_EPITHELIAL_MESENCHYMAL_TRANSITION	3576	1.0	2	44
fgsea_msigdb_H_entrez:HALLMARK_EPITHELIAL_MESENCHYMAL_TRANSITION	3690	1.0	3	44
fgsea_msigdb_H_entrez:HALLMARK_EPITHELIAL_MESENCHYMAL_TRANSITION	3693	1.0	2	44
fgsea_msigdb_H_entrez:HALLMARK_EPITHELIAL_MESENCHYMAL_TRANSITION	4487	1.0	3	44
fgsea_msigdb_H_entrez:HALLMARK_EPITHELIAL_MESENCHYMAL_TRANSITION	4982	1.0	2	44
fgsea_msigdb_H_entrez:HALLMARK_EPITHELIAL_MESENCHYMAL_TRANSITION	5352	1.0	3	44
fgsea_msigdb_H_entrez:HALLMARK_EPITHELIAL_MESENCHYMAL_TRANSITION	5396	1.0	2	44
fgsea_msigdb_H_entrez:HALLMARK_EPITHELIAL_MESENCHYMAL_TRANSITION	5645	1.0	1	44
fgsea_msigdb_H_entrez:HALLMARK_EPITHELIAL_MESENCHYMAL_TRANSITION	5744	1.0	1	44
fgsea_msigdb_H_entrez:HALLMARK_EPITHELIAL_MESENCHYMAL_TRANSITION	5806	1.0	2	44
fgsea_msigdb_H_entrez:HALLMARK_EPITHELIAL_MESENCHYMAL_TRANSITION	5817	1.0	2	44
fgsea_msigdb_H_entrez:HALLMARK_EPITHELIAL_MESENCHYMAL_TRANSITION	5999	1.0	2	44
fgsea_msigdb_H_entrez:HALLMARK_EPITHELIAL_MESENCHYMAL_TRANSITION	6387	1.0	2	44
fgsea_msigdb_H_entrez:HALLMARK_EPITHELIAL_MESENCHYMAL_TRANSITION	6443	1.0	1	44
fgsea_msigdb_H_entrez:HALLMARK_EPITHELIAL_MESENCHYMAL_TRANSITION	6591	1.0	2	44
fgsea_msigdb_H_entrez:HALLMARK_EPITHELIAL_MESENCHYMAL_TRANSITION	667	1.0	3	44
fgsea_msigdb_H_entrez:HALLMARK_EPITHELIAL_MESENCHYMAL_TRANSITION	6678	1.0	3	44
fgsea_msigdb_H_entrez:HALLMARK_EPITHELIAL_MESENCHYMAL_TRANSITION	6696	1.0	4	44
fgsea_msigdb_H_entrez:HALLMARK_EPITHELIAL_MESENCHYMAL_TRANSITION	7049	1.0	3	44
fgsea_msigdb_H_entrez:HALLMARK_EPITHELIAL_MESENCHYMAL_TRANSITION	7052	1.0	4	44
fgsea_msigdb_H_entrez:HALLMARK_EPITHELIAL_MESENCHYMAL_TRANSITION	7057	1.0	2	44
fgsea_msigdb_H_entrez:HALLMARK_EPITHELIAL_MESENCHYMAL_TRANSITION	7058	1.0	1	44
fgsea_msigdb_H_entrez:HALLMARK_EPITHELIAL_MESENCHYMAL_TRANSITION	7169	1.0	2	44
fgsea_msigdb_H_entrez:HALLMARK_EPITHELIAL_MESENCHYMAL_TRANSITION	7171	1.0	1	44
fgsea_msigdb_H_entrez:HALLMARK_EPITHELIAL_MESENCHYMAL_TRANSITION	7456	1.0	1	44
fgsea_msigdb_H_entrez:HALLMARK_ESTROGEN_RESPONSE_EARLY	10160	1.0	2	35
fgsea_msigdb_H_entrez:HALLMARK_ESTROGEN_RESPONSE_EARLY	10560	1.0	2	35
fgsea_msigdb_H_entrez:HALLMARK_ESTROGEN_RESPONSE_EARLY	11031	1.0	1	35
fgsea_msigdb_H_entrez:HALLMARK_ESTROGEN_RESPONSE_EARLY	11098	1.0	2	35
fgsea_msigdb_H_entrez:HALLMARK_ESTROGEN_RESPONSE_EARLY	1154	1.0	2	35
fgsea_msigdb_H_entrez:HALLMARK_ESTROGEN_RESPONSE_EARLY	1717	1.0	3	35
fgsea_msigdb_H_entrez:HALLMARK_ESTROGEN_RESPONSE_EARLY	2194	1.0	3	35
fgsea_msigdb_H_entrez:HALLMARK_ESTROGEN_RESPONSE_EARLY	2296	1.0	1	35
fgsea_msigdb_H_entrez:HALLMARK_ESTROGEN_RESPONSE_EARLY	2317	1.0	2	35
fgsea_msigdb_H_entrez:HALLMARK_ESTROGEN_RESPONSE_EARLY	267	1.0	1	35
fgsea_msigdb_H_entrez:HALLMARK_ESTROGEN_RESPONSE_EARLY	3480	1.0	3	35
fgsea_msigdb_H_entrez:HALLMARK_ESTROGEN_RESPONSE_EARLY	3487	1.0	2	35
fgsea_msigdb_H_entrez:HALLMARK_ESTROGEN_RESPONSE_EARLY	3860	1.0	2	35
fgsea_msigdb_H_entrez:HALLMARK_ESTROGEN_RESPONSE_EARLY	4886	1.0	1	35
fgsea_msigdb_H_entrez:HALLMARK_ESTROGEN_RESPONSE_EARLY	5420	1.0	1	35
fgsea_msigdb_H_entrez:HALLMARK_ESTROGEN_RESPONSE_EARLY	5655	1.0	1	35
fgsea_msigdb_H_entrez:HALLMARK_ESTROGEN_RESPONSE_EARLY	573	1.0	2	35
fgsea_msigdb_H_entrez:HALLMARK_ESTROGEN_RESPONSE_EARLY	5979	1.0	2	35
fgsea_msigdb_H_entrez:HALLMARK_ESTROGEN_RESPONSE_EARLY	6387	1.0	2	35
fgsea_msigdb_H_entrez:HALLMARK_ESTROGEN_RESPONSE_EARLY	6513	1.0	4	35
fgsea_msigdb_H_entrez:HALLMARK_ESTROGEN_RESPONSE_EARLY	6566	1.0	1	35
fgsea_msigdb_H_entrez:HALLMARK_ESTROGEN_RESPONSE_EARLY	6658	1.0	1	35
fgsea_msigdb_H_entrez:HALLMARK_ESTROGEN_RESPONSE_EARLY	6840	1.0	2	35
fgsea_msigdb_H_entrez:HALLMARK_ESTROGEN_RESPONSE_EARLY	7022	1.0	1	35
fgsea_msigdb_H_entrez:HALLMARK_ESTROGEN_RESPONSE_EARLY	7031	1.0	1	35
fgsea_msigdb_H_entrez:HALLMARK_ESTROGEN_RESPONSE_EARLY	7052	1.0	4	35
fgsea_msigdb_H_entrez:HALLMARK_ESTROGEN_RESPONSE_EARLY	771	1.0	2	35
fgsea_msigdb_H_entrez:HALLMARK_ESTROGEN_RESPONSE_EARLY	7739	1.0	1	35
fgsea_msigdb_H_entrez:HALLMARK_ESTROGEN_RESPONSE_EARLY	8204	1.0	1	35
fgsea_msigdb_H_entrez:HALLMARK_ESTROGEN_RESPONSE_EARLY	9060	1.0	1	35
fgsea_msigdb_H_entrez:HALLMARK_ESTROGEN_RESPONSE_EARLY	9094	1.0	1	35
fgsea_msigdb_H_entrez:HALLMARK_ESTROGEN_RESPONSE_EARLY	9145	1.0	1	35
fgsea_msigdb_H_entrez:HALLMARK_ESTROGEN_RESPONSE_EARLY	9214	1.0	1	35
fgsea_msigdb_H_entrez:HALLMARK_ESTROGEN_RESPONSE_EARLY	9620	1.0	2	35
fgsea_msigdb_H_entrez:HALLMARK_ESTROGEN_RESPONSE_EARLY	9687	1.0	1	35
fgsea_msigdb_H_entrez:HALLMARK_ESTROGEN_RESPONSE_LATE	10140	1.0	2	28
fgsea_msigdb_H_entrez:HALLMARK_ESTROGEN_RESPONSE_LATE	10202	1.0	1	28
fgsea_msigdb_H_entrez:HALLMARK_ESTROGEN_RESPONSE_LATE	10733	1.0	2	28
fgsea_msigdb_H_entrez:HALLMARK_ESTROGEN_RESPONSE_LATE	11145	1.0	1	28
fgsea_msigdb_H_entrez:HALLMARK_ESTROGEN_RESPONSE_LATE	1363	1.0	1	28
fgsea_msigdb_H_entrez:HALLMARK_ESTROGEN_RESPONSE_LATE	21	1.0	2	28
fgsea_msigdb_H_entrez:HALLMARK_ESTROGEN_RESPONSE_LATE	2289	1.0	1	28
fgsea_msigdb_H_entrez:HALLMARK_ESTROGEN_RESPONSE_LATE	3547	1.0	1	28
fgsea_msigdb_H_entrez:HALLMARK_ESTROGEN_RESPONSE_LATE	3669	1.0	2	28
fgsea_msigdb_H_entrez:HALLMARK_ESTROGEN_RESPONSE_LATE	3705	1.0	1	28
fgsea_msigdb_H_entrez:HALLMARK_ESTROGEN_RESPONSE_LATE	374	1.0	1	28
fgsea_msigdb_H_entrez:HALLMARK_ESTROGEN_RESPONSE_LATE	3993	1.0	1	28
fgsea_msigdb_H_entrez:HALLMARK_ESTROGEN_RESPONSE_LATE	4192	1.0	1	28
fgsea_msigdb_H_entrez:HALLMARK_ESTROGEN_RESPONSE_LATE	5174	1.0	1	28
fgsea_msigdb_H_entrez:HALLMARK_ESTROGEN_RESPONSE_LATE	5603	1.0	1	28
fgsea_msigdb_H_entrez:HALLMARK_ESTROGEN_RESPONSE_LATE	5618	1.0	1	28
fgsea_msigdb_H_entrez:HALLMARK_ESTROGEN_RESPONSE_LATE	5777	1.0	1	28
fgsea_msigdb_H_entrez:HALLMARK_ESTROGEN_RESPONSE_LATE	6337	1.0	1	28
fgsea_msigdb_H_entrez:HALLMARK_ESTROGEN_RESPONSE_LATE	6478	1.0	1	28
fgsea_msigdb_H_entrez:HALLMARK_ESTROGEN_RESPONSE_LATE	6584	1.0	1	28
fgsea_msigdb_H_entrez:HALLMARK_ESTROGEN_RESPONSE_LATE	7033	1.0	1	28
fgsea_msigdb_H_entrez:HALLMARK_ESTROGEN_RESPONSE_LATE	7164	1.0	1	28
fgsea_msigdb_H_entrez:HALLMARK_ESTROGEN_RESPONSE_LATE	7494	1.0	2	28
fgsea_msigdb_H_entrez:HALLMARK_ESTROGEN_RESPONSE_LATE	8309	1.0	2	28
fgsea_msigdb_H_entrez:HALLMARK_ESTROGEN_RESPONSE_LATE	857	1.0	1	28
fgsea_msigdb_H_entrez:HALLMARK_ESTROGEN_RESPONSE_LATE	928	1.0	1	28
fgsea_msigdb_H_entrez:HALLMARK_ESTROGEN_RESPONSE_LATE	9368	1.0	1	28
fgsea_msigdb_H_entrez:HALLMARK_ESTROGEN_RESPONSE_LATE	960	1.0	1	28
fgsea_msigdb_H_entrez:HALLMARK_FATTY_ACID_METABOLISM	10449	1.0	2	24
fgsea_msigdb_H_entrez:HALLMARK_FATTY_ACID_METABOLISM	10455	1.0	2	24
fgsea_msigdb_H_entrez:HALLMARK_FATTY_ACID_METABOLISM	11343	1.0	2	24
fgsea_msigdb_H_entrez:HALLMARK_FATTY_ACID_METABOLISM	1371	1.0	2	24
fgsea_msigdb_H_entrez:HALLMARK_FATTY_ACID_METABOLISM	1376	1.0	1	24
fgsea_msigdb_H_entrez:HALLMARK_FATTY_ACID_METABOLISM	1579	1.0	1	24
fgsea_msigdb_H_entrez:HALLMARK_FATTY_ACID_METABOLISM	158	1.0	1	24
fgsea_msigdb_H_entrez:HALLMARK_FATTY_ACID_METABOLISM	1632	1.0	2	24
fgsea_msigdb_H_entrez:HALLMARK_FATTY_ACID_METABOLISM	1666	1.0	2	24
fgsea_msigdb_H_entrez:HALLMARK_FATTY_ACID_METABOLISM	1718	1.0	4	24
fgsea_msigdb_H_entrez:HALLMARK_FATTY_ACID_METABOLISM	2027	1.0	4	24
fgsea_msigdb_H_entrez:HALLMARK_FATTY_ACID_METABOLISM	2110	1.0	2	24
fgsea_msigdb_H_entrez:HALLMARK_FATTY_ACID_METABOLISM	2194	1.0	3	24
fgsea_msigdb_H_entrez:HALLMARK_FATTY_ACID_METABOLISM	2752	1.0	1	24
fgsea_msigdb_H_entrez:HALLMARK_FATTY_ACID_METABOLISM	364	1.0	1	24
fgsea_msigdb_H_entrez:HALLMARK_FATTY_ACID_METABOLISM	37	1.0	2	24
fgsea_msigdb_H_entrez:HALLMARK_FATTY_ACID_METABOLISM	4191	1.0	3	24
fgsea_msigdb_H_entrez:HALLMARK_FATTY_ACID_METABOLISM	4683	1.0	2	24
fgsea_msigdb_H_entrez:HALLMARK_FATTY_ACID_METABOLISM	51	1.0	2	24
fgsea_msigdb_H_entrez:HALLMARK_FATTY_ACID_METABOLISM	5162	1.0	2	24
fgsea_msigdb_H_entrez:HALLMARK_FATTY_ACID_METABOLISM	5720	1.0	2	24
fgsea_msigdb_H_entrez:HALLMARK_FATTY_ACID_METABOLISM	644	1.0	2	24
fgsea_msigdb_H_entrez:HALLMARK_FATTY_ACID_METABOLISM	873	1.0	1	24
fgsea_msigdb_H_entrez:HALLMARK_FATTY_ACID_METABOLISM	8801	1.0	1	24
fgsea_msigdb_H_entrez:HALLMARK_G2M_CHECKPOINT	10146	1.0	1	48
fgsea_msigdb_H_entrez:HALLMARK_G2M_CHECKPOINT	1019	1.0	2	48
fgsea_msigdb_H_entrez:HALLMARK_G2M_CHECKPOINT	10212	1.0	2	48
fgsea_msigdb_H_entrez:HALLMARK_G2M_CHECKPOINT	10419	1.0	1	48
fgsea_msigdb_H_entrez:HALLMARK_G2M_CHECKPOINT	10432	1.0	1	48
fgsea_msigdb_H_entrez:HALLMARK_G2M_CHECKPOINT	10951	1.0	1	48
fgsea_msigdb_H_entrez:HALLMARK_G2M_CHECKPOINT	11044	1.0	2	48
fgsea_msigdb_H_entrez:HALLMARK_G2M_CHECKPOINT	11104	1.0	1	48
fgsea_msigdb_H_entrez:HALLMARK_G2M_CHECKPOINT	1112	1.0	1	48
fgsea_msigdb_H_entrez:HALLMARK_G2M_CHECKPOINT	1736	1.0	1	48
fgsea_msigdb_H_entrez:HALLMARK_G2M_CHECKPOINT	1871	1.0	1	48
fgsea_msigdb_H_entrez:HALLMARK_G2M_CHECKPOINT	1946	1.0	2	48
fgsea_msigdb_H_entrez:HALLMARK_G2M_CHECKPOINT	2130	1.0	1	48
fgsea_msigdb_H_entrez:HALLMARK_G2M_CHECKPOINT	262	1.0	2	48
fgsea_msigdb_H_entrez:HALLMARK_G2M_CHECKPOINT	2935	1.0	2	48
fgsea_msigdb_H_entrez:HALLMARK_G2M_CHECKPOINT	3091	1.0	4	48
fgsea_msigdb_H_entrez:HALLMARK_G2M_CHECKPOINT	3151	1.0	1	48
fgsea_msigdb_H_entrez:HALLMARK_G2M_CHECKPOINT	3159	1.0	2	48
fgsea_msigdb_H_entrez:HALLMARK_G2M_CHECKPOINT	3184	1.0	2	48
fgsea_msigdb_H_entrez:HALLMARK_G2M_CHECKPOINT	3226	1.0	1	48
fgsea_msigdb_H_entrez:HALLMARK_G2M_CHECKPOINT	3799	1.0	2	48
fgsea_msigdb_H_entrez:HALLMARK_G2M_CHECKPOINT	3925	1.0	3	48
fgsea_msigdb_H_entrez:HALLMARK_G2M_CHECKPOINT	4082	1.0	3	48
fgsea_msigdb_H_entrez:HALLMARK_G2M_CHECKPOINT	4088	1.0	3	48
fgsea_msigdb_H_entrez:HALLMARK_G2M_CHECKPOINT	4212	1.0	1	48
fgsea_msigdb_H_entrez:HALLMARK_G2M_CHECKPOINT	5426	1.0	2	48
fgsea_msigdb_H_entrez:HALLMARK_G2M_CHECKPOINT	5558	1.0	2	48
fgsea_msigdb_H_entrez:HALLMARK_G2M_CHECKPOINT	5976	1.0	1	48
fgsea_msigdb_H_entrez:HALLMARK_G2M_CHECKPOINT	602	1.0	2	48
fgsea_msigdb_H_entrez:HALLMARK_G2M_CHECKPOINT	6426	1.0	2	48
fgsea_msigdb_H_entrez:HALLMARK_G2M_CHECKPOINT	6541	1.0	2	48
fgsea_msigdb_H_entrez:HALLMARK_G2M_CHECKPOINT	6558	1.0	2	48
fgsea_msigdb_H_entrez:HALLMARK_G2M_CHECKPOINT	6632	1.0	1	48
fgsea_msigdb_H_entrez:HALLMARK_G2M_CHECKPOINT	675	1.0	3	48
fgsea_msigdb_H_entrez:HALLMARK_G2M_CHECKPOINT	6839	1.0	2	48
fgsea_msigdb_H_entrez:HALLMARK_G2M_CHECKPOINT	7090	1.0	2	48
fgsea_msigdb_H_entrez:HALLMARK_G2M_CHECKPOINT	7150	1.0	2	48
fgsea_msigdb_H_entrez:HALLMARK_G2M_CHECKPOINT	7153	1.0	3	48
fgsea_msigdb_H_entrez:HALLMARK_G2M_CHECKPOINT	7486	1.0	1	48
fgsea_msigdb_H_entrez:HALLMARK_G2M_CHECKPOINT	8243	1.0	1	48
fgsea_msigdb_H_entrez:HALLMARK_G2M_CHECKPOINT	8452	1.0	1	48
fgsea_msigdb_H_entrez:HALLMARK_G2M_CHECKPOINT	8819	1.0	3	48
fgsea_msigdb_H_entrez:HALLMARK_G2M_CHECKPOINT	8899	1.0	1	48
fgsea_msigdb_H_entrez:HALLMARK_G2M_CHECKPOINT	899	1.0	1	48
fgsea_msigdb_H_entrez:HALLMARK_G2M_CHECKPOINT	9133	1.0	4	48
fgsea_msigdb_H_entrez:HALLMARK_G2M_CHECKPOINT	9184	1.0	1	48
fgsea_msigdb_H_entrez:HALLMARK_G2M_CHECKPOINT	983	1.0	5	48
fgsea_msigdb_H_entrez:HALLMARK_G2M_CHECKPOINT	996	1.0	3	48
fgsea_msigdb_H_entrez:HALLMARK_GLYCOLYSIS	10112	1.0	1	60
fgsea_msigdb_H_entrez:HALLMARK_GLYCOLYSIS	10164	1.0	1	60
fgsea_msigdb_H_entrez:HALLMARK_GLYCOLYSIS	10456	1.0	1	60
fgsea_msigdb_H_entrez:HALLMARK_GLYCOLYSIS	10616	1.0	2	60
fgsea_msigdb_H_entrez:HALLMARK_GLYCOLYSIS	10776	1.0	1	60
fgsea_msigdb_H_entrez:HALLMARK_GLYCOLYSIS	11285	1.0	1	60
fgsea_msigdb_H_entrez:HALLMARK_GLYCOLYSIS	1289	1.0	3	60
fgsea_msigdb_H_entrez:HALLMARK_GLYCOLYSIS	1528	1.0	2	60
fgsea_msigdb_H_entrez:HALLMARK_GLYCOLYSIS	1634	1.0	4	60
fgsea_msigdb_H_entrez:HALLMARK_GLYCOLYSIS	1824	1.0	1	60
fgsea_msigdb_H_entrez:HALLMARK_GLYCOLYSIS	1999	1.0	1	60
fgsea_msigdb_H_entrez:HALLMARK_GLYCOLYSIS	2131	1.0	2	60
fgsea_msigdb_H_entrez:HALLMARK_GLYCOLYSIS	229	1.0	2	60
fgsea_msigdb_H_entrez:HALLMARK_GLYCOLYSIS	2542	1.0	3	60
fgsea_msigdb_H_entrez:HALLMARK_GLYCOLYSIS	2585	1.0	1	60
fgsea_msigdb_H_entrez:HALLMARK_GLYCOLYSIS	2673	1.0	1	60
fgsea_msigdb_H_entrez:HALLMARK_GLYCOLYSIS	2683	1.0	3	60
fgsea_msigdb_H_entrez:HALLMARK_GLYCOLYSIS	2745	1.0	1	60
fgsea_msigdb_H_entrez:HALLMARK_GLYCOLYSIS	2805	1.0	1	60
fgsea_msigdb_H_entrez:HALLMARK_GLYCOLYSIS	2817	1.0	1	60
fgsea_msigdb_H_entrez:HALLMARK_GLYCOLYSIS	3069	1.0	1	60
fgsea_msigdb_H_entrez:HALLMARK_GLYCOLYSIS	3417	1.0	1	60
fgsea_msigdb_H_entrez:HALLMARK_GLYCOLYSIS	3486	1.0	5	60
fgsea_msigdb_H_entrez:HALLMARK_GLYCOLYSIS	3796	1.0	2	60
fgsea_msigdb_H_entrez:HALLMARK_GLYCOLYSIS	3925	1.0	3	60
fgsea_msigdb_H_entrez:HALLMARK_GLYCOLYSIS	4166	1.0	1	60
fgsea_msigdb_H_entrez:HALLMARK_GLYCOLYSIS	4191	1.0	3	60
fgsea_msigdb_H_entrez:HALLMARK_GLYCOLYSIS	4282	1.0	1	60
fgsea_msigdb_H_entrez:HALLMARK_GLYCOLYSIS	4601	1.0	2	60
fgsea_msigdb_H_entrez:HALLMARK_GLYCOLYSIS	4731	1.0	1	60
fgsea_msigdb_H_entrez:HALLMARK_GLYCOLYSIS	501	1.0	1	60
fgsea_msigdb_H_entrez:HALLMARK_GLYCOLYSIS	5033	1.0	3	60
fgsea_msigdb_H_entrez:HALLMARK_GLYCOLYSIS	5165	1.0	3	60
fgsea_msigdb_H_entrez:HALLMARK_GLYCOLYSIS	5223	1.0	1	60
fgsea_msigdb_H_entrez:HALLMARK_GLYCOLYSIS	5352	1.0	3	60
fgsea_msigdb_H_entrez:HALLMARK_GLYCOLYSIS	5516	1.0	1	60
fgsea_msigdb_H_entrez:HALLMARK_GLYCOLYSIS	5631	1.0	1	60
fgsea_msigdb_H_entrez:HALLMARK_GLYCOLYSIS	5836	1.0	1	60
fgsea_msigdb_H_entrez:HALLMARK_GLYCOLYSIS	6383	1.0	3	60
fgsea_msigdb_H_entrez:HALLMARK_GLYCOLYSIS	6662	1.0	2	60
fgsea_msigdb_H_entrez:HALLMARK_GLYCOLYSIS	6676	1.0	1	60
fgsea_msigdb_H_entrez:HALLMARK_GLYCOLYSIS	6888	1.0	2	60
fgsea_msigdb_H_entrez:HALLMARK_GLYCOLYSIS	7045	1.0	2	60
fgsea_msigdb_H_entrez:HALLMARK_GLYCOLYSIS	7162	1.0	2	60
fgsea_msigdb_H_entrez:HALLMARK_GLYCOLYSIS	726	1.0	1	60
fgsea_msigdb_H_entrez:HALLMARK_GLYCOLYSIS	7264	1.0	1	60
fgsea_msigdb_H_entrez:HALLMARK_GLYCOLYSIS	7295	1.0	1	60
fgsea_msigdb_H_entrez:HALLMARK_GLYCOLYSIS	7436	1.0	1	60
fgsea_msigdb_H_entrez:HALLMARK_GLYCOLYSIS	839	1.0	3	60
fgsea_msigdb_H_entrez:HALLMARK_GLYCOLYSIS	8534	1.0	1	60
fgsea_msigdb_H_entrez:HALLMARK_GLYCOLYSIS	8614	1.0	1	60
fgsea_msigdb_H_entrez:HALLMARK_GLYCOLYSIS	8789	1.0	1	60
fgsea_msigdb_H_entrez:HALLMARK_GLYCOLYSIS	8819	1.0	3	60
fgsea_msigdb_H_entrez:HALLMARK_GLYCOLYSIS	8912	1.0	1	60
fgsea_msigdb_H_entrez:HALLMARK_GLYCOLYSIS	8974	1.0	3	60
fgsea_msigdb_H_entrez:HALLMARK_GLYCOLYSIS	9276	1.0	2	60
fgsea_msigdb_H_entrez:HALLMARK_GLYCOLYSIS	9348	1.0	1	60
fgsea_msigdb_H_entrez:HALLMARK_GLYCOLYSIS	9435	1.0	2	60
fgsea_msigdb_H_entrez:HALLMARK_GLYCOLYSIS	9456	1.0	1	60
fgsea_msigdb_H_entrez:HALLMARK_GLYCOLYSIS	983	1.0	5	60
fgsea_msigdb_H_entrez:HALLMARK_HEDGEHOG_SIGNALING	1271	1.0	3	10
fgsea_msigdb_H_entrez:HALLMARK_HEDGEHOG_SIGNALING	3897	1.0	1	10
fgsea_msigdb_H_entrez:HALLMARK_HEDGEHOG_SIGNALING	4627	1.0	5	10
fgsea_msigdb_H_entrez:HALLMARK_HEDGEHOG_SIGNALING	4897	1.0	1	10
fgsea_msigdb_H_entrez:HALLMARK_HEDGEHOG_SIGNALING	7070	1.0	3	10
fgsea_msigdb_H_entrez:HALLMARK_HEDGEHOG_SIGNALING	7088	1.0	1	10
fgsea_msigdb_H_entrez:HALLMARK_HEDGEHOG_SIGNALING	7090	1.0	2	10
fgsea_msigdb_H_entrez:HALLMARK_HEDGEHOG_SIGNALING	8828	1.0	1	10
fgsea_msigdb_H_entrez:HALLMARK_HEDGEHOG_SIGNALING	8829	1.0	5	10
fgsea_msigdb_H_entrez:HALLMARK_HEDGEHOG_SIGNALING	9620	1.0	2	10
fgsea_msigdb_H_entrez:HALLMARK_HEME_METABOLISM	1039	1.0	1	41
fgsea_msigdb_H_entrez:HALLMARK_HEME_METABOLISM	10661	1.0	1	41
fgsea_msigdb_H_entrez:HALLMARK_HEME_METABOLISM	10840	1.0	1	41
fgsea_msigdb_H_entrez:HALLMARK_HEME_METABOLISM	10841	1.0	1	41
fgsea_msigdb_H_entrez:HALLMARK_HEME_METABOLISM	1182	1.0	2	41
fgsea_msigdb_H_entrez:HALLMARK_HEME_METABOLISM	1371	1.0	2	41
fgsea_msigdb_H_entrez:HALLMARK_HEME_METABOLISM	2057	1.0	1	41
fgsea_msigdb_H_entrez:HALLMARK_HEME_METABOLISM	212	1.0	1	41
fgsea_msigdb_H_entrez:HALLMARK_HEME_METABOLISM	286	1.0	1	41
fgsea_msigdb_H_entrez:HALLMARK_HEME_METABOLISM	2908	1.0	3	41
fgsea_msigdb_H_entrez:HALLMARK_HEME_METABOLISM	2993	1.0	1	41
fgsea_msigdb_H_entrez:HALLMARK_HEME_METABOLISM	2994	1.0	1	41
fgsea_msigdb_H_entrez:HALLMARK_HEME_METABOLISM	2995	1.0	2	41
fgsea_msigdb_H_entrez:HALLMARK_HEME_METABOLISM	2996	1.0	1	41
fgsea_msigdb_H_entrez:HALLMARK_HEME_METABOLISM	3045	1.0	1	41
fgsea_msigdb_H_entrez:HALLMARK_HEME_METABOLISM	3386	1.0	3	41
fgsea_msigdb_H_entrez:HALLMARK_HEME_METABOLISM	3920	1.0	4	41
fgsea_msigdb_H_entrez:HALLMARK_HEME_METABOLISM	4005	1.0	2	41
fgsea_msigdb_H_entrez:HALLMARK_HEME_METABOLISM	4259	1.0	2	41
fgsea_msigdb_H_entrez:HALLMARK_HEME_METABOLISM	4329	1.0	2	41
fgsea_msigdb_H_entrez:HALLMARK_HEME_METABOLISM	440	1.0	3	41
fgsea_msigdb_H_entrez:HALLMARK_HEME_METABOLISM	4601	1.0	2	41
fgsea_msigdb_H_entrez:HALLMARK_HEME_METABOLISM	4891	1.0	2	41
fgsea_msigdb_H_entrez:HALLMARK_HEME_METABOLISM	5498	1.0	1	41
fgsea_msigdb_H_entrez:HALLMARK_HEME_METABOLISM	6006	1.0	1	41
fgsea_msigdb_H_entrez:HALLMARK_HEME_METABOLISM	6397	1.0	1	41
fgsea_msigdb_H_entrez:HALLMARK_HEME_METABOLISM	644	1.0	2	41
fgsea_msigdb_H_entrez:HALLMARK_HEME_METABOLISM	6513	1.0	4	41
fgsea_msigdb_H_entrez:HALLMARK_HEME_METABOLISM	669	1.0	3	41
fgsea_msigdb_H_entrez:HALLMARK_HEME_METABOLISM	682	1.0	2	41
fgsea_msigdb_H_entrez:HALLMARK_HEME_METABOLISM	7037	1.0	4	41
fgsea_msigdb_H_entrez:HALLMARK_HEME_METABOLISM	7145	1.0	1	41
fgsea_msigdb_H_entrez:HALLMARK_HEME_METABOLISM	7150	1.0	2	41
fgsea_msigdb_H_entrez:HALLMARK_HEME_METABOLISM	7716	1.0	1	41
fgsea_msigdb_H_entrez:HALLMARK_HEME_METABOLISM	8301	1.0	1	41
fgsea_msigdb_H_entrez:HALLMARK_HEME_METABOLISM	8364	1.0	1	41
fgsea_msigdb_H_entrez:HALLMARK_HEME_METABOLISM	8867	1.0	1	41
fgsea_msigdb_H_entrez:HALLMARK_HEME_METABOLISM	8974	1.0	3	41
fgsea_msigdb_H_entrez:HALLMARK_HEME_METABOLISM	8991	1.0	2	41
fgsea_msigdb_H_entrez:HALLMARK_HEME_METABOLISM	9091	1.0	1	41
fgsea_msigdb_H_entrez:HALLMARK_HEME_METABOLISM	996	1.0	3	41
fgsea_msigdb_H_entrez:HALLMARK_HYPOXIA	10397	1.0	4	40
fgsea_msigdb_H_entrez:HALLMARK_HYPOXIA	10957	1.0	3	40
fgsea_msigdb_H_entrez:HALLMARK_HYPOXIA	10994	1.0	1	40
fgsea_msigdb_H_entrez:HALLMARK_HYPOXIA	1289	1.0	3	40
fgsea_msigdb_H_entrez:HALLMARK_HYPOXIA	1356	1.0	2	40
fgsea_msigdb_H_entrez:HALLMARK_HYPOXIA	1634	1.0	4	40
fgsea_msigdb_H_entrez:HALLMARK_HYPOXIA	2027	1.0	4	40
fgsea_msigdb_H_entrez:HALLMARK_HYPOXIA	2113	1.0	3	40
fgsea_msigdb_H_entrez:HALLMARK_HYPOXIA	2131	1.0	2	40
fgsea_msigdb_H_entrez:HALLMARK_HYPOXIA	229	1.0	2	40
fgsea_msigdb_H_entrez:HALLMARK_HYPOXIA	2542	1.0	3	40
fgsea_msigdb_H_entrez:HALLMARK_HYPOXIA	2908	1.0	3	40
fgsea_msigdb_H_entrez:HALLMARK_HYPOXIA	3162	1.0	5	40
fgsea_msigdb_H_entrez:HALLMARK_HYPOXIA	3423	1.0	1	40
fgsea_msigdb_H_entrez:HALLMARK_HYPOXIA	3484	1.0	1	40
fgsea_msigdb_H_entrez:HALLMARK_HYPOXIA	3486	1.0	5	40
fgsea_msigdb_H_entrez:HALLMARK_HYPOXIA	4214	1.0	2	40
fgsea_msigdb_H_entrez:HALLMARK_HYPOXIA	4627	1.0	5	40
fgsea_msigdb_H_entrez:HALLMARK_HYPOXIA	5155	1.0	3	40
fgsea_msigdb_H_entrez:HALLMARK_HYPOXIA	5165	1.0	3	40
fgsea_msigdb_H_entrez:HALLMARK_HYPOXIA	5260	1.0	1	40
fgsea_msigdb_H_entrez:HALLMARK_HYPOXIA	5292	1.0	5	40
fgsea_msigdb_H_entrez:HALLMARK_HYPOXIA	5317	1.0	2	40
fgsea_msigdb_H_entrez:HALLMARK_HYPOXIA	5507	1.0	2	40
fgsea_msigdb_H_entrez:HALLMARK_HYPOXIA	5837	1.0	2	40
fgsea_msigdb_H_entrez:HALLMARK_HYPOXIA	6095	1.0	2	40
fgsea_msigdb_H_entrez:HALLMARK_HYPOXIA	6383	1.0	3	40
fgsea_msigdb_H_entrez:HALLMARK_HYPOXIA	6513	1.0	4	40
fgsea_msigdb_H_entrez:HALLMARK_HYPOXIA	6518	1.0	2	40
fgsea_msigdb_H_entrez:HALLMARK_HYPOXIA	6576	1.0	1	40
fgsea_msigdb_H_entrez:HALLMARK_HYPOXIA	7052	1.0	4	40
fgsea_msigdb_H_entrez:HALLMARK_HYPOXIA	7538	1.0	2	40
fgsea_msigdb_H_entrez:HALLMARK_HYPOXIA	771	1.0	2	40
fgsea_msigdb_H_entrez:HALLMARK_HYPOXIA	839	1.0	3	40
fgsea_msigdb_H_entrez:HALLMARK_HYPOXIA	8459	1.0	1	40
fgsea_msigdb_H_entrez:HALLMARK_HYPOXIA	8819	1.0	3	40
fgsea_msigdb_H_entrez:HALLMARK_HYPOXIA	8974	1.0	3	40
fgsea_msigdb_H_entrez:HALLMARK_HYPOXIA	8987	1.0	1	40
fgsea_msigdb_H_entrez:HALLMARK_HYPOXIA	8991	1.0	2	40
fgsea_msigdb_H_entrez:HALLMARK_HYPOXIA	901	1.0	1	40
fgsea_msigdb_H_entrez:HALLMARK_IL2_STAT5_SIGNALING	10075	1.0	1	40
fgsea_msigdb_H_entrez:HALLMARK_IL2_STAT5_SIGNALING	10397	1.0	4	40
fgsea_msigdb_H_entrez:HALLMARK_IL2_STAT5_SIGNALING	1154	1.0	2	40
fgsea_msigdb_H_entrez:HALLMARK_IL2_STAT5_SIGNALING	1291	1.0	1	40
fgsea_msigdb_H_entrez:HALLMARK_IL2_STAT5_SIGNALING	2027	1.0	4	40
fgsea_msigdb_H_entrez:HALLMARK_IL2_STAT5_SIGNALING	2983	1.0	1	40
fgsea_msigdb_H_entrez:HALLMARK_IL2_STAT5_SIGNALING	333	1.0	2	40
fgsea_msigdb_H_entrez:HALLMARK_IL2_STAT5_SIGNALING	3459	1.0	4	40
fgsea_msigdb_H_entrez:HALLMARK_IL2_STAT5_SIGNALING	3480	1.0	3	40
fgsea_msigdb_H_entrez:HALLMARK_IL2_STAT5_SIGNALING	3482	1.0	3	40
fgsea_msigdb_H_entrez:HALLMARK_IL2_STAT5_SIGNALING	3559	1.0	3	40
fgsea_msigdb_H_entrez:HALLMARK_IL2_STAT5_SIGNALING	3560	1.0	5	40
fgsea_msigdb_H_entrez:HALLMARK_IL2_STAT5_SIGNALING	3566	1.0	5	40
fgsea_msigdb_H_entrez:HALLMARK_IL2_STAT5_SIGNALING	4050	1.0	3	40
fgsea_msigdb_H_entrez:HALLMARK_IL2_STAT5_SIGNALING	4641	1.0	2	40
fgsea_msigdb_H_entrez:HALLMARK_IL2_STAT5_SIGNALING	4860	1.0	4	40
fgsea_msigdb_H_entrez:HALLMARK_IL2_STAT5_SIGNALING	5033	1.0	3	40
fgsea_msigdb_H_entrez:HALLMARK_IL2_STAT5_SIGNALING	5167	1.0	1	40
fgsea_msigdb_H_entrez:HALLMARK_IL2_STAT5_SIGNALING	5269	1.0	1	40
fgsea_msigdb_H_entrez:HALLMARK_IL2_STAT5_SIGNALING	5292	1.0	5	40
fgsea_msigdb_H_entrez:HALLMARK_IL2_STAT5_SIGNALING	5325	1.0	1	40
fgsea_msigdb_H_entrez:HALLMARK_IL2_STAT5_SIGNALING	5359	1.0	4	40
fgsea_msigdb_H_entrez:HALLMARK_IL2_STAT5_SIGNALING	5583	1.0	1	40
fgsea_msigdb_H_entrez:HALLMARK_IL2_STAT5_SIGNALING	5621	1.0	2	40
fgsea_msigdb_H_entrez:HALLMARK_IL2_STAT5_SIGNALING	5732	1.0	2	40
fgsea_msigdb_H_entrez:HALLMARK_IL2_STAT5_SIGNALING	6004	1.0	4	40
fgsea_msigdb_H_entrez:HALLMARK_IL2_STAT5_SIGNALING	6095	1.0	2	40
fgsea_msigdb_H_entrez:HALLMARK_IL2_STAT5_SIGNALING	6696	1.0	4	40
fgsea_msigdb_H_entrez:HALLMARK_IL2_STAT5_SIGNALING	7052	1.0	4	40
fgsea_msigdb_H_entrez:HALLMARK_IL2_STAT5_SIGNALING	7185	1.0	4	40
fgsea_msigdb_H_entrez:HALLMARK_IL2_STAT5_SIGNALING	8202	1.0	2	40
fgsea_msigdb_H_entrez:HALLMARK_IL2_STAT5_SIGNALING	825	1.0	1	40
fgsea_msigdb_H_entrez:HALLMARK_IL2_STAT5_SIGNALING	8477	1.0	2	40
fgsea_msigdb_H_entrez:HALLMARK_IL2_STAT5_SIGNALING	8530	1.0	1	40
fgsea_msigdb_H_entrez:HALLMARK_IL2_STAT5_SIGNALING	8611	1.0	2	40
fgsea_msigdb_H_entrez:HALLMARK_IL2_STAT5_SIGNALING	8651	1.0	5	40
fgsea_msigdb_H_entrez:HALLMARK_IL2_STAT5_SIGNALING	8728	1.0	1	40
fgsea_msigdb_H_entrez:HALLMARK_IL2_STAT5_SIGNALING	8743	1.0	4	40
fgsea_msigdb_H_entrez:HALLMARK_IL2_STAT5_SIGNALING	8829	1.0	5	40
fgsea_msigdb_H_entrez:HALLMARK_IL2_STAT5_SIGNALING	898	1.0	3	40
fgsea_msigdb_H_entrez:HALLMARK_IL6_JAK_STAT3_SIGNALING	1271	1.0	3	21
fgsea_msigdb_H_entrez:HALLMARK_IL6_JAK_STAT3_SIGNALING	2	1.0	1	21
fgsea_msigdb_H_entrez:HALLMARK_IL6_JAK_STAT3_SIGNALING	3162	1.0	5	21
fgsea_msigdb_H_entrez:HALLMARK_IL6_JAK_STAT3_SIGNALING	3459	1.0	4	21
fgsea_msigdb_H_entrez:HALLMARK_IL6_JAK_STAT3_SIGNALING	3559	1.0	3	21
fgsea_msigdb_H_entrez:HALLMARK_IL6_JAK_STAT3_SIGNALING	3561	1.0	4	21
fgsea_msigdb_H_entrez:HALLMARK_IL6_JAK_STAT3_SIGNALING	3566	1.0	5	21
fgsea_msigdb_H_entrez:HALLMARK_IL6_JAK_STAT3_SIGNALING	3572	1.0	3	21
fgsea_msigdb_H_entrez:HALLMARK_IL6_JAK_STAT3_SIGNALING	3574	1.0	3	21
fgsea_msigdb_H_entrez:HALLMARK_IL6_JAK_STAT3_SIGNALING	3581	1.0	1	21
fgsea_msigdb_H_entrez:HALLMARK_IL6_JAK_STAT3_SIGNALING	3588	1.0	1	21
fgsea_msigdb_H_entrez:HALLMARK_IL6_JAK_STAT3_SIGNALING	3601	1.0	4	21
fgsea_msigdb_H_entrez:HALLMARK_IL6_JAK_STAT3_SIGNALING	3690	1.0	3	21
fgsea_msigdb_H_entrez:HALLMARK_IL6_JAK_STAT3_SIGNALING	4050	1.0	3	21
fgsea_msigdb_H_entrez:HALLMARK_IL6_JAK_STAT3_SIGNALING	5292	1.0	5	21
fgsea_msigdb_H_entrez:HALLMARK_IL6_JAK_STAT3_SIGNALING	5770	1.0	2	21
fgsea_msigdb_H_entrez:HALLMARK_IL6_JAK_STAT3_SIGNALING	7097	1.0	4	21
fgsea_msigdb_H_entrez:HALLMARK_IL6_JAK_STAT3_SIGNALING	7297	1.0	1	21
fgsea_msigdb_H_entrez:HALLMARK_IL6_JAK_STAT3_SIGNALING	8651	1.0	5	21
fgsea_msigdb_H_entrez:HALLMARK_IL6_JAK_STAT3_SIGNALING	9021	1.0	3	21
fgsea_msigdb_H_entrez:HALLMARK_IL6_JAK_STAT3_SIGNALING	9180	1.0	2	21
fgsea_msigdb_H_entrez:HALLMARK_INFLAMMATORY_RESPONSE	10006	1.0	3	68
fgsea_msigdb_H_entrez:HALLMARK_INFLAMMATORY_RESPONSE	10316	1.0	1	68
fgsea_msigdb_H_entrez:HALLMARK_INFLAMMATORY_RESPONSE	1240	1.0	3	68
fgsea_msigdb_H_entrez:HALLMARK_INFLAMMATORY_RESPONSE	1318	1.0	1	68
fgsea_msigdb_H_entrez:HALLMARK_INFLAMMATORY_RESPONSE	1536	1.0	1	68
fgsea_msigdb_H_entrez:HALLMARK_INFLAMMATORY_RESPONSE	1839	1.0	5	68
fgsea_msigdb_H_entrez:HALLMARK_INFLAMMATORY_RESPONSE	1906	1.0	2	68
fgsea_msigdb_H_entrez:HALLMARK_INFLAMMATORY_RESPONSE	196	1.0	1	68
fgsea_msigdb_H_entrez:HALLMARK_INFLAMMATORY_RESPONSE	2069	1.0	4	68
fgsea_msigdb_H_entrez:HALLMARK_INFLAMMATORY_RESPONSE	2152	1.0	2	68
fgsea_msigdb_H_entrez:HALLMARK_INFLAMMATORY_RESPONSE	2769	1.0	2	68
fgsea_msigdb_H_entrez:HALLMARK_INFLAMMATORY_RESPONSE	2773	1.0	3	68
fgsea_msigdb_H_entrez:HALLMARK_INFLAMMATORY_RESPONSE	3091	1.0	4	68
fgsea_msigdb_H_entrez:HALLMARK_INFLAMMATORY_RESPONSE	3386	1.0	3	68
fgsea_msigdb_H_entrez:HALLMARK_INFLAMMATORY_RESPONSE	3454	1.0	1	68
fgsea_msigdb_H_entrez:HALLMARK_INFLAMMATORY_RESPONSE	3554	1.0	1	68
fgsea_msigdb_H_entrez:HALLMARK_INFLAMMATORY_RESPONSE	3560	1.0	5	68
fgsea_msigdb_H_entrez:HALLMARK_INFLAMMATORY_RESPONSE	3566	1.0	5	68
fgsea_msigdb_H_entrez:HALLMARK_INFLAMMATORY_RESPONSE	3575	1.0	2	68
fgsea_msigdb_H_entrez:HALLMARK_INFLAMMATORY_RESPONSE	3576	1.0	2	68
fgsea_msigdb_H_entrez:HALLMARK_INFLAMMATORY_RESPONSE	3593	1.0	3	68
fgsea_msigdb_H_entrez:HALLMARK_INFLAMMATORY_RESPONSE	3601	1.0	4	68
fgsea_msigdb_H_entrez:HALLMARK_INFLAMMATORY_RESPONSE	3606	1.0	4	68
fgsea_msigdb_H_entrez:HALLMARK_INFLAMMATORY_RESPONSE	3627	1.0	2	68
fgsea_msigdb_H_entrez:HALLMARK_INFLAMMATORY_RESPONSE	3656	1.0	1	68
fgsea_msigdb_H_entrez:HALLMARK_INFLAMMATORY_RESPONSE	366	1.0	1	68
fgsea_msigdb_H_entrez:HALLMARK_INFLAMMATORY_RESPONSE	3690	1.0	3	68
fgsea_msigdb_H_entrez:HALLMARK_INFLAMMATORY_RESPONSE	3696	1.0	1	68
fgsea_msigdb_H_entrez:HALLMARK_INFLAMMATORY_RESPONSE	3738	1.0	1	68
fgsea_msigdb_H_entrez:HALLMARK_INFLAMMATORY_RESPONSE	3937	1.0	4	68
fgsea_msigdb_H_entrez:HALLMARK_INFLAMMATORY_RESPONSE	4061	1.0	2	68
fgsea_msigdb_H_entrez:HALLMARK_INFLAMMATORY_RESPONSE	4067	1.0	5	68
fgsea_msigdb_H_entrez:HALLMARK_INFLAMMATORY_RESPONSE	4084	1.0	2	68
fgsea_msigdb_H_entrez:HALLMARK_INFLAMMATORY_RESPONSE	4210	1.0	2	68
fgsea_msigdb_H_entrez:HALLMARK_INFLAMMATORY_RESPONSE	4224	1.0	1	68
fgsea_msigdb_H_entrez:HALLMARK_INFLAMMATORY_RESPONSE	4693	1.0	1	68
fgsea_msigdb_H_entrez:HALLMARK_INFLAMMATORY_RESPONSE	4790	1.0	4	68
fgsea_msigdb_H_entrez:HALLMARK_INFLAMMATORY_RESPONSE	4891	1.0	2	68
fgsea_msigdb_H_entrez:HALLMARK_INFLAMMATORY_RESPONSE	490	1.0	3	68
fgsea_msigdb_H_entrez:HALLMARK_INFLAMMATORY_RESPONSE	5008	1.0	1	68
fgsea_msigdb_H_entrez:HALLMARK_INFLAMMATORY_RESPONSE	5027	1.0	1	68
fgsea_msigdb_H_entrez:HALLMARK_INFLAMMATORY_RESPONSE	5329	1.0	3	68
fgsea_msigdb_H_entrez:HALLMARK_INFLAMMATORY_RESPONSE	5663	1.0	3	68
fgsea_msigdb_H_entrez:HALLMARK_INFLAMMATORY_RESPONSE	5732	1.0	2	68
fgsea_msigdb_H_entrez:HALLMARK_INFLAMMATORY_RESPONSE	5739	1.0	1	68
fgsea_msigdb_H_entrez:HALLMARK_INFLAMMATORY_RESPONSE	5817	1.0	2	68
fgsea_msigdb_H_entrez:HALLMARK_INFLAMMATORY_RESPONSE	5970	1.0	3	68
fgsea_msigdb_H_entrez:HALLMARK_INFLAMMATORY_RESPONSE	6004	1.0	4	68
fgsea_msigdb_H_entrez:HALLMARK_INFLAMMATORY_RESPONSE	6352	1.0	2	68
fgsea_msigdb_H_entrez:HALLMARK_INFLAMMATORY_RESPONSE	6401	1.0	1	68
fgsea_msigdb_H_entrez:HALLMARK_INFLAMMATORY_RESPONSE	6506	1.0	1	68
fgsea_msigdb_H_entrez:HALLMARK_INFLAMMATORY_RESPONSE	6541	1.0	2	68
fgsea_msigdb_H_entrez:HALLMARK_INFLAMMATORY_RESPONSE	6717	1.0	3	68
fgsea_msigdb_H_entrez:HALLMARK_INFLAMMATORY_RESPONSE	7076	1.0	1	68
fgsea_msigdb_H_entrez:HALLMARK_INFLAMMATORY_RESPONSE	7097	1.0	4	68
fgsea_msigdb_H_entrez:HALLMARK_INFLAMMATORY_RESPONSE	7098	1.0	2	68
fgsea_msigdb_H_entrez:HALLMARK_INFLAMMATORY_RESPONSE	7130	1.0	3	68
fgsea_msigdb_H_entrez:HALLMARK_INFLAMMATORY_RESPONSE	7162	1.0	2	68
fgsea_msigdb_H_entrez:HALLMARK_INFLAMMATORY_RESPONSE	719	1.0	2	68
fgsea_msigdb_H_entrez:HALLMARK_INFLAMMATORY_RESPONSE	8519	1.0	1	68
fgsea_msigdb_H_entrez:HALLMARK_INFLAMMATORY_RESPONSE	8743	1.0	4	68
fgsea_msigdb_H_entrez:HALLMARK_INFLAMMATORY_RESPONSE	8767	1.0	4	68
fgsea_msigdb_H_entrez:HALLMARK_INFLAMMATORY_RESPONSE	8877	1.0	4	68
fgsea_msigdb_H_entrez:HALLMARK_INFLAMMATORY_RESPONSE	9153	1.0	1	68
fgsea_msigdb_H_entrez:HALLMARK_INFLAMMATORY_RESPONSE	9180	1.0	2	68
fgsea_msigdb_H_entrez:HALLMARK_INFLAMMATORY_RESPONSE	92	1.0	3	68
fgsea_msigdb_H_entrez:HALLMARK_INFLAMMATORY_RESPONSE	9435	1.0	2	68
fgsea_msigdb_H_entrez:HALLMARK_INFLAMMATORY_RESPONSE	958	1.0	2	68
fgsea_msigdb_H_entrez:HALLMARK_INTERFERON_ALPHA_RESPONSE	11054	1.0	1	13
fgsea_msigdb_H_entrez:HALLMARK_INTERFERON_ALPHA_RESPONSE	3429	1.0	1	13
fgsea_msigdb_H_entrez:HALLMARK_INTERFERON_ALPHA_RESPONSE	3430	1.0	1	13
fgsea_msigdb_H_entrez:HALLMARK_INTERFERON_ALPHA_RESPONSE	3431	1.0	1	13
fgsea_msigdb_H_entrez:HALLMARK_INTERFERON_ALPHA_RESPONSE	3437	1.0	1	13
fgsea_msigdb_H_entrez:HALLMARK_INTERFERON_ALPHA_RESPONSE	3600	1.0	1	13
fgsea_msigdb_H_entrez:HALLMARK_INTERFERON_ALPHA_RESPONSE	3659	1.0	1	13
fgsea_msigdb_H_entrez:HALLMARK_INTERFERON_ALPHA_RESPONSE	3669	1.0	2	13
fgsea_msigdb_H_entrez:HALLMARK_INTERFERON_ALPHA_RESPONSE	6373	1.0	1	13
fgsea_msigdb_H_entrez:HALLMARK_INTERFERON_ALPHA_RESPONSE	716	1.0	1	13
fgsea_msigdb_H_entrez:HALLMARK_INTERFERON_ALPHA_RESPONSE	7318	1.0	1	13
fgsea_msigdb_H_entrez:HALLMARK_INTERFERON_ALPHA_RESPONSE	834	1.0	1	13
fgsea_msigdb_H_entrez:HALLMARK_INTERFERON_ALPHA_RESPONSE	9111	1.0	1	13
fgsea_msigdb_H_entrez:HALLMARK_INTERFERON_GAMMA_RESPONSE	103	1.0	1	49
fgsea_msigdb_H_entrez:HALLMARK_INTERFERON_GAMMA_RESPONSE	10581	1.0	1	49
fgsea_msigdb_H_entrez:HALLMARK_INTERFERON_GAMMA_RESPONSE	10616	1.0	2	49
fgsea_msigdb_H_entrez:HALLMARK_INTERFERON_GAMMA_RESPONSE	10964	1.0	2	49
fgsea_msigdb_H_entrez:HALLMARK_INTERFERON_GAMMA_RESPONSE	1240	1.0	3	49
fgsea_msigdb_H_entrez:HALLMARK_INTERFERON_GAMMA_RESPONSE	3075	1.0	4	49
fgsea_msigdb_H_entrez:HALLMARK_INTERFERON_GAMMA_RESPONSE	3091	1.0	4	49
fgsea_msigdb_H_entrez:HALLMARK_INTERFERON_GAMMA_RESPONSE	3108	1.0	2	49
fgsea_msigdb_H_entrez:HALLMARK_INTERFERON_GAMMA_RESPONSE	3560	1.0	5	49
fgsea_msigdb_H_entrez:HALLMARK_INTERFERON_GAMMA_RESPONSE	3566	1.0	5	49
fgsea_msigdb_H_entrez:HALLMARK_INTERFERON_GAMMA_RESPONSE	3574	1.0	3	49
fgsea_msigdb_H_entrez:HALLMARK_INTERFERON_GAMMA_RESPONSE	3601	1.0	4	49
fgsea_msigdb_H_entrez:HALLMARK_INTERFERON_GAMMA_RESPONSE	3937	1.0	4	49
fgsea_msigdb_H_entrez:HALLMARK_INTERFERON_GAMMA_RESPONSE	4061	1.0	2	49
fgsea_msigdb_H_entrez:HALLMARK_INTERFERON_GAMMA_RESPONSE	4261	1.0	1	49
fgsea_msigdb_H_entrez:HALLMARK_INTERFERON_GAMMA_RESPONSE	4599	1.0	2	49
fgsea_msigdb_H_entrez:HALLMARK_INTERFERON_GAMMA_RESPONSE	4600	1.0	1	49
fgsea_msigdb_H_entrez:HALLMARK_INTERFERON_GAMMA_RESPONSE	4790	1.0	4	49
fgsea_msigdb_H_entrez:HALLMARK_INTERFERON_GAMMA_RESPONSE	4860	1.0	4	49
fgsea_msigdb_H_entrez:HALLMARK_INTERFERON_GAMMA_RESPONSE	4939	1.0	1	49
fgsea_msigdb_H_entrez:HALLMARK_INTERFERON_GAMMA_RESPONSE	5292	1.0	5	49
fgsea_msigdb_H_entrez:HALLMARK_INTERFERON_GAMMA_RESPONSE	5359	1.0	4	49
fgsea_msigdb_H_entrez:HALLMARK_INTERFERON_GAMMA_RESPONSE	5683	1.0	1	49
fgsea_msigdb_H_entrez:HALLMARK_INTERFERON_GAMMA_RESPONSE	5696	1.0	2	49
fgsea_msigdb_H_entrez:HALLMARK_INTERFERON_GAMMA_RESPONSE	5698	1.0	2	49
fgsea_msigdb_H_entrez:HALLMARK_INTERFERON_GAMMA_RESPONSE	5720	1.0	2	49
fgsea_msigdb_H_entrez:HALLMARK_INTERFERON_GAMMA_RESPONSE	5743	1.0	3	49
fgsea_msigdb_H_entrez:HALLMARK_INTERFERON_GAMMA_RESPONSE	5770	1.0	2	49
fgsea_msigdb_H_entrez:HALLMARK_INTERFERON_GAMMA_RESPONSE	6375	1.0	1	49
fgsea_msigdb_H_entrez:HALLMARK_INTERFERON_GAMMA_RESPONSE	6648	1.0	5	49
fgsea_msigdb_H_entrez:HALLMARK_INTERFERON_GAMMA_RESPONSE	669	1.0	3	49
fgsea_msigdb_H_entrez:HALLMARK_INTERFERON_GAMMA_RESPONSE	6717	1.0	3	49
fgsea_msigdb_H_entrez:HALLMARK_INTERFERON_GAMMA_RESPONSE	694	1.0	3	49
fgsea_msigdb_H_entrez:HALLMARK_INTERFERON_GAMMA_RESPONSE	710	1.0	3	49
fgsea_msigdb_H_entrez:HALLMARK_INTERFERON_GAMMA_RESPONSE	7130	1.0	3	49
fgsea_msigdb_H_entrez:HALLMARK_INTERFERON_GAMMA_RESPONSE	7706	1.0	1	49
fgsea_msigdb_H_entrez:HALLMARK_INTERFERON_GAMMA_RESPONSE	8082	1.0	3	49
fgsea_msigdb_H_entrez:HALLMARK_INTERFERON_GAMMA_RESPONSE	8202	1.0	2	49
fgsea_msigdb_H_entrez:HALLMARK_INTERFERON_GAMMA_RESPONSE	840	1.0	3	49
fgsea_msigdb_H_entrez:HALLMARK_INTERFERON_GAMMA_RESPONSE	8651	1.0	5	49
fgsea_msigdb_H_entrez:HALLMARK_INTERFERON_GAMMA_RESPONSE	8673	1.0	1	49
fgsea_msigdb_H_entrez:HALLMARK_INTERFERON_GAMMA_RESPONSE	8737	1.0	1	49
fgsea_msigdb_H_entrez:HALLMARK_INTERFERON_GAMMA_RESPONSE	8743	1.0	4	49
fgsea_msigdb_H_entrez:HALLMARK_INTERFERON_GAMMA_RESPONSE	8767	1.0	4	49
fgsea_msigdb_H_entrez:HALLMARK_INTERFERON_GAMMA_RESPONSE	9021	1.0	3	49
fgsea_msigdb_H_entrez:HALLMARK_INTERFERON_GAMMA_RESPONSE	958	1.0	2	49
fgsea_msigdb_H_entrez:HALLMARK_INTERFERON_GAMMA_RESPONSE	972	1.0	2	49
fgsea_msigdb_H_entrez:HALLMARK_INTERFERON_GAMMA_RESPONSE	9830	1.0	1	49
fgsea_msigdb_H_entrez:HALLMARK_INTERFERON_GAMMA_RESPONSE	9934	1.0	1	49
fgsea_msigdb_H_entrez:HALLMARK_KRAS_SIGNALING_DN	10686	1.0	1	42
fgsea_msigdb_H_entrez:HALLMARK_KRAS_SIGNALING_DN	10734	1.0	1	42
fgsea_msigdb_H_entrez:HALLMARK_KRAS_SIGNALING_DN	10753	1.0	1	42
fgsea_msigdb_H_entrez:HALLMARK_KRAS_SIGNALING_DN	10777	1.0	1	42
fgsea_msigdb_H_entrez:HALLMARK_KRAS_SIGNALING_DN	10964	1.0	2	42
fgsea_msigdb_H_entrez:HALLMARK_KRAS_SIGNALING_DN	10991	1.0	1	42
fgsea_msigdb_H_entrez:HALLMARK_KRAS_SIGNALING_DN	1237	1.0	1	42
fgsea_msigdb_H_entrez:HALLMARK_KRAS_SIGNALING_DN	1271	1.0	3	42
fgsea_msigdb_H_entrez:HALLMARK_KRAS_SIGNALING_DN	152	1.0	1	42
fgsea_msigdb_H_entrez:HALLMARK_KRAS_SIGNALING_DN	2649	1.0	1	42
fgsea_msigdb_H_entrez:HALLMARK_KRAS_SIGNALING_DN	2895	1.0	1	42
fgsea_msigdb_H_entrez:HALLMARK_KRAS_SIGNALING_DN	3291	1.0	2	42
fgsea_msigdb_H_entrez:HALLMARK_KRAS_SIGNALING_DN	3485	1.0	3	42
fgsea_msigdb_H_entrez:HALLMARK_KRAS_SIGNALING_DN	3567	1.0	1	42
fgsea_msigdb_H_entrez:HALLMARK_KRAS_SIGNALING_DN	3593	1.0	3	42
fgsea_msigdb_H_entrez:HALLMARK_KRAS_SIGNALING_DN	3750	1.0	1	42
fgsea_msigdb_H_entrez:HALLMARK_KRAS_SIGNALING_DN	3780	1.0	1	42
fgsea_msigdb_H_entrez:HALLMARK_KRAS_SIGNALING_DN	3860	1.0	2	42
fgsea_msigdb_H_entrez:HALLMARK_KRAS_SIGNALING_DN	3955	1.0	1	42
fgsea_msigdb_H_entrez:HALLMARK_KRAS_SIGNALING_DN	4210	1.0	2	42
fgsea_msigdb_H_entrez:HALLMARK_KRAS_SIGNALING_DN	4439	1.0	1	42
fgsea_msigdb_H_entrez:HALLMARK_KRAS_SIGNALING_DN	4524	1.0	1	42
fgsea_msigdb_H_entrez:HALLMARK_KRAS_SIGNALING_DN	4599	1.0	2	42
fgsea_msigdb_H_entrez:HALLMARK_KRAS_SIGNALING_DN	4908	1.0	1	42
fgsea_msigdb_H_entrez:HALLMARK_KRAS_SIGNALING_DN	4929	1.0	2	42
fgsea_msigdb_H_entrez:HALLMARK_KRAS_SIGNALING_DN	5071	1.0	1	42
fgsea_msigdb_H_entrez:HALLMARK_KRAS_SIGNALING_DN	5078	1.0	2	42
fgsea_msigdb_H_entrez:HALLMARK_KRAS_SIGNALING_DN	5158	1.0	1	42
fgsea_msigdb_H_entrez:HALLMARK_KRAS_SIGNALING_DN	5164	1.0	1	42
fgsea_msigdb_H_entrez:HALLMARK_KRAS_SIGNALING_DN	5317	1.0	2	42
fgsea_msigdb_H_entrez:HALLMARK_KRAS_SIGNALING_DN	5409	1.0	1	42
fgsea_msigdb_H_entrez:HALLMARK_KRAS_SIGNALING_DN	6474	1.0	2	42
fgsea_msigdb_H_entrez:HALLMARK_KRAS_SIGNALING_DN	6620	1.0	1	42
fgsea_msigdb_H_entrez:HALLMARK_KRAS_SIGNALING_DN	6663	1.0	1	42
fgsea_msigdb_H_entrez:HALLMARK_KRAS_SIGNALING_DN	6712	1.0	1	42
fgsea_msigdb_H_entrez:HALLMARK_KRAS_SIGNALING_DN	70	1.0	3	42
fgsea_msigdb_H_entrez:HALLMARK_KRAS_SIGNALING_DN	7038	1.0	1	42
fgsea_msigdb_H_entrez:HALLMARK_KRAS_SIGNALING_DN	7137	1.0	2	42
fgsea_msigdb_H_entrez:HALLMARK_KRAS_SIGNALING_DN	727	1.0	1	42
fgsea_msigdb_H_entrez:HALLMARK_KRAS_SIGNALING_DN	7704	1.0	1	42
fgsea_msigdb_H_entrez:HALLMARK_KRAS_SIGNALING_DN	9073	1.0	2	42
fgsea_msigdb_H_entrez:HALLMARK_KRAS_SIGNALING_DN	9328	1.0	2	42
fgsea_msigdb_H_entrez:HALLMARK_KRAS_SIGNALING_UP	101	1.0	1	50
fgsea_msigdb_H_entrez:HALLMARK_KRAS_SIGNALING_UP	10457	1.0	1	50
fgsea_msigdb_H_entrez:HALLMARK_KRAS_SIGNALING_UP	11179	1.0	1	50
fgsea_msigdb_H_entrez:HALLMARK_KRAS_SIGNALING_UP	12	1.0	1	50
fgsea_msigdb_H_entrez:HALLMARK_KRAS_SIGNALING_UP	1240	1.0	3	50
fgsea_msigdb_H_entrez:HALLMARK_KRAS_SIGNALING_UP	1520	1.0	3	50
fgsea_msigdb_H_entrez:HALLMARK_KRAS_SIGNALING_UP	1794	1.0	2	50
fgsea_msigdb_H_entrez:HALLMARK_KRAS_SIGNALING_UP	1839	1.0	5	50
fgsea_msigdb_H_entrez:HALLMARK_KRAS_SIGNALING_UP	1848	1.0	3	50
fgsea_msigdb_H_entrez:HALLMARK_KRAS_SIGNALING_UP	2069	1.0	4	50
fgsea_msigdb_H_entrez:HALLMARK_KRAS_SIGNALING_UP	2113	1.0	3	50
fgsea_msigdb_H_entrez:HALLMARK_KRAS_SIGNALING_UP	2115	1.0	1	50
fgsea_msigdb_H_entrez:HALLMARK_KRAS_SIGNALING_UP	220	1.0	2	50
fgsea_msigdb_H_entrez:HALLMARK_KRAS_SIGNALING_UP	2556	1.0	1	50
fgsea_msigdb_H_entrez:HALLMARK_KRAS_SIGNALING_UP	2591	1.0	1	50
fgsea_msigdb_H_entrez:HALLMARK_KRAS_SIGNALING_UP	2995	1.0	2	50
fgsea_msigdb_H_entrez:HALLMARK_KRAS_SIGNALING_UP	3075	1.0	4	50
fgsea_msigdb_H_entrez:HALLMARK_KRAS_SIGNALING_UP	3080	1.0	1	50
fgsea_msigdb_H_entrez:HALLMARK_KRAS_SIGNALING_UP	3486	1.0	5	50
fgsea_msigdb_H_entrez:HALLMARK_KRAS_SIGNALING_UP	3561	1.0	4	50
fgsea_msigdb_H_entrez:HALLMARK_KRAS_SIGNALING_UP	3689	1.0	3	50
fgsea_msigdb_H_entrez:HALLMARK_KRAS_SIGNALING_UP	3936	1.0	1	50
fgsea_msigdb_H_entrez:HALLMARK_KRAS_SIGNALING_UP	4013	1.0	2	50
fgsea_msigdb_H_entrez:HALLMARK_KRAS_SIGNALING_UP	4214	1.0	2	50
fgsea_msigdb_H_entrez:HALLMARK_KRAS_SIGNALING_UP	4803	1.0	1	50
fgsea_msigdb_H_entrez:HALLMARK_KRAS_SIGNALING_UP	5121	1.0	1	50
fgsea_msigdb_H_entrez:HALLMARK_KRAS_SIGNALING_UP	5327	1.0	4	50
fgsea_msigdb_H_entrez:HALLMARK_KRAS_SIGNALING_UP	5328	1.0	3	50
fgsea_msigdb_H_entrez:HALLMARK_KRAS_SIGNALING_UP	5396	1.0	2	50
fgsea_msigdb_H_entrez:HALLMARK_KRAS_SIGNALING_UP	5593	1.0	1	50
fgsea_msigdb_H_entrez:HALLMARK_KRAS_SIGNALING_UP	5649	1.0	1	50
fgsea_msigdb_H_entrez:HALLMARK_KRAS_SIGNALING_UP	5696	1.0	2	50
fgsea_msigdb_H_entrez:HALLMARK_KRAS_SIGNALING_UP	5743	1.0	3	50
fgsea_msigdb_H_entrez:HALLMARK_KRAS_SIGNALING_UP	5936	1.0	1	50
fgsea_msigdb_H_entrez:HALLMARK_KRAS_SIGNALING_UP	5950	1.0	1	50
fgsea_msigdb_H_entrez:HALLMARK_KRAS_SIGNALING_UP	6004	1.0	4	50
fgsea_msigdb_H_entrez:HALLMARK_KRAS_SIGNALING_UP	639	1.0	1	50
fgsea_msigdb_H_entrez:HALLMARK_KRAS_SIGNALING_UP	6590	1.0	1	50
fgsea_msigdb_H_entrez:HALLMARK_KRAS_SIGNALING_UP	6662	1.0	2	50
fgsea_msigdb_H_entrez:HALLMARK_KRAS_SIGNALING_UP	669	1.0	3	50
fgsea_msigdb_H_entrez:HALLMARK_KRAS_SIGNALING_UP	6696	1.0	4	50
fgsea_msigdb_H_entrez:HALLMARK_KRAS_SIGNALING_UP	7185	1.0	4	50
fgsea_msigdb_H_entrez:HALLMARK_KRAS_SIGNALING_UP	719	1.0	2	50
fgsea_msigdb_H_entrez:HALLMARK_KRAS_SIGNALING_UP	7476	1.0	1	50
fgsea_msigdb_H_entrez:HALLMARK_KRAS_SIGNALING_UP	8404	1.0	1	50
fgsea_msigdb_H_entrez:HALLMARK_KRAS_SIGNALING_UP	8829	1.0	5	50
fgsea_msigdb_H_entrez:HALLMARK_KRAS_SIGNALING_UP	9053	1.0	3	50
fgsea_msigdb_H_entrez:HALLMARK_KRAS_SIGNALING_UP	9734	1.0	2	50
fgsea_msigdb_H_entrez:HALLMARK_KRAS_SIGNALING_UP	9949	1.0	1	50
fgsea_msigdb_H_entrez:HALLMARK_KRAS_SIGNALING_UP	9971	1.0	1	50
fgsea_msigdb_H_entrez:HALLMARK_MITOTIC_SPINDLE	10006	1.0	3	44
fgsea_msigdb_H_entrez:HALLMARK_MITOTIC_SPINDLE	10160	1.0	2	44
fgsea_msigdb_H_entrez:HALLMARK_MITOTIC_SPINDLE	10163	1.0	1	44
fgsea_msigdb_H_entrez:HALLMARK_MITOTIC_SPINDLE	10435	1.0	1	44
fgsea_msigdb_H_entrez:HALLMARK_MITOTIC_SPINDLE	10565	1.0	1	44
fgsea_msigdb_H_entrez:HALLMARK_MITOTIC_SPINDLE	10611	1.0	4	44
fgsea_msigdb_H_entrez:HALLMARK_MITOTIC_SPINDLE	10928	1.0	1	44
fgsea_msigdb_H_entrez:HALLMARK_MITOTIC_SPINDLE	11064	1.0	1	44
fgsea_msigdb_H_entrez:HALLMARK_MITOTIC_SPINDLE	11133	1.0	1	44
fgsea_msigdb_H_entrez:HALLMARK_MITOTIC_SPINDLE	11190	1.0	1	44
fgsea_msigdb_H_entrez:HALLMARK_MITOTIC_SPINDLE	11214	1.0	1	44
fgsea_msigdb_H_entrez:HALLMARK_MITOTIC_SPINDLE	1453	1.0	1	44
fgsea_msigdb_H_entrez:HALLMARK_MITOTIC_SPINDLE	1794	1.0	2	44
fgsea_msigdb_H_entrez:HALLMARK_MITOTIC_SPINDLE	2317	1.0	2	44
fgsea_msigdb_H_entrez:HALLMARK_MITOTIC_SPINDLE	357	1.0	2	44
fgsea_msigdb_H_entrez:HALLMARK_MITOTIC_SPINDLE	3799	1.0	2	44
fgsea_msigdb_H_entrez:HALLMARK_MITOTIC_SPINDLE	3831	1.0	1	44
fgsea_msigdb_H_entrez:HALLMARK_MITOTIC_SPINDLE	4082	1.0	3	44
fgsea_msigdb_H_entrez:HALLMARK_MITOTIC_SPINDLE	4281	1.0	1	44
fgsea_msigdb_H_entrez:HALLMARK_MITOTIC_SPINDLE	4296	1.0	1	44
fgsea_msigdb_H_entrez:HALLMARK_MITOTIC_SPINDLE	4627	1.0	5	44
fgsea_msigdb_H_entrez:HALLMARK_MITOTIC_SPINDLE	4628	1.0	2	44
fgsea_msigdb_H_entrez:HALLMARK_MITOTIC_SPINDLE	4643	1.0	1	44
fgsea_msigdb_H_entrez:HALLMARK_MITOTIC_SPINDLE	4650	1.0	1	44
fgsea_msigdb_H_entrez:HALLMARK_MITOTIC_SPINDLE	4739	1.0	2	44
fgsea_msigdb_H_entrez:HALLMARK_MITOTIC_SPINDLE	5108	1.0	1	44
fgsea_msigdb_H_entrez:HALLMARK_MITOTIC_SPINDLE	5829	1.0	1	44
fgsea_msigdb_H_entrez:HALLMARK_MITOTIC_SPINDLE	6093	1.0	2	44
fgsea_msigdb_H_entrez:HALLMARK_MITOTIC_SPINDLE	613	1.0	1	44
fgsea_msigdb_H_entrez:HALLMARK_MITOTIC_SPINDLE	6249	1.0	1	44
fgsea_msigdb_H_entrez:HALLMARK_MITOTIC_SPINDLE	667	1.0	3	44
fgsea_msigdb_H_entrez:HALLMARK_MITOTIC_SPINDLE	675	1.0	3	44
fgsea_msigdb_H_entrez:HALLMARK_MITOTIC_SPINDLE	6904	1.0	1	44
fgsea_msigdb_H_entrez:HALLMARK_MITOTIC_SPINDLE	7153	1.0	3	44
fgsea_msigdb_H_entrez:HALLMARK_MITOTIC_SPINDLE	7204	1.0	1	44
fgsea_msigdb_H_entrez:HALLMARK_MITOTIC_SPINDLE	7277	1.0	3	44
fgsea_msigdb_H_entrez:HALLMARK_MITOTIC_SPINDLE	8936	1.0	1	44
fgsea_msigdb_H_entrez:HALLMARK_MITOTIC_SPINDLE	9133	1.0	4	44
fgsea_msigdb_H_entrez:HALLMARK_MITOTIC_SPINDLE	9181	1.0	1	44
fgsea_msigdb_H_entrez:HALLMARK_MITOTIC_SPINDLE	9344	1.0	1	44
fgsea_msigdb_H_entrez:HALLMARK_MITOTIC_SPINDLE	9826	1.0	1	44
fgsea_msigdb_H_entrez:HALLMARK_MITOTIC_SPINDLE	983	1.0	5	44
fgsea_msigdb_H_entrez:HALLMARK_MITOTIC_SPINDLE	996	1.0	3	44
fgsea_msigdb_H_entrez:HALLMARK_MITOTIC_SPINDLE	998	1.0	1	44
fgsea_msigdb_H_entrez:HALLMARK_MTORC1_SIGNALING	10622	1.0	1	32
fgsea_msigdb_H_entrez:HALLMARK_MTORC1_SIGNALING	10962	1.0	1	32
fgsea_msigdb_H_entrez:HALLMARK_MTORC1_SIGNALING	10989	1.0	2	32
fgsea_msigdb_H_entrez:HALLMARK_MTORC1_SIGNALING	1717	1.0	3	32
fgsea_msigdb_H_entrez:HALLMARK_MTORC1_SIGNALING	1718	1.0	4	32
fgsea_msigdb_H_entrez:HALLMARK_MTORC1_SIGNALING	2181	1.0	2	32
fgsea_msigdb_H_entrez:HALLMARK_MTORC1_SIGNALING	2542	1.0	3	32
fgsea_msigdb_H_entrez:HALLMARK_MTORC1_SIGNALING	2965	1.0	2	32
fgsea_msigdb_H_entrez:HALLMARK_MTORC1_SIGNALING	31	1.0	1	32
fgsea_msigdb_H_entrez:HALLMARK_MTORC1_SIGNALING	3156	1.0	3	32
fgsea_msigdb_H_entrez:HALLMARK_MTORC1_SIGNALING	3157	1.0	3	32
fgsea_msigdb_H_entrez:HALLMARK_MTORC1_SIGNALING	3475	1.0	2	32
fgsea_msigdb_H_entrez:HALLMARK_MTORC1_SIGNALING	3488	1.0	2	32
fgsea_msigdb_H_entrez:HALLMARK_MTORC1_SIGNALING	3638	1.0	4	32
fgsea_msigdb_H_entrez:HALLMARK_MTORC1_SIGNALING	3689	1.0	3	32
fgsea_msigdb_H_entrez:HALLMARK_MTORC1_SIGNALING	4074	1.0	2	32
fgsea_msigdb_H_entrez:HALLMARK_MTORC1_SIGNALING	440	1.0	3	32
fgsea_msigdb_H_entrez:HALLMARK_MTORC1_SIGNALING	4793	1.0	1	32
fgsea_msigdb_H_entrez:HALLMARK_MTORC1_SIGNALING	4860	1.0	4	32
fgsea_msigdb_H_entrez:HALLMARK_MTORC1_SIGNALING	5033	1.0	3	32
fgsea_msigdb_H_entrez:HALLMARK_MTORC1_SIGNALING	5199	1.0	2	32
fgsea_msigdb_H_entrez:HALLMARK_MTORC1_SIGNALING	5352	1.0	3	32
fgsea_msigdb_H_entrez:HALLMARK_MTORC1_SIGNALING	5693	1.0	1	32
fgsea_msigdb_H_entrez:HALLMARK_MTORC1_SIGNALING	5861	1.0	1	32
fgsea_msigdb_H_entrez:HALLMARK_MTORC1_SIGNALING	6319	1.0	4	32
fgsea_msigdb_H_entrez:HALLMARK_MTORC1_SIGNALING	6513	1.0	4	32
fgsea_msigdb_H_entrez:HALLMARK_MTORC1_SIGNALING	7037	1.0	4	32
fgsea_msigdb_H_entrez:HALLMARK_MTORC1_SIGNALING	7108	1.0	2	32
fgsea_msigdb_H_entrez:HALLMARK_MTORC1_SIGNALING	7277	1.0	3	32
fgsea_msigdb_H_entrez:HALLMARK_MTORC1_SIGNALING	8503	1.0	3	32
fgsea_msigdb_H_entrez:HALLMARK_MTORC1_SIGNALING	8615	1.0	2	32
fgsea_msigdb_H_entrez:HALLMARK_MTORC1_SIGNALING	9415	1.0	2	32
fgsea_msigdb_H_entrez:HALLMARK_MYC_TARGETS_V1	10492	1.0	1	28
fgsea_msigdb_H_entrez:HALLMARK_MYC_TARGETS_V1	10576	1.0	1	28
fgsea_msigdb_H_entrez:HALLMARK_MYC_TARGETS_V1	10728	1.0	2	28
fgsea_msigdb_H_entrez:HALLMARK_MYC_TARGETS_V1	10856	1.0	1	28
fgsea_msigdb_H_entrez:HALLMARK_MYC_TARGETS_V1	1176	1.0	1	28
fgsea_msigdb_H_entrez:HALLMARK_MYC_TARGETS_V1	1207	1.0	1	28
fgsea_msigdb_H_entrez:HALLMARK_MYC_TARGETS_V1	1854	1.0	1	28
fgsea_msigdb_H_entrez:HALLMARK_MYC_TARGETS_V1	2739	1.0	1	28
fgsea_msigdb_H_entrez:HALLMARK_MYC_TARGETS_V1	3066	1.0	1	28
fgsea_msigdb_H_entrez:HALLMARK_MYC_TARGETS_V1	328	1.0	1	28
fgsea_msigdb_H_entrez:HALLMARK_MYC_TARGETS_V1	4706	1.0	2	28
fgsea_msigdb_H_entrez:HALLMARK_MYC_TARGETS_V1	4830	1.0	1	28
fgsea_msigdb_H_entrez:HALLMARK_MYC_TARGETS_V1	4869	1.0	3	28
fgsea_msigdb_H_entrez:HALLMARK_MYC_TARGETS_V1	5093	1.0	1	28
fgsea_msigdb_H_entrez:HALLMARK_MYC_TARGETS_V1	5687	1.0	1	28
fgsea_msigdb_H_entrez:HALLMARK_MYC_TARGETS_V1	5690	1.0	1	28
fgsea_msigdb_H_entrez:HALLMARK_MYC_TARGETS_V1	5706	1.0	1	28
fgsea_msigdb_H_entrez:HALLMARK_MYC_TARGETS_V1	5707	1.0	1	28
fgsea_msigdb_H_entrez:HALLMARK_MYC_TARGETS_V1	5709	1.0	1	28
fgsea_msigdb_H_entrez:HALLMARK_MYC_TARGETS_V1	5713	1.0	1	28
fgsea_msigdb_H_entrez:HALLMARK_MYC_TARGETS_V1	6633	1.0	1	28
fgsea_msigdb_H_entrez:HALLMARK_MYC_TARGETS_V1	6723	1.0	2	28
fgsea_msigdb_H_entrez:HALLMARK_MYC_TARGETS_V1	6741	1.0	1	28
fgsea_msigdb_H_entrez:HALLMARK_MYC_TARGETS_V1	7027	1.0	1	28
fgsea_msigdb_H_entrez:HALLMARK_MYC_TARGETS_V1	7332	1.0	1	28
fgsea_msigdb_H_entrez:HALLMARK_MYC_TARGETS_V1	7965	1.0	2	28
fgsea_msigdb_H_entrez:HALLMARK_MYC_TARGETS_V1	8454	1.0	2	28
fgsea_msigdb_H_entrez:HALLMARK_MYC_TARGETS_V1	8761	1.0	1	28
fgsea_msigdb_H_entrez:HALLMARK_MYC_TARGETS_V2	10733	1.0	2	7
fgsea_msigdb_H_entrez:HALLMARK_MYC_TARGETS_V2	1844	1.0	1	7
fgsea_msigdb_H_entrez:HALLMARK_MYC_TARGETS_V2	4839	1.0	1	7
fgsea_msigdb_H_entrez:HALLMARK_MYC_TARGETS_V2	4869	1.0	3	7
fgsea_msigdb_H_entrez:HALLMARK_MYC_TARGETS_V2	5347	1.0	1	7
fgsea_msigdb_H_entrez:HALLMARK_MYC_TARGETS_V2	6723	1.0	2	7
fgsea_msigdb_H_entrez:HALLMARK_MYC_TARGETS_V2	7965	1.0	2	7
fgsea_msigdb_H_entrez:HALLMARK_MYOGENESIS	10014	1.0	2	43
fgsea_msigdb_H_entrez:HALLMARK_MYOGENESIS	10174	1.0	2	43
fgsea_msigdb_H_entrez:HALLMARK_MYOGENESIS	11155	1.0	1	43
fgsea_msigdb_H_entrez:HALLMARK_MYOGENESIS	1134	1.0	1	43
fgsea_msigdb_H_entrez:HALLMARK_MYOGENESIS	1160	1.0	1	43
fgsea_msigdb_H_entrez:HALLMARK_MYOGENESIS	1293	1.0	2	43
fgsea_msigdb_H_entrez:HALLMARK_MYOGENESIS	1410	1.0	1	43
fgsea_msigdb_H_entrez:HALLMARK_MYOGENESIS	1674	1.0	1	43
fgsea_msigdb_H_entrez:HALLMARK_MYOGENESIS	1839	1.0	5	43
fgsea_msigdb_H_entrez:HALLMARK_MYOGENESIS	2027	1.0	4	43
fgsea_msigdb_H_entrez:HALLMARK_MYOGENESIS	2065	1.0	2	43
fgsea_msigdb_H_entrez:HALLMARK_MYOGENESIS	2224	1.0	3	43
fgsea_msigdb_H_entrez:HALLMARK_MYOGENESIS	2775	1.0	1	43
fgsea_msigdb_H_entrez:HALLMARK_MYOGENESIS	2878	1.0	3	43
fgsea_msigdb_H_entrez:HALLMARK_MYOGENESIS	3270	1.0	1	43
fgsea_msigdb_H_entrez:HALLMARK_MYOGENESIS	3475	1.0	2	43
fgsea_msigdb_H_entrez:HALLMARK_MYOGENESIS	3486	1.0	5	43
fgsea_msigdb_H_entrez:HALLMARK_MYOGENESIS	3691	1.0	3	43
fgsea_msigdb_H_entrez:HALLMARK_MYOGENESIS	3693	1.0	2	43
fgsea_msigdb_H_entrez:HALLMARK_MYOGENESIS	3801	1.0	1	43
fgsea_msigdb_H_entrez:HALLMARK_MYOGENESIS	4627	1.0	5	43
fgsea_msigdb_H_entrez:HALLMARK_MYOGENESIS	4633	1.0	1	43
fgsea_msigdb_H_entrez:HALLMARK_MYOGENESIS	4641	1.0	2	43
fgsea_msigdb_H_entrez:HALLMARK_MYOGENESIS	4656	1.0	1	43
fgsea_msigdb_H_entrez:HALLMARK_MYOGENESIS	4684	1.0	1	43
fgsea_msigdb_H_entrez:HALLMARK_MYOGENESIS	5507	1.0	2	43
fgsea_msigdb_H_entrez:HALLMARK_MYOGENESIS	5621	1.0	2	43
fgsea_msigdb_H_entrez:HALLMARK_MYOGENESIS	5664	1.0	3	43
fgsea_msigdb_H_entrez:HALLMARK_MYOGENESIS	573	1.0	2	43
fgsea_msigdb_H_entrez:HALLMARK_MYOGENESIS	5816	1.0	1	43
fgsea_msigdb_H_entrez:HALLMARK_MYOGENESIS	5837	1.0	2	43
fgsea_msigdb_H_entrez:HALLMARK_MYOGENESIS	6319	1.0	4	43
fgsea_msigdb_H_entrez:HALLMARK_MYOGENESIS	6450	1.0	1	43
fgsea_msigdb_H_entrez:HALLMARK_MYOGENESIS	6678	1.0	3	43
fgsea_msigdb_H_entrez:HALLMARK_MYOGENESIS	6840	1.0	2	43
fgsea_msigdb_H_entrez:HALLMARK_MYOGENESIS	70	1.0	3	43
fgsea_msigdb_H_entrez:HALLMARK_MYOGENESIS	7136	1.0	1	43
fgsea_msigdb_H_entrez:HALLMARK_MYOGENESIS	7169	1.0	2	43
fgsea_msigdb_H_entrez:HALLMARK_MYOGENESIS	7249	1.0	1	43
fgsea_msigdb_H_entrez:HALLMARK_MYOGENESIS	8082	1.0	3	43
fgsea_msigdb_H_entrez:HALLMARK_MYOGENESIS	859	1.0	1	43
fgsea_msigdb_H_entrez:HALLMARK_MYOGENESIS	8877	1.0	4	43
fgsea_msigdb_H_entrez:HALLMARK_MYOGENESIS	9659	1.0	1	43
fgsea_msigdb_H_entrez:HALLMARK_NOTCH_SIGNALING	182	1.0	1	8
fgsea_msigdb_H_entrez:HALLMARK_NOTCH_SIGNALING	3280	1.0	1	8
fgsea_msigdb_H_entrez:HALLMARK_NOTCH_SIGNALING	4853	1.0	1	8
fgsea_msigdb_H_entrez:HALLMARK_NOTCH_SIGNALING	4854	1.0	1	8
fgsea_msigdb_H_entrez:HALLMARK_NOTCH_SIGNALING	5467	1.0	2	8
fgsea_msigdb_H_entrez:HALLMARK_NOTCH_SIGNALING	6934	1.0	1	8
fgsea_msigdb_H_entrez:HALLMARK_NOTCH_SIGNALING	7474	1.0	1	8
fgsea_msigdb_H_entrez:HALLMARK_NOTCH_SIGNALING	8454	1.0	2	8
fgsea_msigdb_H_entrez:HALLMARK_OXIDATIVE_PHOSPHORYLATION	10063	1.0	2	51
fgsea_msigdb_H_entrez:HALLMARK_OXIDATIVE_PHOSPHORYLATION	10440	1.0	1	51
fgsea_msigdb_H_entrez:HALLMARK_OXIDATIVE_PHOSPHORYLATION	10449	1.0	2	51
fgsea_msigdb_H_entrez:HALLMARK_OXIDATIVE_PHOSPHORYLATION	10989	1.0	2	51
fgsea_msigdb_H_entrez:HALLMARK_OXIDATIVE_PHOSPHORYLATION	11331	1.0	1	51
fgsea_msigdb_H_entrez:HALLMARK_OXIDATIVE_PHOSPHORYLATION	1340	1.0	1	51
fgsea_msigdb_H_entrez:HALLMARK_OXIDATIVE_PHOSPHORYLATION	1355	1.0	1	51
fgsea_msigdb_H_entrez:HALLMARK_OXIDATIVE_PHOSPHORYLATION	1528	1.0	2	51
fgsea_msigdb_H_entrez:HALLMARK_OXIDATIVE_PHOSPHORYLATION	1632	1.0	2	51
fgsea_msigdb_H_entrez:HALLMARK_OXIDATIVE_PHOSPHORYLATION	1666	1.0	2	51
fgsea_msigdb_H_entrez:HALLMARK_OXIDATIVE_PHOSPHORYLATION	2108	1.0	1	51
fgsea_msigdb_H_entrez:HALLMARK_OXIDATIVE_PHOSPHORYLATION	2110	1.0	2	51
fgsea_msigdb_H_entrez:HALLMARK_OXIDATIVE_PHOSPHORYLATION	22	1.0	1	51
fgsea_msigdb_H_entrez:HALLMARK_OXIDATIVE_PHOSPHORYLATION	2271	1.0	1	51
fgsea_msigdb_H_entrez:HALLMARK_OXIDATIVE_PHOSPHORYLATION	2395	1.0	1	51
fgsea_msigdb_H_entrez:HALLMARK_OXIDATIVE_PHOSPHORYLATION	2746	1.0	1	51
fgsea_msigdb_H_entrez:HALLMARK_OXIDATIVE_PHOSPHORYLATION	2879	1.0	2	51
fgsea_msigdb_H_entrez:HALLMARK_OXIDATIVE_PHOSPHORYLATION	292	1.0	1	51
fgsea_msigdb_H_entrez:HALLMARK_OXIDATIVE_PHOSPHORYLATION	293	1.0	1	51
fgsea_msigdb_H_entrez:HALLMARK_OXIDATIVE_PHOSPHORYLATION	3418	1.0	2	51
fgsea_msigdb_H_entrez:HALLMARK_OXIDATIVE_PHOSPHORYLATION	37	1.0	2	51
fgsea_msigdb_H_entrez:HALLMARK_OXIDATIVE_PHOSPHORYLATION	3945	1.0	2	51
fgsea_msigdb_H_entrez:HALLMARK_OXIDATIVE_PHOSPHORYLATION	4191	1.0	3	51
fgsea_msigdb_H_entrez:HALLMARK_OXIDATIVE_PHOSPHORYLATION	4259	1.0	2	51
fgsea_msigdb_H_entrez:HALLMARK_OXIDATIVE_PHOSPHORYLATION	4329	1.0	2	51
fgsea_msigdb_H_entrez:HALLMARK_OXIDATIVE_PHOSPHORYLATION	4695	1.0	1	51
fgsea_msigdb_H_entrez:HALLMARK_OXIDATIVE_PHOSPHORYLATION	4696	1.0	1	51
fgsea_msigdb_H_entrez:HALLMARK_OXIDATIVE_PHOSPHORYLATION	4697	1.0	1	51
fgsea_msigdb_H_entrez:HALLMARK_OXIDATIVE_PHOSPHORYLATION	4701	1.0	1	51
fgsea_msigdb_H_entrez:HALLMARK_OXIDATIVE_PHOSPHORYLATION	4709	1.0	1	51
fgsea_msigdb_H_entrez:HALLMARK_OXIDATIVE_PHOSPHORYLATION	4717	1.0	1	51
fgsea_msigdb_H_entrez:HALLMARK_OXIDATIVE_PHOSPHORYLATION	4722	1.0	1	51
fgsea_msigdb_H_entrez:HALLMARK_OXIDATIVE_PHOSPHORYLATION	4723	1.0	1	51
fgsea_msigdb_H_entrez:HALLMARK_OXIDATIVE_PHOSPHORYLATION	4724	1.0	1	51
fgsea_msigdb_H_entrez:HALLMARK_OXIDATIVE_PHOSPHORYLATION	481	1.0	1	51
fgsea_msigdb_H_entrez:HALLMARK_OXIDATIVE_PHOSPHORYLATION	4942	1.0	1	51
fgsea_msigdb_H_entrez:HALLMARK_OXIDATIVE_PHOSPHORYLATION	498	1.0	1	51
fgsea_msigdb_H_entrez:HALLMARK_OXIDATIVE_PHOSPHORYLATION	5160	1.0	1	51
fgsea_msigdb_H_entrez:HALLMARK_OXIDATIVE_PHOSPHORYLATION	5162	1.0	2	51
fgsea_msigdb_H_entrez:HALLMARK_OXIDATIVE_PHOSPHORYLATION	5166	1.0	1	51
fgsea_msigdb_H_entrez:HALLMARK_OXIDATIVE_PHOSPHORYLATION	5447	1.0	1	51
fgsea_msigdb_H_entrez:HALLMARK_OXIDATIVE_PHOSPHORYLATION	7384	1.0	1	51
fgsea_msigdb_H_entrez:HALLMARK_OXIDATIVE_PHOSPHORYLATION	7416	1.0	1	51
fgsea_msigdb_H_entrez:HALLMARK_OXIDATIVE_PHOSPHORYLATION	7419	1.0	2	51
fgsea_msigdb_H_entrez:HALLMARK_OXIDATIVE_PHOSPHORYLATION	840	1.0	3	51
fgsea_msigdb_H_entrez:HALLMARK_OXIDATIVE_PHOSPHORYLATION	8402	1.0	1	51
fgsea_msigdb_H_entrez:HALLMARK_OXIDATIVE_PHOSPHORYLATION	8992	1.0	1	51
fgsea_msigdb_H_entrez:HALLMARK_OXIDATIVE_PHOSPHORYLATION	9131	1.0	1	51
fgsea_msigdb_H_entrez:HALLMARK_OXIDATIVE_PHOSPHORYLATION	9296	1.0	2	51
fgsea_msigdb_H_entrez:HALLMARK_OXIDATIVE_PHOSPHORYLATION	9551	1.0	1	51
fgsea_msigdb_H_entrez:HALLMARK_OXIDATIVE_PHOSPHORYLATION	9617	1.0	1	51
fgsea_msigdb_H_entrez:HALLMARK_P53_PATHWAY	10057	1.0	2	31
fgsea_msigdb_H_entrez:HALLMARK_P53_PATHWAY	1029	1.0	3	31
fgsea_msigdb_H_entrez:HALLMARK_P53_PATHWAY	1030	1.0	2	31
fgsea_msigdb_H_entrez:HALLMARK_P53_PATHWAY	10397	1.0	4	31
fgsea_msigdb_H_entrez:HALLMARK_P53_PATHWAY	10399	1.0	1	31
fgsea_msigdb_H_entrez:HALLMARK_P53_PATHWAY	10458	1.0	2	31
fgsea_msigdb_H_entrez:HALLMARK_P53_PATHWAY	10560	1.0	2	31
fgsea_msigdb_H_entrez:HALLMARK_P53_PATHWAY	1509	1.0	2	31
fgsea_msigdb_H_entrez:HALLMARK_P53_PATHWAY	1606	1.0	1	31
fgsea_msigdb_H_entrez:HALLMARK_P53_PATHWAY	1839	1.0	5	31
fgsea_msigdb_H_entrez:HALLMARK_P53_PATHWAY	2872	1.0	1	31
fgsea_msigdb_H_entrez:HALLMARK_P53_PATHWAY	3162	1.0	5	31
fgsea_msigdb_H_entrez:HALLMARK_P53_PATHWAY	3265	1.0	3	31
fgsea_msigdb_H_entrez:HALLMARK_P53_PATHWAY	3275	1.0	1	31
fgsea_msigdb_H_entrez:HALLMARK_P53_PATHWAY	3691	1.0	3	31
fgsea_msigdb_H_entrez:HALLMARK_P53_PATHWAY	3872	1.0	1	31
fgsea_msigdb_H_entrez:HALLMARK_P53_PATHWAY	3945	1.0	2	31
fgsea_msigdb_H_entrez:HALLMARK_P53_PATHWAY	4013	1.0	2	31
fgsea_msigdb_H_entrez:HALLMARK_P53_PATHWAY	4193	1.0	1	31
fgsea_msigdb_H_entrez:HALLMARK_P53_PATHWAY	5154	1.0	2	31
fgsea_msigdb_H_entrez:HALLMARK_P53_PATHWAY	5268	1.0	1	31
fgsea_msigdb_H_entrez:HALLMARK_P53_PATHWAY	5429	1.0	2	31
fgsea_msigdb_H_entrez:HALLMARK_P53_PATHWAY	6004	1.0	4	31
fgsea_msigdb_H_entrez:HALLMARK_P53_PATHWAY	8626	1.0	1	31
fgsea_msigdb_H_entrez:HALLMARK_P53_PATHWAY	8651	1.0	5	31
fgsea_msigdb_H_entrez:HALLMARK_P53_PATHWAY	8812	1.0	1	31
fgsea_msigdb_H_entrez:HALLMARK_P53_PATHWAY	8877	1.0	4	31
fgsea_msigdb_H_entrez:HALLMARK_P53_PATHWAY	9538	1.0	1	31
fgsea_msigdb_H_entrez:HALLMARK_P53_PATHWAY	9618	1.0	1	31
fgsea_msigdb_H_entrez:HALLMARK_P53_PATHWAY	9738	1.0	2	31
fgsea_msigdb_H_entrez:HALLMARK_P53_PATHWAY	9883	1.0	2	31
fgsea_msigdb_H_entrez:HALLMARK_PANCREAS_BETA_CELLS	1113	1.0	1	10
fgsea_msigdb_H_entrez:HALLMARK_PANCREAS_BETA_CELLS	1641	1.0	1	10
fgsea_msigdb_H_entrez:HALLMARK_PANCREAS_BETA_CELLS	2641	1.0	1	10
fgsea_msigdb_H_entrez:HALLMARK_PANCREAS_BETA_CELLS	3375	1.0	1	10
fgsea_msigdb_H_entrez:HALLMARK_PANCREAS_BETA_CELLS	4005	1.0	2	10
fgsea_msigdb_H_entrez:HALLMARK_PANCREAS_BETA_CELLS	4821	1.0	1	10
fgsea_msigdb_H_entrez:HALLMARK_PANCREAS_BETA_CELLS	5063	1.0	1	10
fgsea_msigdb_H_entrez:HALLMARK_PANCREAS_BETA_CELLS	5078	1.0	2	10
fgsea_msigdb_H_entrez:HALLMARK_PANCREAS_BETA_CELLS	5122	1.0	1	10
fgsea_msigdb_H_entrez:HALLMARK_PANCREAS_BETA_CELLS	5126	1.0	1	10
fgsea_msigdb_H_entrez:HALLMARK_PEROXISOME	10057	1.0	2	21
fgsea_msigdb_H_entrez:HALLMARK_PEROXISOME	1022	1.0	1	21
fgsea_msigdb_H_entrez:HALLMARK_PEROXISOME	10455	1.0	2	21
fgsea_msigdb_H_entrez:HALLMARK_PEROXISOME	10512	1.0	1	21
fgsea_msigdb_H_entrez:HALLMARK_PEROXISOME	1381	1.0	1	21
fgsea_msigdb_H_entrez:HALLMARK_PEROXISOME	1718	1.0	4	21
fgsea_msigdb_H_entrez:HALLMARK_PEROXISOME	2067	1.0	2	21
fgsea_msigdb_H_entrez:HALLMARK_PEROXISOME	2172	1.0	1	21
fgsea_msigdb_H_entrez:HALLMARK_PEROXISOME	2224	1.0	3	21
fgsea_msigdb_H_entrez:HALLMARK_PEROXISOME	3265	1.0	3	21
fgsea_msigdb_H_entrez:HALLMARK_PEROXISOME	3291	1.0	2	21
fgsea_msigdb_H_entrez:HALLMARK_PEROXISOME	3418	1.0	2	21
fgsea_msigdb_H_entrez:HALLMARK_PEROXISOME	3422	1.0	3	21
fgsea_msigdb_H_entrez:HALLMARK_PEROXISOME	412	1.0	1	21
fgsea_msigdb_H_entrez:HALLMARK_PEROXISOME	51	1.0	2	21
fgsea_msigdb_H_entrez:HALLMARK_PEROXISOME	5195	1.0	2	21
fgsea_msigdb_H_entrez:HALLMARK_PEROXISOME	6258	1.0	1	21
fgsea_msigdb_H_entrez:HALLMARK_PEROXISOME	6310	1.0	1	21
fgsea_msigdb_H_entrez:HALLMARK_PEROXISOME	6477	1.0	1	21
fgsea_msigdb_H_entrez:HALLMARK_PEROXISOME	6648	1.0	5	21
fgsea_msigdb_H_entrez:HALLMARK_PEROXISOME	8915	1.0	3	21
fgsea_msigdb_H_entrez:HALLMARK_PI3K_AKT_MTOR_SIGNALING	10298	1.0	1	15
fgsea_msigdb_H_entrez:HALLMARK_PI3K_AKT_MTOR_SIGNALING	1072	1.0	1	15
fgsea_msigdb_H_entrez:HALLMARK_PI3K_AKT_MTOR_SIGNALING	108	1.0	1	15
fgsea_msigdb_H_entrez:HALLMARK_PI3K_AKT_MTOR_SIGNALING	156	1.0	1	15
fgsea_msigdb_H_entrez:HALLMARK_PI3K_AKT_MTOR_SIGNALING	1869	1.0	1	15
fgsea_msigdb_H_entrez:HALLMARK_PI3K_AKT_MTOR_SIGNALING	2251	1.0	1	15
fgsea_msigdb_H_entrez:HALLMARK_PI3K_AKT_MTOR_SIGNALING	3709	1.0	1	15
fgsea_msigdb_H_entrez:HALLMARK_PI3K_AKT_MTOR_SIGNALING	4087	1.0	1	15
fgsea_msigdb_H_entrez:HALLMARK_PI3K_AKT_MTOR_SIGNALING	5163	1.0	1	15
fgsea_msigdb_H_entrez:HALLMARK_PI3K_AKT_MTOR_SIGNALING	5308	1.0	1	15
fgsea_msigdb_H_entrez:HALLMARK_PI3K_AKT_MTOR_SIGNALING	5519	1.0	1	15
fgsea_msigdb_H_entrez:HALLMARK_PI3K_AKT_MTOR_SIGNALING	5576	1.0	1	15
fgsea_msigdb_H_entrez:HALLMARK_PI3K_AKT_MTOR_SIGNALING	5602	1.0	1	15
fgsea_msigdb_H_entrez:HALLMARK_PI3K_AKT_MTOR_SIGNALING	5899	1.0	1	15
fgsea_msigdb_H_entrez:HALLMARK_PI3K_AKT_MTOR_SIGNALING	7334	1.0	1	15
fgsea_msigdb_H_entrez:HALLMARK_PROTEIN_SECRETION	10059	1.0	2	22
fgsea_msigdb_H_entrez:HALLMARK_PROTEIN_SECRETION	10282	1.0	1	22
fgsea_msigdb_H_entrez:HALLMARK_PROTEIN_SECRETION	10972	1.0	1	22
fgsea_msigdb_H_entrez:HALLMARK_PROTEIN_SECRETION	11079	1.0	1	22
fgsea_msigdb_H_entrez:HALLMARK_PROTEIN_SECRETION	1173	1.0	1	22
fgsea_msigdb_H_entrez:HALLMARK_PROTEIN_SECRETION	1182	1.0	2	22
fgsea_msigdb_H_entrez:HALLMARK_PROTEIN_SECRETION	1315	1.0	1	22
fgsea_msigdb_H_entrez:HALLMARK_PROTEIN_SECRETION	3382	1.0	2	22
fgsea_msigdb_H_entrez:HALLMARK_PROTEIN_SECRETION	3482	1.0	3	22
fgsea_msigdb_H_entrez:HALLMARK_PROTEIN_SECRETION	375	1.0	1	22
fgsea_msigdb_H_entrez:HALLMARK_PROTEIN_SECRETION	3920	1.0	4	22
fgsea_msigdb_H_entrez:HALLMARK_PROTEIN_SECRETION	4074	1.0	2	22
fgsea_msigdb_H_entrez:HALLMARK_PROTEIN_SECRETION	6456	1.0	1	22
fgsea_msigdb_H_entrez:HALLMARK_PROTEIN_SECRETION	6643	1.0	1	22
fgsea_msigdb_H_entrez:HALLMARK_PROTEIN_SECRETION	667	1.0	3	22
fgsea_msigdb_H_entrez:HALLMARK_PROTEIN_SECRETION	8082	1.0	3	22
fgsea_msigdb_H_entrez:HALLMARK_PROTEIN_SECRETION	8615	1.0	2	22
fgsea_msigdb_H_entrez:HALLMARK_PROTEIN_SECRETION	9183	1.0	2	22
fgsea_msigdb_H_entrez:HALLMARK_PROTEIN_SECRETION	9276	1.0	2	22
fgsea_msigdb_H_entrez:HALLMARK_PROTEIN_SECRETION	9367	1.0	1	22
fgsea_msigdb_H_entrez:HALLMARK_PROTEIN_SECRETION	9805	1.0	1	22
fgsea_msigdb_H_entrez:HALLMARK_PROTEIN_SECRETION	9871	1.0	2	22
fgsea_msigdb_H_entrez:HALLMARK_REACTIVE_OXYGEN_SPECIES_PATHWAY	10494	1.0	1	10
fgsea_msigdb_H_entrez:HALLMARK_REACTIVE_OXYGEN_SPECIES_PATHWAY	2068	1.0	1	10
fgsea_msigdb_H_entrez:HALLMARK_REACTIVE_OXYGEN_SPECIES_PATHWAY	2729	1.0	2	10
fgsea_msigdb_H_entrez:HALLMARK_REACTIVE_OXYGEN_SPECIES_PATHWAY	3087	1.0	1	10
fgsea_msigdb_H_entrez:HALLMARK_REACTIVE_OXYGEN_SPECIES_PATHWAY	475	1.0	1	10
fgsea_msigdb_H_entrez:HALLMARK_REACTIVE_OXYGEN_SPECIES_PATHWAY	5052	1.0	1	10
fgsea_msigdb_H_entrez:HALLMARK_REACTIVE_OXYGEN_SPECIES_PATHWAY	5214	1.0	1	10
fgsea_msigdb_H_entrez:HALLMARK_REACTIVE_OXYGEN_SPECIES_PATHWAY	6647	1.0	3	10
fgsea_msigdb_H_entrez:HALLMARK_REACTIVE_OXYGEN_SPECIES_PATHWAY	847	1.0	4	10
fgsea_msigdb_H_entrez:HALLMARK_REACTIVE_OXYGEN_SPECIES_PATHWAY	9588	1.0	1	10
fgsea_msigdb_H_entrez:HALLMARK_SPERMATOGENESIS	11144	1.0	1	25
fgsea_msigdb_H_entrez:HALLMARK_SPERMATOGENESIS	116	1.0	1	25
fgsea_msigdb_H_entrez:HALLMARK_SPERMATOGENESIS	246	1.0	1	25
fgsea_msigdb_H_entrez:HALLMARK_SPERMATOGENESIS	2515	1.0	1	25
fgsea_msigdb_H_entrez:HALLMARK_SPERMATOGENESIS	2672	1.0	1	25
fgsea_msigdb_H_entrez:HALLMARK_SPERMATOGENESIS	4225	1.0	1	25
fgsea_msigdb_H_entrez:HALLMARK_SPERMATOGENESIS	4744	1.0	2	25
fgsea_msigdb_H_entrez:HALLMARK_SPERMATOGENESIS	4771	1.0	2	25
fgsea_msigdb_H_entrez:HALLMARK_SPERMATOGENESIS	5232	1.0	1	25
fgsea_msigdb_H_entrez:HALLMARK_SPERMATOGENESIS	5261	1.0	1	25
fgsea_msigdb_H_entrez:HALLMARK_SPERMATOGENESIS	5414	1.0	1	25
fgsea_msigdb_H_entrez:HALLMARK_SPERMATOGENESIS	5443	1.0	1	25
fgsea_msigdb_H_entrez:HALLMARK_SPERMATOGENESIS	6518	1.0	2	25
fgsea_msigdb_H_entrez:HALLMARK_SPERMATOGENESIS	6558	1.0	2	25
fgsea_msigdb_H_entrez:HALLMARK_SPERMATOGENESIS	6847	1.0	1	25
fgsea_msigdb_H_entrez:HALLMARK_SPERMATOGENESIS	6888	1.0	2	25
fgsea_msigdb_H_entrez:HALLMARK_SPERMATOGENESIS	7137	1.0	2	25
fgsea_msigdb_H_entrez:HALLMARK_SPERMATOGENESIS	7247	1.0	1	25
fgsea_msigdb_H_entrez:HALLMARK_SPERMATOGENESIS	7419	1.0	2	25
fgsea_msigdb_H_entrez:HALLMARK_SPERMATOGENESIS	8028	1.0	1	25
fgsea_msigdb_H_entrez:HALLMARK_SPERMATOGENESIS	9053	1.0	3	25
fgsea_msigdb_H_entrez:HALLMARK_SPERMATOGENESIS	9063	1.0	1	25
fgsea_msigdb_H_entrez:HALLMARK_SPERMATOGENESIS	9133	1.0	4	25
fgsea_msigdb_H_entrez:HALLMARK_SPERMATOGENESIS	983	1.0	5	25
fgsea_msigdb_H_entrez:HALLMARK_SPERMATOGENESIS	9892	1.0	1	25
fgsea_msigdb_H_entrez:HALLMARK_TGF_BETA_SIGNALING	1028	1.0	1	6
fgsea_msigdb_H_entrez:HALLMARK_TGF_BETA_SIGNALING	2339	1.0	1	6
fgsea_msigdb_H_entrez:HALLMARK_TGF_BETA_SIGNALING	324	1.0	1	6
fgsea_msigdb_H_entrez:HALLMARK_TGF_BETA_SIGNALING	3399	1.0	1	6
fgsea_msigdb_H_entrez:HALLMARK_TGF_BETA_SIGNALING	657	1.0	1	6
fgsea_msigdb_H_entrez:HALLMARK_TGF_BETA_SIGNALING	8412	1.0	2	6
fgsea_msigdb_H_entrez:HALLMARK_TNFA_SIGNALING_VIA_NFKB	10010	1.0	1	52
fgsea_msigdb_H_entrez:HALLMARK_TNFA_SIGNALING_VIA_NFKB	10611	1.0	4	52
fgsea_msigdb_H_entrez:HALLMARK_TNFA_SIGNALING_VIA_NFKB	10769	1.0	1	52
fgsea_msigdb_H_entrez:HALLMARK_TNFA_SIGNALING_VIA_NFKB	10957	1.0	3	52
fgsea_msigdb_H_entrez:HALLMARK_TNFA_SIGNALING_VIA_NFKB	1839	1.0	5	52
fgsea_msigdb_H_entrez:HALLMARK_TNFA_SIGNALING_VIA_NFKB	1846	1.0	1	52
fgsea_msigdb_H_entrez:HALLMARK_TNFA_SIGNALING_VIA_NFKB	1847	1.0	1	52
fgsea_msigdb_H_entrez:HALLMARK_TNFA_SIGNALING_VIA_NFKB	1906	1.0	2	52
fgsea_msigdb_H_entrez:HALLMARK_TNFA_SIGNALING_VIA_NFKB	1942	1.0	1	52
fgsea_msigdb_H_entrez:HALLMARK_TNFA_SIGNALING_VIA_NFKB	1958	1.0	1	52
fgsea_msigdb_H_entrez:HALLMARK_TNFA_SIGNALING_VIA_NFKB	2152	1.0	2	52
fgsea_msigdb_H_entrez:HALLMARK_TNFA_SIGNALING_VIA_NFKB	2669	1.0	2	52
fgsea_msigdb_H_entrez:HALLMARK_TNFA_SIGNALING_VIA_NFKB	2683	1.0	3	52
fgsea_msigdb_H_entrez:HALLMARK_TNFA_SIGNALING_VIA_NFKB	3164	1.0	2	52
fgsea_msigdb_H_entrez:HALLMARK_TNFA_SIGNALING_VIA_NFKB	3572	1.0	3	52
fgsea_msigdb_H_entrez:HALLMARK_TNFA_SIGNALING_VIA_NFKB	3575	1.0	2	52
fgsea_msigdb_H_entrez:HALLMARK_TNFA_SIGNALING_VIA_NFKB	3593	1.0	3	52
fgsea_msigdb_H_entrez:HALLMARK_TNFA_SIGNALING_VIA_NFKB	3601	1.0	4	52
fgsea_msigdb_H_entrez:HALLMARK_TNFA_SIGNALING_VIA_NFKB	3606	1.0	4	52
fgsea_msigdb_H_entrez:HALLMARK_TNFA_SIGNALING_VIA_NFKB	3627	1.0	2	52
fgsea_msigdb_H_entrez:HALLMARK_TNFA_SIGNALING_VIA_NFKB	4082	1.0	3	52
fgsea_msigdb_H_entrez:HALLMARK_TNFA_SIGNALING_VIA_NFKB	4084	1.0	2	52
fgsea_msigdb_H_entrez:HALLMARK_TNFA_SIGNALING_VIA_NFKB	4088	1.0	3	52
fgsea_msigdb_H_entrez:HALLMARK_TNFA_SIGNALING_VIA_NFKB	4790	1.0	4	52
fgsea_msigdb_H_entrez:HALLMARK_TNFA_SIGNALING_VIA_NFKB	4794	1.0	1	52
fgsea_msigdb_H_entrez:HALLMARK_TNFA_SIGNALING_VIA_NFKB	4814	1.0	1	52
fgsea_msigdb_H_entrez:HALLMARK_TNFA_SIGNALING_VIA_NFKB	490	1.0	3	52
fgsea_msigdb_H_entrez:HALLMARK_TNFA_SIGNALING_VIA_NFKB	4929	1.0	2	52
fgsea_msigdb_H_entrez:HALLMARK_TNFA_SIGNALING_VIA_NFKB	5328	1.0	3	52
fgsea_msigdb_H_entrez:HALLMARK_TNFA_SIGNALING_VIA_NFKB	5329	1.0	3	52
fgsea_msigdb_H_entrez:HALLMARK_TNFA_SIGNALING_VIA_NFKB	5743	1.0	3	52
fgsea_msigdb_H_entrez:HALLMARK_TNFA_SIGNALING_VIA_NFKB	5806	1.0	2	52
fgsea_msigdb_H_entrez:HALLMARK_TNFA_SIGNALING_VIA_NFKB	597	1.0	1	52
fgsea_msigdb_H_entrez:HALLMARK_TNFA_SIGNALING_VIA_NFKB	5970	1.0	3	52
fgsea_msigdb_H_entrez:HALLMARK_TNFA_SIGNALING_VIA_NFKB	602	1.0	2	52
fgsea_msigdb_H_entrez:HALLMARK_TNFA_SIGNALING_VIA_NFKB	6352	1.0	2	52
fgsea_msigdb_H_entrez:HALLMARK_TNFA_SIGNALING_VIA_NFKB	6515	1.0	1	52
fgsea_msigdb_H_entrez:HALLMARK_TNFA_SIGNALING_VIA_NFKB	6648	1.0	5	52
fgsea_msigdb_H_entrez:HALLMARK_TNFA_SIGNALING_VIA_NFKB	687	1.0	1	52
fgsea_msigdb_H_entrez:HALLMARK_TNFA_SIGNALING_VIA_NFKB	694	1.0	3	52
fgsea_msigdb_H_entrez:HALLMARK_TNFA_SIGNALING_VIA_NFKB	7050	1.0	1	52
fgsea_msigdb_H_entrez:HALLMARK_TNFA_SIGNALING_VIA_NFKB	7097	1.0	4	52
fgsea_msigdb_H_entrez:HALLMARK_TNFA_SIGNALING_VIA_NFKB	7128	1.0	1	52
fgsea_msigdb_H_entrez:HALLMARK_TNFA_SIGNALING_VIA_NFKB	7130	1.0	3	52
fgsea_msigdb_H_entrez:HALLMARK_TNFA_SIGNALING_VIA_NFKB	7185	1.0	4	52
fgsea_msigdb_H_entrez:HALLMARK_TNFA_SIGNALING_VIA_NFKB	7262	1.0	1	52
fgsea_msigdb_H_entrez:HALLMARK_TNFA_SIGNALING_VIA_NFKB	7280	1.0	1	52
fgsea_msigdb_H_entrez:HALLMARK_TNFA_SIGNALING_VIA_NFKB	7538	1.0	2	52
fgsea_msigdb_H_entrez:HALLMARK_TNFA_SIGNALING_VIA_NFKB	8767	1.0	4	52
fgsea_msigdb_H_entrez:HALLMARK_TNFA_SIGNALING_VIA_NFKB	8877	1.0	4	52
fgsea_msigdb_H_entrez:HALLMARK_TNFA_SIGNALING_VIA_NFKB	9021	1.0	3	52
fgsea_msigdb_H_entrez:HALLMARK_TNFA_SIGNALING_VIA_NFKB	9592	1.0	1	52
fgsea_msigdb_H_entrez:HALLMARK_UNFOLDED_PROTEIN_RESPONSE	1051	1.0	1	7
fgsea_msigdb_H_entrez:HALLMARK_UNFOLDED_PROTEIN_RESPONSE	4848	1.0	1	7
fgsea_msigdb_H_entrez:HALLMARK_UNFOLDED_PROTEIN_RESPONSE	4869	1.0	3	7
fgsea_msigdb_H_entrez:HALLMARK_UNFOLDED_PROTEIN_RESPONSE	6897	1.0	1	7
fgsea_msigdb_H_entrez:HALLMARK_UNFOLDED_PROTEIN_RESPONSE	7494	1.0	2	7
fgsea_msigdb_H_entrez:HALLMARK_UNFOLDED_PROTEIN_RESPONSE	7534	1.0	1	7
fgsea_msigdb_H_entrez:HALLMARK_UNFOLDED_PROTEIN_RESPONSE	8602	1.0	1	7
fgsea_msigdb_H_entrez:HALLMARK_UV_RESPONSE_DN	10240	1.0	1	33
fgsea_msigdb_H_entrez:HALLMARK_UV_RESPONSE_DN	10611	1.0	4	33
fgsea_msigdb_H_entrez:HALLMARK_UV_RESPONSE_DN	11044	1.0	2	33
fgsea_msigdb_H_entrez:HALLMARK_UV_RESPONSE_DN	11343	1.0	2	33
fgsea_msigdb_H_entrez:HALLMARK_UV_RESPONSE_DN	1278	1.0	2	33
fgsea_msigdb_H_entrez:HALLMARK_UV_RESPONSE_DN	2534	1.0	3	33
fgsea_msigdb_H_entrez:HALLMARK_UV_RESPONSE_DN	2869	1.0	1	33
fgsea_msigdb_H_entrez:HALLMARK_UV_RESPONSE_DN	2908	1.0	3	33
fgsea_msigdb_H_entrez:HALLMARK_UV_RESPONSE_DN	3382	1.0	2	33
fgsea_msigdb_H_entrez:HALLMARK_UV_RESPONSE_DN	3480	1.0	3	33
fgsea_msigdb_H_entrez:HALLMARK_UV_RESPONSE_DN	3488	1.0	2	33
fgsea_msigdb_H_entrez:HALLMARK_UV_RESPONSE_DN	3638	1.0	4	33
fgsea_msigdb_H_entrez:HALLMARK_UV_RESPONSE_DN	3667	1.0	2	33
fgsea_msigdb_H_entrez:HALLMARK_UV_RESPONSE_DN	3778	1.0	1	33
fgsea_msigdb_H_entrez:HALLMARK_UV_RESPONSE_DN	4088	1.0	3	33
fgsea_msigdb_H_entrez:HALLMARK_UV_RESPONSE_DN	4790	1.0	4	33
fgsea_msigdb_H_entrez:HALLMARK_UV_RESPONSE_DN	490	1.0	3	33
fgsea_msigdb_H_entrez:HALLMARK_UV_RESPONSE_DN	5195	1.0	2	33
fgsea_msigdb_H_entrez:HALLMARK_UV_RESPONSE_DN	5293	1.0	1	33
fgsea_msigdb_H_entrez:HALLMARK_UV_RESPONSE_DN	5468	1.0	2	33
fgsea_msigdb_H_entrez:HALLMARK_UV_RESPONSE_DN	5581	1.0	1	33
fgsea_msigdb_H_entrez:HALLMARK_UV_RESPONSE_DN	5797	1.0	1	33
fgsea_msigdb_H_entrez:HALLMARK_UV_RESPONSE_DN	5999	1.0	2	33
fgsea_msigdb_H_entrez:HALLMARK_UV_RESPONSE_DN	6383	1.0	3	33
fgsea_msigdb_H_entrez:HALLMARK_UV_RESPONSE_DN	6591	1.0	2	33
fgsea_msigdb_H_entrez:HALLMARK_UV_RESPONSE_DN	6717	1.0	3	33
fgsea_msigdb_H_entrez:HALLMARK_UV_RESPONSE_DN	7048	1.0	1	33
fgsea_msigdb_H_entrez:HALLMARK_UV_RESPONSE_DN	7049	1.0	3	33
fgsea_msigdb_H_entrez:HALLMARK_UV_RESPONSE_DN	7410	1.0	3	33
fgsea_msigdb_H_entrez:HALLMARK_UV_RESPONSE_DN	7799	1.0	1	33
fgsea_msigdb_H_entrez:HALLMARK_UV_RESPONSE_DN	8503	1.0	3	33
fgsea_msigdb_H_entrez:HALLMARK_UV_RESPONSE_DN	8829	1.0	5	33
fgsea_msigdb_H_entrez:HALLMARK_UV_RESPONSE_DN	92	1.0	3	33
fgsea_msigdb_H_entrez:HALLMARK_UV_RESPONSE_UP	1030	1.0	2	34
fgsea_msigdb_H_entrez:HALLMARK_UV_RESPONSE_UP	1036	1.0	1	34
fgsea_msigdb_H_entrez:HALLMARK_UV_RESPONSE_UP	1267	1.0	1	34
fgsea_msigdb_H_entrez:HALLMARK_UV_RESPONSE_UP	1515	1.0	3	34
fgsea_msigdb_H_entrez:HALLMARK_UV_RESPONSE_UP	1875	1.0	1	34
fgsea_msigdb_H_entrez:HALLMARK_UV_RESPONSE_UP	262	1.0	2	34
fgsea_msigdb_H_entrez:HALLMARK_UV_RESPONSE_UP	2878	1.0	3	34
fgsea_msigdb_H_entrez:HALLMARK_UV_RESPONSE_UP	3162	1.0	5	34
fgsea_msigdb_H_entrez:HALLMARK_UV_RESPONSE_UP	3164	1.0	2	34
fgsea_msigdb_H_entrez:HALLMARK_UV_RESPONSE_UP	3175	1.0	1	34
fgsea_msigdb_H_entrez:HALLMARK_UV_RESPONSE_UP	3337	1.0	1	34
fgsea_msigdb_H_entrez:HALLMARK_UV_RESPONSE_UP	3485	1.0	3	34
fgsea_msigdb_H_entrez:HALLMARK_UV_RESPONSE_UP	3572	1.0	3	34
fgsea_msigdb_H_entrez:HALLMARK_UV_RESPONSE_UP	4067	1.0	5	34
fgsea_msigdb_H_entrez:HALLMARK_UV_RESPONSE_UP	440	1.0	3	34
fgsea_msigdb_H_entrez:HALLMARK_UV_RESPONSE_UP	4487	1.0	3	34
fgsea_msigdb_H_entrez:HALLMARK_UV_RESPONSE_UP	4885	1.0	1	34
fgsea_msigdb_H_entrez:HALLMARK_UV_RESPONSE_UP	5702	1.0	1	34
fgsea_msigdb_H_entrez:HALLMARK_UV_RESPONSE_UP	5873	1.0	1	34
fgsea_msigdb_H_entrez:HALLMARK_UV_RESPONSE_UP	5979	1.0	2	34
fgsea_msigdb_H_entrez:HALLMARK_UV_RESPONSE_UP	6257	1.0	1	34
fgsea_msigdb_H_entrez:HALLMARK_UV_RESPONSE_UP	637	1.0	2	34
fgsea_msigdb_H_entrez:HALLMARK_UV_RESPONSE_UP	6474	1.0	2	34
fgsea_msigdb_H_entrez:HALLMARK_UV_RESPONSE_UP	6539	1.0	1	34
fgsea_msigdb_H_entrez:HALLMARK_UV_RESPONSE_UP	6648	1.0	5	34
fgsea_msigdb_H_entrez:HALLMARK_UV_RESPONSE_UP	682	1.0	2	34
fgsea_msigdb_H_entrez:HALLMARK_UV_RESPONSE_UP	694	1.0	3	34
fgsea_msigdb_H_entrez:HALLMARK_UV_RESPONSE_UP	7037	1.0	4	34
fgsea_msigdb_H_entrez:HALLMARK_UV_RESPONSE_UP	7277	1.0	3	34
fgsea_msigdb_H_entrez:HALLMARK_UV_RESPONSE_UP	8804	1.0	1	34
fgsea_msigdb_H_entrez:HALLMARK_UV_RESPONSE_UP	898	1.0	3	34
fgsea_msigdb_H_entrez:HALLMARK_UV_RESPONSE_UP	9	1.0	1	34
fgsea_msigdb_H_entrez:HALLMARK_UV_RESPONSE_UP	9296	1.0	2	34
fgsea_msigdb_H_entrez:HALLMARK_UV_RESPONSE_UP	988	1.0	1	34
fgsea_msigdb_H_entrez:HALLMARK_WNT_BETA_CATENIN_SIGNALING	10014	1.0	2	9
fgsea_msigdb_H_entrez:HALLMARK_WNT_BETA_CATENIN_SIGNALING	1454	1.0	1	9
fgsea_msigdb_H_entrez:HALLMARK_WNT_BETA_CATENIN_SIGNALING	2648	1.0	1	9
fgsea_msigdb_H_entrez:HALLMARK_WNT_BETA_CATENIN_SIGNALING	2770	1.0	3	9
fgsea_msigdb_H_entrez:HALLMARK_WNT_BETA_CATENIN_SIGNALING	4855	1.0	2	9
fgsea_msigdb_H_entrez:HALLMARK_WNT_BETA_CATENIN_SIGNALING	5664	1.0	3	9
fgsea_msigdb_H_entrez:HALLMARK_WNT_BETA_CATENIN_SIGNALING	7471	1.0	1	9
fgsea_msigdb_H_entrez:HALLMARK_WNT_BETA_CATENIN_SIGNALING	7475	1.0	1	9
fgsea_msigdb_H_entrez:HALLMARK_WNT_BETA_CATENIN_SIGNALING	8321	1.0	1	9
fgsea_msigdb_H_entrez:HALLMARK_XENOBIOTIC_METABOLISM	10653	1.0	1	53
fgsea_msigdb_H_entrez:HALLMARK_XENOBIOTIC_METABOLISM	10717	1.0	1	53
fgsea_msigdb_H_entrez:HALLMARK_XENOBIOTIC_METABOLISM	10728	1.0	2	53
fgsea_msigdb_H_entrez:HALLMARK_XENOBIOTIC_METABOLISM	1244	1.0	1	53
fgsea_msigdb_H_entrez:HALLMARK_XENOBIOTIC_METABOLISM	128	1.0	1	53
fgsea_msigdb_H_entrez:HALLMARK_XENOBIOTIC_METABOLISM	1312	1.0	1	53
fgsea_msigdb_H_entrez:HALLMARK_XENOBIOTIC_METABOLISM	1543	1.0	1	53
fgsea_msigdb_H_entrez:HALLMARK_XENOBIOTIC_METABOLISM	1593	1.0	2	53
fgsea_msigdb_H_entrez:HALLMARK_XENOBIOTIC_METABOLISM	1969	1.0	1	53
fgsea_msigdb_H_entrez:HALLMARK_XENOBIOTIC_METABOLISM	2052	1.0	1	53
fgsea_msigdb_H_entrez:HALLMARK_XENOBIOTIC_METABOLISM	211	1.0	1	53
fgsea_msigdb_H_entrez:HALLMARK_XENOBIOTIC_METABOLISM	2160	1.0	1	53
fgsea_msigdb_H_entrez:HALLMARK_XENOBIOTIC_METABOLISM	2168	1.0	1	53
fgsea_msigdb_H_entrez:HALLMARK_XENOBIOTIC_METABOLISM	217	1.0	2	53
fgsea_msigdb_H_entrez:HALLMARK_XENOBIOTIC_METABOLISM	218	1.0	1	53
fgsea_msigdb_H_entrez:HALLMARK_XENOBIOTIC_METABOLISM	2203	1.0	1	53
fgsea_msigdb_H_entrez:HALLMARK_XENOBIOTIC_METABOLISM	225	1.0	2	53
fgsea_msigdb_H_entrez:HALLMARK_XENOBIOTIC_METABOLISM	2729	1.0	2	53
fgsea_msigdb_H_entrez:HALLMARK_XENOBIOTIC_METABOLISM	2937	1.0	1	53
fgsea_msigdb_H_entrez:HALLMARK_XENOBIOTIC_METABOLISM	3172	1.0	1	53
fgsea_msigdb_H_entrez:HALLMARK_XENOBIOTIC_METABOLISM	3290	1.0	1	53
fgsea_msigdb_H_entrez:HALLMARK_XENOBIOTIC_METABOLISM	3398	1.0	1	53
fgsea_msigdb_H_entrez:HALLMARK_XENOBIOTIC_METABOLISM	3479	1.0	1	53
fgsea_msigdb_H_entrez:HALLMARK_XENOBIOTIC_METABOLISM	348	1.0	2	53
fgsea_msigdb_H_entrez:HALLMARK_XENOBIOTIC_METABOLISM	3728	1.0	1	53
fgsea_msigdb_H_entrez:HALLMARK_XENOBIOTIC_METABOLISM	384	1.0	1	53
fgsea_msigdb_H_entrez:HALLMARK_XENOBIOTIC_METABOLISM	3931	1.0	1	53
fgsea_msigdb_H_entrez:HALLMARK_XENOBIOTIC_METABOLISM	4121	1.0	1	53
fgsea_msigdb_H_entrez:HALLMARK_XENOBIOTIC_METABOLISM	4128	1.0	1	53
fgsea_msigdb_H_entrez:HALLMARK_XENOBIOTIC_METABOLISM	4153	1.0	1	53
fgsea_msigdb_H_entrez:HALLMARK_XENOBIOTIC_METABOLISM	4836	1.0	2	53
fgsea_msigdb_H_entrez:HALLMARK_XENOBIOTIC_METABOLISM	53	1.0	1	53
fgsea_msigdb_H_entrez:HALLMARK_XENOBIOTIC_METABOLISM	5372	1.0	1	53
fgsea_msigdb_H_entrez:HALLMARK_XENOBIOTIC_METABOLISM	5467	1.0	2	53
fgsea_msigdb_H_entrez:HALLMARK_XENOBIOTIC_METABOLISM	5627	1.0	1	53
fgsea_msigdb_H_entrez:HALLMARK_XENOBIOTIC_METABOLISM	5730	1.0	1	53
fgsea_msigdb_H_entrez:HALLMARK_XENOBIOTIC_METABOLISM	5805	1.0	1	53
fgsea_msigdb_H_entrez:HALLMARK_XENOBIOTIC_METABOLISM	5831	1.0	1	53
fgsea_msigdb_H_entrez:HALLMARK_XENOBIOTIC_METABOLISM	586	1.0	1	53
fgsea_msigdb_H_entrez:HALLMARK_XENOBIOTIC_METABOLISM	5909	1.0	1	53
fgsea_msigdb_H_entrez:HALLMARK_XENOBIOTIC_METABOLISM	5967	1.0	1	53
fgsea_msigdb_H_entrez:HALLMARK_XENOBIOTIC_METABOLISM	6510	1.0	1	53
fgsea_msigdb_H_entrez:HALLMARK_XENOBIOTIC_METABOLISM	6560	1.0	1	53
fgsea_msigdb_H_entrez:HALLMARK_XENOBIOTIC_METABOLISM	6580	1.0	1	53
fgsea_msigdb_H_entrez:HALLMARK_XENOBIOTIC_METABOLISM	6898	1.0	1	53
fgsea_msigdb_H_entrez:HALLMARK_XENOBIOTIC_METABOLISM	7042	1.0	1	53
fgsea_msigdb_H_entrez:HALLMARK_XENOBIOTIC_METABOLISM	7274	1.0	1	53
fgsea_msigdb_H_entrez:HALLMARK_XENOBIOTIC_METABOLISM	8309	1.0	2	53
fgsea_msigdb_H_entrez:HALLMARK_XENOBIOTIC_METABOLISM	847	1.0	4	53
fgsea_msigdb_H_entrez:HALLMARK_XENOBIOTIC_METABOLISM	866	1.0	2	53
fgsea_msigdb_H_entrez:HALLMARK_XENOBIOTIC_METABOLISM	8876	1.0	1	53
fgsea_msigdb_H_entrez:HALLMARK_XENOBIOTIC_METABOLISM	9054	1.0	1	53
fgsea_msigdb_H_entrez:HALLMARK_XENOBIOTIC_METABOLISM	9663	1.0	1	53
