condition	tissue	perturbation	comparison	context_key	claim_id	entity	direction	context_keys	term_uid	source	term_id	term_name	module_id	module_reason	gene_ids	term_ids	gene_set_hash	context_score	eligible	term_survival	keep_term	keep_reason	claim_json	claim_mode	llm_notes	context_evaluated	context_method	context_status	context_reason	context_notes	context_confidence	context_gate_mode	context_review_mode	context_ctx_id	context_proxy_method	context_score_proxy	context_score_proxy_norm	module_context_weight	context_tokens_n	context_signature	context_score_proxy_u01	context_score_proxy_u01_norm	context_ctx_id_original	context_ctx_id_effective	context_swap_from	context_swap_to	gene_ids_excel	term_ids_excel	context_gate_applied_pre_audit	status	link_ok	stability_ok	contradiction_ok	stress_ok	stress_evaluated	abstain_reason	fail_reason	audit_notes	tau_used	term_survival_agg	stability_scope	module_id_effective	gene_set_hash_effective	term_ids_set_hash	evidence_key	direction_norm	gene_set_hash_computed	gene_set_hash_match_mode	context_score_proxy_p_warn	context_score_proxy_p_warn_eff	context_score_proxy_key_base	select_context_status_score	context_gate_blocked	eligible_context	context_score_from_proposed	context_confidence_from_proposed	context_reason_from_proposed	context_review_mode_from_proposed	context_method_from_proposed	context_gate_mode_from_proposed	context_ctx_id_from_proposed	context_ctx_id_original_from_proposed	context_ctx_id_effective_from_proposed	context_swap_from_from_proposed	context_swap_to_from_proposed	context_signature_from_proposed	context_tokens_n_from_proposed	context_score_proxy_from_proposed	context_score_proxy_norm_from_proposed	context_score_proxy_u01_from_proposed	context_score_proxy_u01_norm_from_proposed	module_context_weight_from_proposed	context_proxy_method_from_proposed	context_status_from_proposed	stress_status	stress_reason	stress_notes	stress_tag	contradiction_flip	stress_tag_norm	gene_ids_str	term_ids_str	gene_symbols	gene_symbols_str
HNSC	tumor	genotype	TP53_mut_vs_TP53_wt	HNSC|tumor|genotype|TP53_mut_vs_TP53_wt	c_de0c536ad356	HALLMARK_APOPTOSIS	up	condition,tissue,perturbation,comparison	fgsea_msigdb_H_entrez:HALLMARK_APOPTOSIS	fgsea_msigdb_H_entrez	HALLMARK_APOPTOSIS	HALLMARK_APOPTOSIS	Mdf6350d89cee	module_survival_used(module_id=Mdf6350d89cee)	'4060;1499;7818;6304;5970;3301;4000;633;2879;3482;1676;8878;8837;2064;5366;7417;840;5747;1634;1806;835;2876;5058;595;4092;6041;331;2069;5914;3553;4744;3569;3725;3552;4616;5159	'fgsea_msigdb_H_entrez:HALLMARK_APOPTOSIS	1b912bf139ec	0.597218030864805	True	1.0	True	ok	"{""claim_id"":""c_de0c536ad356"",""entity"":""HALLMARK_APOPTOSIS"",""direction"":""up"",""context_keys"":[""condition"",""tissue"",""perturbation"",""comparison""],""context_evaluated"":false,""context_method"":""none"",""context_status"":null,""context_reason"":null,""context_notes"":null,""evidence_ref"":{""module_id"":""Mdf6350d89cee"",""gene_ids"":[""4060"",""1499"",""7818"",""6304"",""5970"",""3301"",""4000"",""633"",""2879"",""3482"",""1676"",""8878"",""8837"",""2064"",""5366"",""7417"",""840"",""5747"",""1634"",""1806"",""835"",""2876"",""5058"",""595"",""4092"",""6041"",""331"",""2069"",""5914"",""3553"",""4744"",""3569"",""3725"",""3552"",""4616"",""5159""],""term_ids"":[""fgsea_msigdb_H_entrez:HALLMARK_APOPTOSIS""],""gene_set_hash"":""1b912bf139ec"",""gene_set_hash_source"":""input"",""term_ids_has_raw"":false}}"	llm	ok	True	proxy	PASS	proxy_context_score	proxy_context_v3: swap_active=0 u=0.823 p_warn=0.050 p_warn_eff=0.050 key_fields=['context_keys', 'term_uid', 'cancer', 'context_swap_to']	0.597218030864805	hard	proxy	HNSC|tumor|genotype|TP53_mut_vs_TP53_wt	module_weight	0.0	0.0	0.0	4	60c997d59dbc	0.8229	0.597218030864805	HNSC|tumor|genotype|TP53_mut_vs_TP53_wt	HNSC|tumor|genotype|TP53_mut_vs_TP53_wt			'4060;1499;7818;6304;5970;3301;4000;633;2879;3482;1676;8878;8837;2064;5366;7417;840;5747;1634;1806;835;2876;5058;595;4092;6041;331;2069;5914;3553;4744;3569;3725;3552;4616;5159	'fgsea_msigdb_H_entrez:HALLMARK_APOPTOSIS	False	PASS	True	True		False	False				0.8	1.0	module	Mdf6350d89cee	1b912bf139ec	f7243ee91cc9	1b912bf139ec	up	1b912bf139ec	trim	0.2	0.05	context_keys=condition,tissue,perturbation,comparison|term_uid=fgsea_msigdb_H_entrez:HALLMARK_APOPTOSIS	1	False	True	0.597218030864805	0.597218030864805	PROXY_U01_OK	proxy	none	hard	HNSC|tumor|genotype|TP53_mut_vs_TP53_wt	HNSC|tumor|genotype|TP53_mut_vs_TP53_wt	HNSC|tumor|genotype|TP53_mut_vs_TP53_wt			60c997d59dbc	4	0.0	0.0	0.597218030864805	0.597218030864805	0.0	module_weight	PASS							'4060;1499;7818;6304;5970;3301;4000;633;2879;3482;1676;8878;8837;2064;5366;7417;840;5747;1634;1806;835;2876;5058;595;4092;6041;331;2069;5914;3553;4744;3569;3725;3552;4616;5159	'fgsea_msigdb_H_entrez:HALLMARK_APOPTOSIS	['LUM', 'CTNNB1', 'DAP3', 'SATB1', 'RELA', 'DNAJA1', 'LMNA', 'BGN', 'GPX4', 'IGF2R', 'DFFA', 'SQSTM1', 'CFLAR', 'ERBB2', 'PMAIP1', 'VDAC2', 'CASP7', 'PTK2', 'DCN', 'DPYD', 'CASP2', 'GPX1', 'PAK1', 'CCND1', 'SMAD7', 'RNASEL', 'XIAP', 'EREG', 'RARA', 'IL1B', 'NEFH', 'IL6', 'JUN', 'IL1A', 'GADD45B', 'PDGFRB']	LUM;CTNNB1;DAP3;SATB1;RELA;DNAJA1;LMNA;BGN;GPX4;IGF2R;DFFA;SQSTM1;CFLAR;ERBB2;PMAIP1;VDAC2;CASP7;PTK2;DCN;DPYD;CASP2;GPX1;PAK1;CCND1;SMAD7;RNASEL;XIAP;EREG;RARA;IL1B;NEFH;IL6;JUN;IL1A;GADD45B;PDGFRB
HNSC	tumor	genotype	TP53_mut_vs_TP53_wt	HNSC|tumor|genotype|TP53_mut_vs_TP53_wt	c_402f11698cfb	HALLMARK_P53_PATHWAY	up	condition,tissue,perturbation,comparison	fgsea_msigdb_H_entrez:HALLMARK_P53_PATHWAY	fgsea_msigdb_H_entrez	HALLMARK_P53_PATHWAY	HALLMARK_P53_PATHWAY	Maf269dcd4575	module_survival_used(module_id=Maf269dcd4575)	'4033;7062;5372;2258;3265;4084;3732;8626;1839;3691;5900;9618;10458;10906;7378;8651;7867;9883;8848;7164;3006;8722;1969;677;3725;3552;5429;317;10608;247;5154;2872;7832;6256;10628;2760;8493;10614;2052;11059;10437;8744;2073;3625;896;10668;6948;2517;3976;1026;10769;4193;6281;578;900;975;7704;7039;100;1030;5820;10399;5268	'fgsea_msigdb_H_entrez:HALLMARK_P53_PATHWAY	73cbba12ef1c	0.30170462089314	True	1.0	True	ok	"{""claim_id"":""c_402f11698cfb"",""entity"":""HALLMARK_P53_PATHWAY"",""direction"":""up"",""context_keys"":[""condition"",""tissue"",""perturbation"",""comparison""],""context_evaluated"":true,""context_method"":""llm"",""context_status"":""PASS"",""context_reason"":""The term HALLMARK_P53_PATHWAY is relevant to the context condition HNSC and perturbation genotype TP53_mut_vs_TP53_wt."",""context_notes"":null,""evidence_ref"":{""module_id"":""Maf269dcd4575"",""gene_ids"":[""4033"",""7062"",""5372"",""2258"",""3265"",""4084"",""3732"",""8626"",""1839"",""3691"",""5900"",""9618"",""10458"",""10906"",""7378"",""8651"",""7867"",""9883"",""8848"",""7164"",""3006"",""8722"",""1969"",""677"",""3725"",""3552"",""5429"",""317"",""10608"",""247"",""5154"",""2872"",""7832"",""6256"",""10628"",""2760"",""8493"",""10614"",""2052"",""11059"",""10437"",""8744"",""2073"",""3625"",""896"",""10668"",""6948"",""2517"",""3976"",""1026"",""10769"",""4193"",""6281"",""578"",""900"",""975"",""7704"",""7039"",""100"",""1030"",""5820"",""10399"",""5268""],""term_ids"":[""fgsea_msigdb_H_entrez:HALLMARK_P53_PATHWAY""],""gene_set_hash"":""73cbba12ef1c"",""gene_set_hash_source"":""input"",""term_ids_has_raw"":false}}"	llm	ok	True	llm	PASS	The term HALLMARK_P53_PATHWAY is relevant to the context condition HNSC and perturbation genotype TP53_mut_vs_TP53_wt.		0.30170462089314	hard	proxy	HNSC|tumor|genotype|TP53_mut_vs_TP53_wt	module_weight	0.0	0.0	0.0	4	60c997d59dbc	0.30170462089314	0.30170462089314	HNSC|tumor|genotype|TP53_mut_vs_TP53_wt	HNSC|tumor|genotype|TP53_mut_vs_TP53_wt			'4033;7062;5372;2258;3265;4084;3732;8626;1839;3691;5900;9618;10458;10906;7378;8651;7867;9883;8848;7164;3006;8722;1969;677;3725;3552;5429;317;10608;247;5154;2872;7832;6256;10628;2760;8493;10614;2052;11059;10437;8744;2073;3625;896;10668;6948;2517;3976;1026;10769;4193;6281;578;900;975;7704;7039;100;1030;5820;10399;5268	'fgsea_msigdb_H_entrez:HALLMARK_P53_PATHWAY	False	PASS	True	True		False	False				0.8	1.0	module	Maf269dcd4575	73cbba12ef1c	d89dadd0d382	73cbba12ef1c	up	73cbba12ef1c	trim				1	False	True	0.30170462089314	0.30170462089314	The term HALLMARK_P53_PATHWAY is relevant to the context condition HNSC and perturbation genotype TP53_mut_vs_TP53_wt.	proxy	llm	hard	HNSC|tumor|genotype|TP53_mut_vs_TP53_wt	HNSC|tumor|genotype|TP53_mut_vs_TP53_wt	HNSC|tumor|genotype|TP53_mut_vs_TP53_wt			60c997d59dbc	4	0.0	0.0	0.30170462089314	0.30170462089314	0.0	module_weight	PASS							'4033;7062;5372;2258;3265;4084;3732;8626;1839;3691;5900;9618;10458;10906;7378;8651;7867;9883;8848;7164;3006;8722;1969;677;3725;3552;5429;317;10608;247;5154;2872;7832;6256;10628;2760;8493;10614;2052;11059;10437;8744;2073;3625;896;10668;6948;2517;3976;1026;10769;4193;6281;578;900;975;7704;7039;100;1030;5820;10399;5268	'fgsea_msigdb_H_entrez:HALLMARK_P53_PATHWAY	['IRAG2', 'TCHH', 'PMM1', 'FGF13', 'HRAS', 'MXD1', 'CD82', 'TP63', 'HBEGF', 'ITGB4', 'RALGDS', 'TRAF4', 'BAIAP2', 'TRAFD1', 'UPP1', 'SOCS1', 'MAPKAPK3', 'POM121', 'TSC22D1', 'TPD52L1', 'H1-2', 'CTSF', 'EPHA2', 'ZFP36L1', 'JUN', 'IL1A', 'POLH', 'APAF1', 'MXD4', 'ALOX15B', 'PDGFA', 'MKNK2', 'BTG2', 'RXRA', 'TXNIP', 'GM2A', 'PPM1D', 'HEXIM1', 'EPHX1', 'WWP1', 'IFI30', 'TNFSF9', 'ERCC5', 'INHBB', 'CCND3', 'CGRRF1', 'TCN2', 'FUCA1', 'LIF', 'CDKN1A', 'PLK2', 'MDM2', 'S100A10', 'BAK1', 'CCNG1', 'CD81', 'ZBTB16', 'TGFA', 'ADA', 'CDKN2B', 'PVT1', 'RACK1', 'SERPINB5']	IRAG2;TCHH;PMM1;FGF13;HRAS;MXD1;CD82;TP63;HBEGF;ITGB4;RALGDS;TRAF4;BAIAP2;TRAFD1;UPP1;SOCS1;MAPKAPK3;POM121;TSC22D1;TPD52L1;H1-2;CTSF;EPHA2;ZFP36L1;JUN;IL1A;POLH;APAF1;MXD4;ALOX15B;PDGFA;MKNK2;BTG2;RXRA;TXNIP;GM2A;PPM1D;HEXIM1;EPHX1;WWP1;IFI30;TNFSF9;ERCC5;INHBB;CCND3;CGRRF1;TCN2;FUCA1;LIF;CDKN1A;PLK2;MDM2;S100A10;BAK1;CCNG1;CD81;ZBTB16;TGFA;ADA;CDKN2B;PVT1;RACK1;SERPINB5
HNSC	tumor	genotype	TP53_mut_vs_TP53_wt	HNSC|tumor|genotype|TP53_mut_vs_TP53_wt	c_53120a9f833e	HALLMARK_TNFA_SIGNALING_VIA_NFKB	up	condition,tissue,perturbation,comparison	fgsea_msigdb_H_entrez:HALLMARK_TNFA_SIGNALING_VIA_NFKB	fgsea_msigdb_H_entrez	HALLMARK_TNFA_SIGNALING_VIA_NFKB	HALLMARK_TNFA_SIGNALING_VIA_NFKB	Mdf6350d89cee	module_survival_used(module_id=Mdf6350d89cee)	'8013;4794;7128;1435;5970;4084;1839;5271;5743;7262;6385;10957;8613;8878;8837;2920;7071;5209;1958;11080;5606;6347;8848;595;5055;2355;7280;7097;3164;1959;3553;3569;3725;3552;6372;10318;9242;4616;5971;4783;7832;3949;2921;3726;8303;5806;1906;10221;8744;8942;1827;4780;2683;2919;10209	'fgsea_msigdb_H_entrez:HALLMARK_TNFA_SIGNALING_VIA_NFKB	8f055c2f4077	0.5578503101011103	True	1.0	True	ok	"{""claim_id"":""c_53120a9f833e"",""entity"":""HALLMARK_TNFA_SIGNALING_VIA_NFKB"",""direction"":""up"",""context_keys"":[""condition"",""tissue"",""perturbation"",""comparison""],""context_evaluated"":false,""context_method"":""none"",""context_status"":null,""context_reason"":null,""context_notes"":null,""evidence_ref"":{""module_id"":""Mdf6350d89cee"",""gene_ids"":[""8013"",""4794"",""7128"",""1435"",""5970"",""4084"",""1839"",""5271"",""5743"",""7262"",""6385"",""10957"",""8613"",""8878"",""8837"",""2920"",""7071"",""5209"",""1958"",""11080"",""5606"",""6347"",""8848"",""595"",""5055"",""2355"",""7280"",""7097"",""3164"",""1959"",""3553"",""3569"",""3725"",""3552"",""6372"",""10318"",""9242"",""4616"",""5971"",""4783"",""7832"",""3949"",""2921"",""3726"",""8303"",""5806"",""1906"",""10221"",""8744"",""8942"",""1827"",""4780"",""2683"",""2919"",""10209""],""term_ids"":[""fgsea_msigdb_H_entrez:HALLMARK_TNFA_SIGNALING_VIA_NFKB""],""gene_set_hash"":""8f055c2f4077"",""gene_set_hash_source"":""input"",""term_ids_has_raw"":false}}"	llm	ok	True	proxy	PASS	proxy_context_score	proxy_context_v3: swap_active=0 u=0.070 p_warn=0.050 p_warn_eff=0.050 key_fields=['context_keys', 'term_uid', 'cancer', 'context_swap_to']	0.5578503101011103	hard	proxy	HNSC|tumor|genotype|TP53_mut_vs_TP53_wt	module_weight	0.0	0.0	0.0	4	60c997d59dbc	0.069983	0.5578503101011103	HNSC|tumor|genotype|TP53_mut_vs_TP53_wt	HNSC|tumor|genotype|TP53_mut_vs_TP53_wt			'8013;4794;7128;1435;5970;4084;1839;5271;5743;7262;6385;10957;8613;8878;8837;2920;7071;5209;1958;11080;5606;6347;8848;595;5055;2355;7280;7097;3164;1959;3553;3569;3725;3552;6372;10318;9242;4616;5971;4783;7832;3949;2921;3726;8303;5806;1906;10221;8744;8942;1827;4780;2683;2919;10209	'fgsea_msigdb_H_entrez:HALLMARK_TNFA_SIGNALING_VIA_NFKB	False	PASS	True	True		False	False				0.8	1.0	module	Mdf6350d89cee	8f055c2f4077	bb43dc5ad2ee	8f055c2f4077	up	8f055c2f4077	trim	0.2	0.05	context_keys=condition,tissue,perturbation,comparison|term_uid=fgsea_msigdb_H_entrez:HALLMARK_TNFA_SIGNALING_VIA_NFKB	1	False	True	0.5578503101011103	0.5578503101011103	PROXY_U01_OK	proxy	none	hard	HNSC|tumor|genotype|TP53_mut_vs_TP53_wt	HNSC|tumor|genotype|TP53_mut_vs_TP53_wt	HNSC|tumor|genotype|TP53_mut_vs_TP53_wt			60c997d59dbc	4	0.0	0.0	0.5578503101011103	0.5578503101011103	0.0	module_weight	PASS							'8013;4794;7128;1435;5970;4084;1839;5271;5743;7262;6385;10957;8613;8878;8837;2920;7071;5209;1958;11080;5606;6347;8848;595;5055;2355;7280;7097;3164;1959;3553;3569;3725;3552;6372;10318;9242;4616;5971;4783;7832;3949;2921;3726;8303;5806;1906;10221;8744;8942;1827;4780;2683;2919;10209	'fgsea_msigdb_H_entrez:HALLMARK_TNFA_SIGNALING_VIA_NFKB	['NR4A3', 'NFKBIE', 'TNFAIP3', 'CSF1', 'RELA', 'MXD1', 'HBEGF', 'SERPINB8', 'PTGS2', 'PHLDA2', 'SDC4', 'PNRC1', 'PLPP3', 'SQSTM1', 'CFLAR', 'CXCL2', 'KLF10', 'PFKFB3', 'EGR1', 'DNAJB4', 'MAP2K3', 'CCL2', 'TSC22D1', 'CCND1', 'SERPINB2', 'FOSL2', 'TUBB2A', 'TLR2', 'NR4A1', 'EGR2', 'IL1B', 'IL6', 'JUN', 'IL1A', 'CXCL6', 'TNIP1', 'MSC', 'GADD45B', 'RELB', 'NFIL3', 'BTG2', 'LDLR', 'CXCL3', 'JUNB', 'SNN', 'PTX3', 'EDN1', 'TRIB1', 'TNFSF9', 'KYNU', 'RCAN1', 'NFE2L2', 'B4GALT1', 'CXCL1', 'EIF1']	NR4A3;NFKBIE;TNFAIP3;CSF1;RELA;MXD1;HBEGF;SERPINB8;PTGS2;PHLDA2;SDC4;PNRC1;PLPP3;SQSTM1;CFLAR;CXCL2;KLF10;PFKFB3;EGR1;DNAJB4;MAP2K3;CCL2;TSC22D1;CCND1;SERPINB2;FOSL2;TUBB2A;TLR2;NR4A1;EGR2;IL1B;IL6;JUN;IL1A;CXCL6;TNIP1;MSC;GADD45B;RELB;NFIL3;BTG2;LDLR;CXCL3;JUNB;SNN;PTX3;EDN1;TRIB1;TNFSF9;KYNU;RCAN1;NFE2L2;B4GALT1;CXCL1;EIF1
HNSC	tumor	genotype	TP53_mut_vs_TP53_wt	HNSC|tumor|genotype|TP53_mut_vs_TP53_wt	c_6ec10a980027	HALLMARK_ADIPOGENESIS	up	condition,tissue,perturbation,comparison	fgsea_msigdb_H_entrez:HALLMARK_ADIPOGENESIS	fgsea_msigdb_H_entrez	HALLMARK_ADIPOGENESIS	HALLMARK_ADIPOGENESIS	M03a383e6e086	module_survival_used(module_id=M03a383e6e086)	'6817;1337;10989;8404;1652;2053;8322;1306;2879;1431;5004;5495;6391;5209;6576;112;50;2109;1349;948;10113;7086;4958;8491;6390;204;1376;334	'fgsea_msigdb_H_entrez:HALLMARK_ADIPOGENESIS	ce5fe3ea4387	0.4775480500800706	False	0.9375	True	ok	"{""claim_id"":""c_6ec10a980027"",""entity"":""HALLMARK_ADIPOGENESIS"",""direction"":""up"",""context_keys"":[""condition"",""tissue"",""perturbation"",""comparison""],""context_evaluated"":true,""context_method"":""llm"",""context_status"":""FAIL"",""context_reason"":""The term HALLMARK_ADIPOGENESIS is not related to the context condition HNSC or tissue tumor."",""context_notes"":null,""evidence_ref"":{""module_id"":""M03a383e6e086"",""gene_ids"":[""6817"",""1337"",""10989"",""8404"",""1652"",""2053"",""8322"",""1306"",""2879"",""1431"",""5004"",""5495"",""6391"",""5209"",""6576"",""112"",""50"",""2109"",""1349"",""948"",""10113"",""7086"",""4958"",""8491"",""6390"",""204"",""1376"",""334""],""term_ids"":[""fgsea_msigdb_H_entrez:HALLMARK_ADIPOGENESIS""],""gene_set_hash"":""ce5fe3ea4387"",""gene_set_hash_source"":""input"",""term_ids_has_raw"":false}}"	llm	ok	True	llm	FAIL	The term HALLMARK_ADIPOGENESIS is not related to the context condition HNSC or tissue tumor.		0.4775480500800706	hard	proxy	HNSC|tumor|genotype|TP53_mut_vs_TP53_wt	module_weight	0.0	0.0	0.0	4	60c997d59dbc	0.4775480500800706	0.4775480500800706	HNSC|tumor|genotype|TP53_mut_vs_TP53_wt	HNSC|tumor|genotype|TP53_mut_vs_TP53_wt			'6817;1337;10989;8404;1652;2053;8322;1306;2879;1431;5004;5495;6391;5209;6576;112;50;2109;1349;948;10113;7086;4958;8491;6390;204;1376;334	'fgsea_msigdb_H_entrez:HALLMARK_ADIPOGENESIS	True	FAIL	True	True		False	False		context_fail	context_fail(hard): context_evaluated=True method=llm status=FAIL reason=The term HALLMARK_ADIPOGENESIS is not related to the context condition HNSC or tissue tumor.	0.8	0.9375	module	M03a383e6e086	ce5fe3ea4387	b71bb8479b9d	ce5fe3ea4387	up	ce5fe3ea4387	trim				-1	True	False	0.4775480500800706	0.4775480500800706	The term HALLMARK_ADIPOGENESIS is not related to the context condition HNSC or tissue tumor.	proxy	llm	hard	HNSC|tumor|genotype|TP53_mut_vs_TP53_wt	HNSC|tumor|genotype|TP53_mut_vs_TP53_wt	HNSC|tumor|genotype|TP53_mut_vs_TP53_wt			60c997d59dbc	4	0.0	0.0	0.4775480500800706	0.4775480500800706	0.0	module_weight	FAIL							'6817;1337;10989;8404;1652;2053;8322;1306;2879;1431;5004;5495;6391;5209;6576;112;50;2109;1349;948;10113;7086;4958;8491;6390;204;1376;334	'fgsea_msigdb_H_entrez:HALLMARK_ADIPOGENESIS	['SULT1A1', 'COX6A1', 'IMMT', 'SPARCL1', 'DDT', 'EPHX2', 'FZD4', 'COL15A1', 'GPX4', 'CS', 'ORM1', 'PPM1B', 'SDHC', 'PFKFB3', 'SLC25A1', 'ADCY6', 'ACO2', 'ETFB', 'COX7B', 'CD36', 'PREB', 'TKT', 'OMD', 'MAP4K3', 'SDHB', 'AK2', 'CPT2', 'APLP2']	SULT1A1;COX6A1;IMMT;SPARCL1;DDT;EPHX2;FZD4;COL15A1;GPX4;CS;ORM1;PPM1B;SDHC;PFKFB3;SLC25A1;ADCY6;ACO2;ETFB;COX7B;CD36;PREB;TKT;OMD;MAP4K3;SDHB;AK2;CPT2;APLP2
HNSC	tumor	genotype	TP53_mut_vs_TP53_wt	HNSC|tumor|genotype|TP53_mut_vs_TP53_wt	c_4e1651d119b7	HALLMARK_APICAL_JUNCTION	up	condition,tissue,perturbation,comparison	fgsea_msigdb_H_entrez:HALLMARK_APICAL_JUNCTION	fgsea_msigdb_H_entrez	HALLMARK_APICAL_JUNCTION	HALLMARK_APICAL_JUNCTION	Mf906280fa5e1	module_survival_used(module_id=Mf906280fa5e1)	'1297;1002;3265;7070;9379;1006;1001;88;7087;3691;10290;4627;87;10458;5747;3675;7059;3757;8174;10174;5603;7408;478;10398;1366	'fgsea_msigdb_H_entrez:HALLMARK_APICAL_JUNCTION	37b4810ad81e	0.4267756877622437	True	0.9375	True	ok	"{""claim_id"":""c_4e1651d119b7"",""entity"":""HALLMARK_APICAL_JUNCTION"",""direction"":""up"",""context_keys"":[""condition"",""tissue"",""perturbation"",""comparison""],""context_evaluated"":true,""context_method"":""llm"",""context_status"":""PASS"",""context_reason"":""The term HALLMARK_APICAL_JUNCTION is associated with apical junctions in epithelial cells, which are relevant to tumor tissues."",""context_notes"":null,""evidence_ref"":{""module_id"":""Mf906280fa5e1"",""gene_ids"":[""1297"",""1002"",""3265"",""7070"",""9379"",""1006"",""1001"",""88"",""7087"",""3691"",""10290"",""4627"",""87"",""10458"",""5747"",""3675"",""7059"",""3757"",""8174"",""10174"",""5603"",""7408"",""478"",""10398"",""1366""],""term_ids"":[""fgsea_msigdb_H_entrez:HALLMARK_APICAL_JUNCTION""],""gene_set_hash"":""37b4810ad81e"",""gene_set_hash_source"":""input"",""term_ids_has_raw"":false}}"	llm	ok	True	llm	PASS	The term HALLMARK_APICAL_JUNCTION is associated with apical junctions in epithelial cells, which are relevant to tumor tissues.		0.4267756877622437	hard	proxy	HNSC|tumor|genotype|TP53_mut_vs_TP53_wt	module_weight	0.0	0.0	0.0	4	60c997d59dbc	0.4267756877622437	0.4267756877622437	HNSC|tumor|genotype|TP53_mut_vs_TP53_wt	HNSC|tumor|genotype|TP53_mut_vs_TP53_wt			'1297;1002;3265;7070;9379;1006;1001;88;7087;3691;10290;4627;87;10458;5747;3675;7059;3757;8174;10174;5603;7408;478;10398;1366	'fgsea_msigdb_H_entrez:HALLMARK_APICAL_JUNCTION	False	PASS	True	True		False	False				0.8	0.9375	module	Mf906280fa5e1	37b4810ad81e	a0d788ededd9	37b4810ad81e	up	37b4810ad81e	trim				1	False	True	0.4267756877622437	0.4267756877622437	The term HALLMARK_APICAL_JUNCTION is associated with apical junctions in epithelial cells, which are relevant to tumor tissues.	proxy	llm	hard	HNSC|tumor|genotype|TP53_mut_vs_TP53_wt	HNSC|tumor|genotype|TP53_mut_vs_TP53_wt	HNSC|tumor|genotype|TP53_mut_vs_TP53_wt			60c997d59dbc	4	0.0	0.0	0.4267756877622437	0.4267756877622437	0.0	module_weight	PASS							'1297;1002;3265;7070;9379;1006;1001;88;7087;3691;10290;4627;87;10458;5747;3675;7059;3757;8174;10174;5603;7408;478;10398;1366	'fgsea_msigdb_H_entrez:HALLMARK_APICAL_JUNCTION	['COL9A1', 'CDH4', 'HRAS', 'THY1', 'NRXN2', 'CDH8', 'CDH3', 'ACTN2', 'ICAM5', 'ITGB4', 'SPEG', 'MYH9', 'ACTN1', 'BAIAP2', 'PTK2', 'ITGA3', 'THBS3', 'KCNH2', 'MADCAM1', 'SORBS3', 'MAPK13', 'VASP', 'ATP1A3', 'MYL9', 'CLDN7']	COL9A1;CDH4;HRAS;THY1;NRXN2;CDH8;CDH3;ACTN2;ICAM5;ITGB4;SPEG;MYH9;ACTN1;BAIAP2;PTK2;ITGA3;THBS3;KCNH2;MADCAM1;SORBS3;MAPK13;VASP;ATP1A3;MYL9;CLDN7
HNSC	tumor	genotype	TP53_mut_vs_TP53_wt	HNSC|tumor|genotype|TP53_mut_vs_TP53_wt	c_287d32df5891	HALLMARK_HEDGEHOG_SIGNALING	up	condition,tissue,perturbation,comparison	fgsea_msigdb_H_entrez:HALLMARK_HEDGEHOG_SIGNALING	fgsea_msigdb_H_entrez	HALLMARK_HEDGEHOG_SIGNALING	HALLMARK_HEDGEHOG_SIGNALING	M0332a8692e9e	module_survival_used(module_id=M0332a8692e9e)	'8861;7070;7857;4627;4897;8633	'fgsea_msigdb_H_entrez:HALLMARK_HEDGEHOG_SIGNALING	613ae2fabfbc	0.7967995035327302	True	0.921875	True	ok	"{""claim_id"":""c_287d32df5891"",""entity"":""HALLMARK_HEDGEHOG_SIGNALING"",""direction"":""up"",""context_keys"":[""condition"",""tissue"",""perturbation"",""comparison""],""context_evaluated"":true,""context_method"":""llm"",""context_status"":""PASS"",""context_reason"":""The term HALLMARK_HEDGEHOG_SIGNALING is known to be associated with TP53 mutations in the context of HNSC tumors."",""context_notes"":null,""evidence_ref"":{""module_id"":""M0332a8692e9e"",""gene_ids"":[""8861"",""7070"",""7857"",""4627"",""4897"",""8633""],""term_ids"":[""fgsea_msigdb_H_entrez:HALLMARK_HEDGEHOG_SIGNALING""],""gene_set_hash"":""613ae2fabfbc"",""gene_set_hash_source"":""input"",""term_ids_has_raw"":false}}"	llm	ok	True	llm	PASS	The term HALLMARK_HEDGEHOG_SIGNALING is known to be associated with TP53 mutations in the context of HNSC tumors.		0.7967995035327302	hard	proxy	HNSC|tumor|genotype|TP53_mut_vs_TP53_wt	module_weight	0.0	0.0	0.0	4	60c997d59dbc	0.7967995035327302	0.7967995035327302	HNSC|tumor|genotype|TP53_mut_vs_TP53_wt	HNSC|tumor|genotype|TP53_mut_vs_TP53_wt			'8861;7070;7857;4627;4897;8633	'fgsea_msigdb_H_entrez:HALLMARK_HEDGEHOG_SIGNALING	False	PASS	True	True		False	False				0.8	0.921875	module	M0332a8692e9e	613ae2fabfbc	4afac49fe57f	613ae2fabfbc	up	613ae2fabfbc	trim				1	False	True	0.7967995035327302	0.7967995035327302	The term HALLMARK_HEDGEHOG_SIGNALING is known to be associated with TP53 mutations in the context of HNSC tumors.	proxy	llm	hard	HNSC|tumor|genotype|TP53_mut_vs_TP53_wt	HNSC|tumor|genotype|TP53_mut_vs_TP53_wt	HNSC|tumor|genotype|TP53_mut_vs_TP53_wt			60c997d59dbc	4	0.0	0.0	0.7967995035327302	0.7967995035327302	0.0	module_weight	PASS							'8861;7070;7857;4627;4897;8633	'fgsea_msigdb_H_entrez:HALLMARK_HEDGEHOG_SIGNALING	['LDB1', 'THY1', 'SCG2', 'MYH9', 'NRCAM', 'UNC5C']	LDB1;THY1;SCG2;MYH9;NRCAM;UNC5C
HNSC	tumor	genotype	TP53_mut_vs_TP53_wt	HNSC|tumor|genotype|TP53_mut_vs_TP53_wt	c_3d57869efdf6	HALLMARK_IL6_JAK_STAT3_SIGNALING	up	condition,tissue,perturbation,comparison	fgsea_msigdb_H_entrez:HALLMARK_IL6_JAK_STAT3_SIGNALING	fgsea_msigdb_H_entrez	HALLMARK_IL6_JAK_STAT3_SIGNALING	HALLMARK_IL6_JAK_STAT3_SIGNALING	Ma4188ca7ae89	module_survival_used(module_id=Ma4188ca7ae89)	'8809;1435;5781;3597;4050;10379;5196;6354;4055;1438;5292;8651;1441;948;7097;3553;3569;3725	'fgsea_msigdb_H_entrez:HALLMARK_IL6_JAK_STAT3_SIGNALING	23229151cd5d	0.1874022056648792	True	0.921875	True	ok	"{""claim_id"":""c_3d57869efdf6"",""entity"":""HALLMARK_IL6_JAK_STAT3_SIGNALING"",""direction"":""up"",""context_keys"":[""condition"",""tissue"",""perturbation"",""comparison""],""context_evaluated"":true,""context_method"":""llm"",""context_status"":""PASS"",""context_reason"":""The term is associated with IL-6/JAK/STAT3 signaling pathway, which is relevant to HNSC (Head and Neck Squamous Cell Carcinoma) and tumor samples."",""context_notes"":null,""evidence_ref"":{""module_id"":""Ma4188ca7ae89"",""gene_ids"":[""8809"",""1435"",""5781"",""3597"",""4050"",""10379"",""5196"",""6354"",""4055"",""1438"",""5292"",""8651"",""1441"",""948"",""7097"",""3553"",""3569"",""3725""],""term_ids"":[""fgsea_msigdb_H_entrez:HALLMARK_IL6_JAK_STAT3_SIGNALING""],""gene_set_hash"":""23229151cd5d"",""gene_set_hash_source"":""input"",""term_ids_has_raw"":false}}"	llm	ok	True	llm	PASS	The term is associated with IL-6/JAK/STAT3 signaling pathway, which is relevant to HNSC (Head and Neck Squamous Cell Carcinoma) and tumor samples.		0.1874022056648792	hard	proxy	HNSC|tumor|genotype|TP53_mut_vs_TP53_wt	module_weight	0.0	0.0	0.0	4	60c997d59dbc	0.1874022056648792	0.1874022056648792	HNSC|tumor|genotype|TP53_mut_vs_TP53_wt	HNSC|tumor|genotype|TP53_mut_vs_TP53_wt			'8809;1435;5781;3597;4050;10379;5196;6354;4055;1438;5292;8651;1441;948;7097;3553;3569;3725	'fgsea_msigdb_H_entrez:HALLMARK_IL6_JAK_STAT3_SIGNALING	False	PASS	True	True		False	False				0.8	0.921875	module	Ma4188ca7ae89	23229151cd5d	aba26b5a640d	23229151cd5d	up	23229151cd5d	trim				1	False	True	0.1874022056648792	0.1874022056648792	The term is associated with IL-6/JAK/STAT3 signaling pathway, which is relevant to HNSC (Head and Neck Squamous Cell Carcinoma) and tumor samples.	proxy	llm	hard	HNSC|tumor|genotype|TP53_mut_vs_TP53_wt	HNSC|tumor|genotype|TP53_mut_vs_TP53_wt	HNSC|tumor|genotype|TP53_mut_vs_TP53_wt			60c997d59dbc	4	0.0	0.0	0.1874022056648792	0.1874022056648792	0.0	module_weight	PASS							'8809;1435;5781;3597;4050;10379;5196;6354;4055;1438;5292;8651;1441;948;7097;3553;3569;3725	'fgsea_msigdb_H_entrez:HALLMARK_IL6_JAK_STAT3_SIGNALING	['IL18R1', 'CSF1', 'PTPN11', 'IL13RA1', 'LTB', 'IRF9', 'PF4', 'CCL7', 'LTBR', 'CSF2RA', 'PIM1', 'SOCS1', 'CSF3R', 'CD36', 'TLR2', 'IL1B', 'IL6', 'JUN']	IL18R1;CSF1;PTPN11;IL13RA1;LTB;IRF9;PF4;CCL7;LTBR;CSF2RA;PIM1;SOCS1;CSF3R;CD36;TLR2;IL1B;IL6;JUN
HNSC	tumor	genotype	TP53_mut_vs_TP53_wt	HNSC|tumor|genotype|TP53_mut_vs_TP53_wt	c_0140522d1577	HALLMARK_CHOLESTEROL_HOMEOSTASIS	up	condition,tissue,perturbation,comparison	fgsea_msigdb_H_entrez:HALLMARK_CHOLESTEROL_HOMEOSTASIS	fgsea_msigdb_H_entrez	HALLMARK_CHOLESTEROL_HOMEOSTASIS	HALLMARK_CHOLESTEROL_HOMEOSTASIS	M5ff3f8386599	module_survival_used(module_id=M5ff3f8386599)	'5165;6811;1499;875;4047;10957;308;5833;2222;6721;10654;1595;4783;2990;3949;4023;7869;1191;1891;5359;5468;230	'fgsea_msigdb_H_entrez:HALLMARK_CHOLESTEROL_HOMEOSTASIS	01a3aafc0275	0.13491924837690128	False	0.90625	True	ok	"{""claim_id"":""c_0140522d1577"",""entity"":""HALLMARK_CHOLESTEROL_HOMEOSTASIS"",""direction"":""up"",""context_keys"":[""condition"",""tissue"",""perturbation"",""comparison""],""context_evaluated"":true,""context_method"":""llm"",""context_status"":""FAIL"",""context_reason"":""The term HALLMARK_CHOLESTEROL_HOMEOSTASIS is not related to the context condition HNSC or cancer type."",""context_notes"":null,""evidence_ref"":{""module_id"":""M5ff3f8386599"",""gene_ids"":[""5165"",""6811"",""1499"",""875"",""4047"",""10957"",""308"",""5833"",""2222"",""6721"",""10654"",""1595"",""4783"",""2990"",""3949"",""4023"",""7869"",""1191"",""1891"",""5359"",""5468"",""230""],""term_ids"":[""fgsea_msigdb_H_entrez:HALLMARK_CHOLESTEROL_HOMEOSTASIS""],""gene_set_hash"":""01a3aafc0275"",""gene_set_hash_source"":""input"",""term_ids_has_raw"":false}}"	llm	ok	True	llm	FAIL	The term HALLMARK_CHOLESTEROL_HOMEOSTASIS is not related to the context condition HNSC or cancer type.		0.13491924837690128	hard	proxy	HNSC|tumor|genotype|TP53_mut_vs_TP53_wt	module_weight	0.0	0.0	0.0	4	60c997d59dbc	0.13491924837690128	0.13491924837690128	HNSC|tumor|genotype|TP53_mut_vs_TP53_wt	HNSC|tumor|genotype|TP53_mut_vs_TP53_wt			'5165;6811;1499;875;4047;10957;308;5833;2222;6721;10654;1595;4783;2990;3949;4023;7869;1191;1891;5359;5468;230	'fgsea_msigdb_H_entrez:HALLMARK_CHOLESTEROL_HOMEOSTASIS	True	FAIL	True	True		False	False		context_fail	context_fail(hard): context_evaluated=True method=llm status=FAIL reason=The term HALLMARK_CHOLESTEROL_HOMEOSTASIS is not related to the context condition HNSC or cancer type.	0.8	0.90625	module	M5ff3f8386599	01a3aafc0275	a59af8d27fcb	01a3aafc0275	up	01a3aafc0275	trim				-1	True	False	0.13491924837690128	0.13491924837690128	The term HALLMARK_CHOLESTEROL_HOMEOSTASIS is not related to the context condition HNSC or cancer type.	proxy	llm	hard	HNSC|tumor|genotype|TP53_mut_vs_TP53_wt	HNSC|tumor|genotype|TP53_mut_vs_TP53_wt	HNSC|tumor|genotype|TP53_mut_vs_TP53_wt			60c997d59dbc	4	0.0	0.0	0.13491924837690128	0.13491924837690128	0.0	module_weight	FAIL							'5165;6811;1499;875;4047;10957;308;5833;2222;6721;10654;1595;4783;2990;3949;4023;7869;1191;1891;5359;5468;230	'fgsea_msigdb_H_entrez:HALLMARK_CHOLESTEROL_HOMEOSTASIS	['PDK3', 'STX5', 'CTNNB1', 'CBS', 'LSS', 'PNRC1', 'ANXA5', 'PCYT2', 'FDFT1', 'SREBF2', 'PMVK', 'CYP51A1', 'NFIL3', 'GUSB', 'LDLR', 'LPL', 'SEMA3B', 'CLU', 'ECH1', 'PLSCR1', 'PPARG', 'ALDOC']	PDK3;STX5;CTNNB1;CBS;LSS;PNRC1;ANXA5;PCYT2;FDFT1;SREBF2;PMVK;CYP51A1;NFIL3;GUSB;LDLR;LPL;SEMA3B;CLU;ECH1;PLSCR1;PPARG;ALDOC
HNSC	tumor	genotype	TP53_mut_vs_TP53_wt	HNSC|tumor|genotype|TP53_mut_vs_TP53_wt	c_d96eeb106a52	HALLMARK_PEROXISOME	up	condition,tissue,perturbation,comparison	fgsea_msigdb_H_entrez:HALLMARK_PEROXISOME	fgsea_msigdb_H_entrez	HALLMARK_PEROXISOME	HALLMARK_PEROXISOME	M316384fde50c	module_survival_used(module_id=M316384fde50c)	'1742;3265;6477;2053;1382;412;3295;3291;5190;6833	'fgsea_msigdb_H_entrez:HALLMARK_PEROXISOME	224b55fc8ce4	0.6392462627092341	True	0.90625	True	ok	"{""claim_id"":""c_d96eeb106a52"",""entity"":""HALLMARK_PEROXISOME"",""direction"":""up"",""context_keys"":[""condition"",""tissue"",""perturbation"",""comparison""],""context_evaluated"":false,""context_method"":""none"",""context_status"":null,""context_reason"":null,""context_notes"":null,""evidence_ref"":{""module_id"":""M316384fde50c"",""gene_ids"":[""1742"",""3265"",""6477"",""2053"",""1382"",""412"",""3295"",""3291"",""5190"",""6833""],""term_ids"":[""fgsea_msigdb_H_entrez:HALLMARK_PEROXISOME""],""gene_set_hash"":""224b55fc8ce4"",""gene_set_hash_source"":""input"",""term_ids_has_raw"":false}}"	llm	ok	True	proxy	PASS	proxy_context_score	proxy_context_v3: swap_active=0 u=0.939 p_warn=0.050 p_warn_eff=0.050 key_fields=['context_keys', 'term_uid', 'cancer', 'context_swap_to']	0.6392462627092341	hard	proxy	HNSC|tumor|genotype|TP53_mut_vs_TP53_wt	module_weight	0.0	0.0	0.0	4	60c997d59dbc	0.939492	0.6392462627092341	HNSC|tumor|genotype|TP53_mut_vs_TP53_wt	HNSC|tumor|genotype|TP53_mut_vs_TP53_wt			'1742;3265;6477;2053;1382;412;3295;3291;5190;6833	'fgsea_msigdb_H_entrez:HALLMARK_PEROXISOME	False	PASS	True	True		False	False				0.8	0.90625	module	M316384fde50c	224b55fc8ce4	b457252b4d21	224b55fc8ce4	up	224b55fc8ce4	trim	0.2	0.05	context_keys=condition,tissue,perturbation,comparison|term_uid=fgsea_msigdb_H_entrez:HALLMARK_PEROXISOME	1	False	True	0.6392462627092341	0.6392462627092341	PROXY_U01_OK	proxy	none	hard	HNSC|tumor|genotype|TP53_mut_vs_TP53_wt	HNSC|tumor|genotype|TP53_mut_vs_TP53_wt	HNSC|tumor|genotype|TP53_mut_vs_TP53_wt			60c997d59dbc	4	0.0	0.0	0.6392462627092341	0.6392462627092341	0.0	module_weight	PASS							'1742;3265;6477;2053;1382;412;3295;3291;5190;6833	'fgsea_msigdb_H_entrez:HALLMARK_PEROXISOME	['DLG4', 'HRAS', 'SIAH1', 'EPHX2', 'CRABP2', 'STS', 'HSD17B4', 'HSD11B2', 'PEX6', 'ABCC8']	DLG4;HRAS;SIAH1;EPHX2;CRABP2;STS;HSD17B4;HSD11B2;PEX6;ABCC8
HNSC	tumor	genotype	TP53_mut_vs_TP53_wt	HNSC|tumor|genotype|TP53_mut_vs_TP53_wt	c_7991fb0c5841	HALLMARK_WNT_BETA_CATENIN_SIGNALING	up	condition,tissue,perturbation,comparison	fgsea_msigdb_H_entrez:HALLMARK_WNT_BETA_CATENIN_SIGNALING	fgsea_msigdb_H_entrez	HALLMARK_WNT_BETA_CATENIN_SIGNALING	HALLMARK_WNT_BETA_CATENIN_SIGNALING	M591a524fec18	module_survival_used(module_id=M591a524fec18)	'1499;4855;8325;8313;10014;1856;6868;6502	'fgsea_msigdb_H_entrez:HALLMARK_WNT_BETA_CATENIN_SIGNALING	fdfa5bae0a42	0.7749909076017352	False	0.75	True	ok	"{""claim_id"":""c_7991fb0c5841"",""entity"":""HALLMARK_WNT_BETA_CATENIN_SIGNALING"",""direction"":""up"",""context_keys"":[""condition"",""tissue"",""perturbation"",""comparison""],""context_evaluated"":true,""context_method"":""llm"",""context_status"":""FAIL"",""context_reason"":""Term 'HALLMARK_WNT_BETA_CATENIN_SIGNALING' does not match context condition 'HNSC'"",""context_notes"":null,""evidence_ref"":{""module_id"":""M591a524fec18"",""gene_ids"":[""1499"",""4855"",""8325"",""8313"",""10014"",""1856"",""6868"",""6502""],""term_ids"":[""fgsea_msigdb_H_entrez:HALLMARK_WNT_BETA_CATENIN_SIGNALING""],""gene_set_hash"":""fdfa5bae0a42"",""gene_set_hash_source"":""input"",""term_ids_has_raw"":false}}"	llm	ok	True	llm	FAIL	Term 'HALLMARK_WNT_BETA_CATENIN_SIGNALING' does not match context condition 'HNSC'	proxy_context_v2: u=0.775 p_fail=0.050 p_warn=0.200 key=['condition', 'tissue', 'perturbation', 'comparison'] ctx_sig=60c997d59dbc	0.7749909076017352	hard	proxy	HNSC|tumor|genotype|TP53_mut_vs_TP53_wt	module_weight	0.0	0.0	0.0	4	60c997d59dbc	0.7749909076017352	0.7749909076017352	HNSC|tumor|genotype|TP53_mut_vs_TP53_wt	HNSC|tumor|genotype|TP53_mut_vs_TP53_wt			'1499;4855;8325;8313;10014;1856;6868;6502	'fgsea_msigdb_H_entrez:HALLMARK_WNT_BETA_CATENIN_SIGNALING	True	ABSTAIN	True	False		False	False	unstable		survival[module]=0.750 < tau=0.80	0.8	0.75	module	M591a524fec18	fdfa5bae0a42	34c7754046ad	fdfa5bae0a42	up	fdfa5bae0a42	trim				-1	True	False	0.7749909076017352	0.7749909076017352	Term 'HALLMARK_WNT_BETA_CATENIN_SIGNALING' does not match context condition 'HNSC'	proxy	llm	hard	HNSC|tumor|genotype|TP53_mut_vs_TP53_wt	HNSC|tumor|genotype|TP53_mut_vs_TP53_wt	HNSC|tumor|genotype|TP53_mut_vs_TP53_wt			60c997d59dbc	4	0.0	0.0	0.7749909076017352	0.7749909076017352	0.0	module_weight	FAIL							'1499;4855;8325;8313;10014;1856;6868;6502	'fgsea_msigdb_H_entrez:HALLMARK_WNT_BETA_CATENIN_SIGNALING	['CTNNB1', 'NOTCH4', 'FZD8', 'AXIN2', 'HDAC5', 'DVL2', 'ADAM17', 'SKP2']	CTNNB1;NOTCH4;FZD8;AXIN2;HDAC5;DVL2;ADAM17;SKP2
HNSC	tumor	genotype	TP53_mut_vs_TP53_wt	HNSC|tumor|genotype|TP53_mut_vs_TP53_wt	c_cfd69fcfbd5f	HALLMARK_PANCREAS_BETA_CELLS	up	condition,tissue,perturbation,comparison	fgsea_msigdb_H_entrez:HALLMARK_PANCREAS_BETA_CELLS	fgsea_msigdb_H_entrez	HALLMARK_PANCREAS_BETA_CELLS	HALLMARK_PANCREAS_BETA_CELLS	M3297d664d230	module_survival_used(module_id=M3297d664d230)	'6727;6833;5063;3651;2308;4760;1641;6927;10590	'fgsea_msigdb_H_entrez:HALLMARK_PANCREAS_BETA_CELLS	728f7e7d6aee	0.43973624360170516	False	0.671875	True	ok	"{""claim_id"":""c_cfd69fcfbd5f"",""entity"":""HALLMARK_PANCREAS_BETA_CELLS"",""direction"":""up"",""context_keys"":[""condition"",""tissue"",""perturbation"",""comparison""],""context_evaluated"":true,""context_method"":""llm"",""context_status"":""FAIL"",""context_reason"":""Term 'HALLMARK_PANCREAS_BETA_CELLS' is not context-consistent with sample context: condition='HNSC', tissue='tumor'"",""context_notes"":null,""evidence_ref"":{""module_id"":""M3297d664d230"",""gene_ids"":[""6727"",""6833"",""5063"",""3651"",""2308"",""4760"",""1641"",""6927"",""10590""],""term_ids"":[""fgsea_msigdb_H_entrez:HALLMARK_PANCREAS_BETA_CELLS""],""gene_set_hash"":""728f7e7d6aee"",""gene_set_hash_source"":""input"",""term_ids_has_raw"":false}}"	llm	ok	True	llm	FAIL	Term 'HALLMARK_PANCREAS_BETA_CELLS' is not context-consistent with sample context: condition='HNSC', tissue='tumor'	proxy_context_v2: u=0.440 p_fail=0.050 p_warn=0.200 key=['condition', 'tissue', 'perturbation', 'comparison'] ctx_sig=60c997d59dbc	0.43973624360170516	hard	proxy	HNSC|tumor|genotype|TP53_mut_vs_TP53_wt	module_weight	0.0	0.0	0.0	4	60c997d59dbc	0.43973624360170516	0.43973624360170516	HNSC|tumor|genotype|TP53_mut_vs_TP53_wt	HNSC|tumor|genotype|TP53_mut_vs_TP53_wt			'6727;6833;5063;3651;2308;4760;1641;6927;10590	'fgsea_msigdb_H_entrez:HALLMARK_PANCREAS_BETA_CELLS	True	ABSTAIN	True	False		False	False	unstable		survival[module]=0.672 < tau=0.80	0.8	0.671875	module	M3297d664d230	728f7e7d6aee	4c35b106caca	728f7e7d6aee	up	728f7e7d6aee	trim				-1	True	False	0.43973624360170516	0.43973624360170516	Term 'HALLMARK_PANCREAS_BETA_CELLS' is not context-consistent with sample context: condition='HNSC', tissue='tumor'	proxy	llm	hard	HNSC|tumor|genotype|TP53_mut_vs_TP53_wt	HNSC|tumor|genotype|TP53_mut_vs_TP53_wt	HNSC|tumor|genotype|TP53_mut_vs_TP53_wt			60c997d59dbc	4	0.0	0.0	0.43973624360170516	0.43973624360170516	0.0	module_weight	FAIL							'6727;6833;5063;3651;2308;4760;1641;6927;10590	'fgsea_msigdb_H_entrez:HALLMARK_PANCREAS_BETA_CELLS	['SRP14', 'ABCC8', 'PAK3', 'PDX1', 'FOXO1', 'NEUROD1', 'DCX', 'HNF1A', 'SCGN']	SRP14;ABCC8;PAK3;PDX1;FOXO1;NEUROD1;DCX;HNF1A;SCGN
HNSC	tumor	genotype	TP53_mut_vs_TP53_wt	HNSC|tumor|genotype|TP53_mut_vs_TP53_wt	c_c8e37e94d74c	HALLMARK_DNA_REPAIR	down	condition,tissue,perturbation,comparison	fgsea_msigdb_H_entrez:HALLMARK_DNA_REPAIR	fgsea_msigdb_H_entrez	HALLMARK_DNA_REPAIR	HALLMARK_DNA_REPAIR	Mdd3caae7261b	module_survival_used(module_id=Mdd3caae7261b)	'6895;5982;3059;2067;10946;1161;2068;5111;11047;8721;4833;5983;5422;6880;5433;1643;5435;5985;11051;9013;5898;2071	'fgsea_msigdb_H_entrez:HALLMARK_DNA_REPAIR	b4c104b803bc	0.7751654818852856	True	0.9375	True	ok	"{""claim_id"":""c_c8e37e94d74c"",""entity"":""HALLMARK_DNA_REPAIR"",""direction"":""down"",""context_keys"":[""condition"",""tissue"",""perturbation"",""comparison""],""context_evaluated"":false,""context_method"":""none"",""context_status"":null,""context_reason"":null,""context_notes"":null,""evidence_ref"":{""module_id"":""Mdd3caae7261b"",""gene_ids"":[""6895"",""5982"",""3059"",""2067"",""10946"",""1161"",""2068"",""5111"",""11047"",""8721"",""4833"",""5983"",""5422"",""6880"",""5433"",""1643"",""5435"",""5985"",""11051"",""9013"",""5898"",""2071""],""term_ids"":[""fgsea_msigdb_H_entrez:HALLMARK_DNA_REPAIR""],""gene_set_hash"":""b4c104b803bc"",""gene_set_hash_source"":""input"",""term_ids_has_raw"":false}}"	llm	ok	True	proxy	PASS	proxy_context_score	proxy_context_v3: swap_active=0 u=0.779 p_warn=0.050 p_warn_eff=0.050 key_fields=['context_keys', 'term_uid', 'cancer', 'context_swap_to']	0.7751654818852856	hard	proxy	HNSC|tumor|genotype|TP53_mut_vs_TP53_wt	module_weight	0.0	0.0	0.0	4	60c997d59dbc	0.77903	0.7751654818852856	HNSC|tumor|genotype|TP53_mut_vs_TP53_wt	HNSC|tumor|genotype|TP53_mut_vs_TP53_wt			'6895;5982;3059;2067;10946;1161;2068;5111;11047;8721;4833;5983;5422;6880;5433;1643;5435;5985;11051;9013;5898;2071	'fgsea_msigdb_H_entrez:HALLMARK_DNA_REPAIR	False	PASS	True	True		False	False				0.8	0.9375	module	Mdd3caae7261b	b4c104b803bc	ae7f9f42f1d6	b4c104b803bc	down	b4c104b803bc	trim	0.2	0.05	context_keys=condition,tissue,perturbation,comparison|term_uid=fgsea_msigdb_H_entrez:HALLMARK_DNA_REPAIR	1	False	True	0.7751654818852856	0.7751654818852856	PROXY_U01_OK	proxy	none	hard	HNSC|tumor|genotype|TP53_mut_vs_TP53_wt	HNSC|tumor|genotype|TP53_mut_vs_TP53_wt	HNSC|tumor|genotype|TP53_mut_vs_TP53_wt			60c997d59dbc	4	0.0	0.0	0.7751654818852856	0.7751654818852856	0.0	module_weight	PASS							'6895;5982;3059;2067;10946;1161;2068;5111;11047;8721;4833;5983;5422;6880;5433;1643;5435;5985;11051;9013;5898;2071	'fgsea_msigdb_H_entrez:HALLMARK_DNA_REPAIR	['TARBP2', 'RFC2', 'HCLS1', 'ERCC1', 'SF3A3', 'ERCC8', 'ERCC2', 'PCNA', 'ADRM1', 'EDF1', 'NME4', 'RFC3', 'POLA1', 'TAF9', 'POLR2D', 'DDB2', 'POLR2F', 'RFC5', 'NUDT21', 'TAF1C', 'RALA', 'ERCC3']	TARBP2;RFC2;HCLS1;ERCC1;SF3A3;ERCC8;ERCC2;PCNA;ADRM1;EDF1;NME4;RFC3;POLA1;TAF9;POLR2D;DDB2;POLR2F;RFC5;NUDT21;TAF1C;RALA;ERCC3
HNSC	tumor	genotype	TP53_mut_vs_TP53_wt	HNSC|tumor|genotype|TP53_mut_vs_TP53_wt	c_025cf777a4d7	HALLMARK_UV_RESPONSE_DN	down	condition,tissue,perturbation,comparison	fgsea_msigdb_H_entrez:HALLMARK_UV_RESPONSE_DN	fgsea_msigdb_H_entrez	HALLMARK_UV_RESPONSE_DN	HALLMARK_UV_RESPONSE_DN	M941252af0645	module_survival_used(module_id=M941252af0645)	'1290;323;3382;5797;5607;7048;10000;10395;8621;3491;3690;2152;3778;3037;1432;1859;1843	'fgsea_msigdb_H_entrez:HALLMARK_UV_RESPONSE_DN	b3127b9c263c	0.9999773375063017	True	0.921875	True	ok	"{""claim_id"":""c_025cf777a4d7"",""entity"":""HALLMARK_UV_RESPONSE_DN"",""direction"":""down"",""context_keys"":[""condition"",""tissue"",""perturbation"",""comparison""],""context_evaluated"":true,""context_method"":""llm"",""context_status"":""PASS"",""context_reason"":""The term HALLMARK_UV_RESPONSE_DN is associated with UV damage response and is relevant to skin cancer (HNSC), which aligns with the context."",""context_notes"":null,""evidence_ref"":{""module_id"":""M941252af0645"",""gene_ids"":[""1290"",""323"",""3382"",""5797"",""5607"",""7048"",""10000"",""10395"",""8621"",""3491"",""3690"",""2152"",""3778"",""3037"",""1432"",""1859"",""1843""],""term_ids"":[""fgsea_msigdb_H_entrez:HALLMARK_UV_RESPONSE_DN""],""gene_set_hash"":""b3127b9c263c"",""gene_set_hash_source"":""input"",""term_ids_has_raw"":false}}"	llm	ok	True	llm	PASS	The term HALLMARK_UV_RESPONSE_DN is associated with UV damage response and is relevant to skin cancer (HNSC), which aligns with the context.		0.9999773375063017	hard	proxy	HNSC|tumor|genotype|TP53_mut_vs_TP53_wt	module_weight	0.0	0.0	0.0	4	60c997d59dbc	0.9999773375063017	0.9999773375063017	HNSC|tumor|genotype|TP53_mut_vs_TP53_wt	HNSC|tumor|genotype|TP53_mut_vs_TP53_wt			'1290;323;3382;5797;5607;7048;10000;10395;8621;3491;3690;2152;3778;3037;1432;1859;1843	'fgsea_msigdb_H_entrez:HALLMARK_UV_RESPONSE_DN	False	PASS	True	True		False	False				0.8	0.921875	module	M941252af0645	b3127b9c263c	961a192f637b	b3127b9c263c	down	b3127b9c263c	trim				1	False	True	0.9999773375063017	0.9999773375063017	The term HALLMARK_UV_RESPONSE_DN is associated with UV damage response and is relevant to skin cancer (HNSC), which aligns with the context.	proxy	llm	hard	HNSC|tumor|genotype|TP53_mut_vs_TP53_wt	HNSC|tumor|genotype|TP53_mut_vs_TP53_wt	HNSC|tumor|genotype|TP53_mut_vs_TP53_wt			60c997d59dbc	4	0.0	0.0	0.9999773375063017	0.9999773375063017	0.0	module_weight	PASS							'1290;323;3382;5797;5607;7048;10000;10395;8621;3491;3690;2152;3778;3037;1432;1859;1843	'fgsea_msigdb_H_entrez:HALLMARK_UV_RESPONSE_DN	['COL5A2', 'APBB2', 'ICA1', 'PTPRM', 'MAP2K5', 'TGFBR2', 'AKT3', 'DLC1', 'CDK13', 'CCN1', 'ITGB3', 'F3', 'KCNMA1', 'HAS2', 'MAPK14', 'DYRK1A', 'DUSP1']	COL5A2;APBB2;ICA1;PTPRM;MAP2K5;TGFBR2;AKT3;DLC1;CDK13;CCN1;ITGB3;F3;KCNMA1;HAS2;MAPK14;DYRK1A;DUSP1
HNSC	tumor	genotype	TP53_mut_vs_TP53_wt	HNSC|tumor|genotype|TP53_mut_vs_TP53_wt	c_69fe7fd74096	HALLMARK_EPITHELIAL_MESENCHYMAL_TRANSITION	down	condition,tissue,perturbation,comparison	fgsea_msigdb_H_entrez:HALLMARK_EPITHELIAL_MESENCHYMAL_TRANSITION	fgsea_msigdb_H_entrez	HALLMARK_EPITHELIAL_MESENCHYMAL_TRANSITION	HALLMARK_EPITHELIAL_MESENCHYMAL_TRANSITION	Mdcc8d9bd6d7f	module_survival_used(module_id=Mdcc8d9bd6d7f)	'1290;4312;4837;5817;6303;4487;8985;3908;5645;6444;813;7076;6535;6641;5021;3371;4314;2192;3485;2335;7045;1296;9353;1292;9235;3491;290;1311;3690;5329;7456;3398;5270	'fgsea_msigdb_H_entrez:HALLMARK_EPITHELIAL_MESENCHYMAL_TRANSITION	92e891fc1bf4	0.7615434573901896	True	0.921875	True	ok	"{""claim_id"":""c_69fe7fd74096"",""entity"":""HALLMARK_EPITHELIAL_MESENCHYMAL_TRANSITION"",""direction"":""down"",""context_keys"":[""condition"",""tissue"",""perturbation"",""comparison""],""context_evaluated"":false,""context_method"":""none"",""context_status"":null,""context_reason"":null,""context_notes"":null,""evidence_ref"":{""module_id"":""Mdcc8d9bd6d7f"",""gene_ids"":[""1290"",""4312"",""4837"",""5817"",""6303"",""4487"",""8985"",""3908"",""5645"",""6444"",""813"",""7076"",""6535"",""6641"",""5021"",""3371"",""4314"",""2192"",""3485"",""2335"",""7045"",""1296"",""9353"",""1292"",""9235"",""3491"",""290"",""1311"",""3690"",""5329"",""7456"",""3398"",""5270""],""term_ids"":[""fgsea_msigdb_H_entrez:HALLMARK_EPITHELIAL_MESENCHYMAL_TRANSITION""],""gene_set_hash"":""92e891fc1bf4"",""gene_set_hash_source"":""input"",""term_ids_has_raw"":false}}"	llm	ok	True	proxy	PASS	proxy_context_score	proxy_context_v3: swap_active=0 u=0.494 p_warn=0.050 p_warn_eff=0.050 key_fields=['context_keys', 'term_uid', 'cancer', 'context_swap_to']	0.7615434573901896	hard	proxy	HNSC|tumor|genotype|TP53_mut_vs_TP53_wt	module_weight	0.0	0.0	0.0	4	60c997d59dbc	0.493695	0.7615434573901896	HNSC|tumor|genotype|TP53_mut_vs_TP53_wt	HNSC|tumor|genotype|TP53_mut_vs_TP53_wt			'1290;4312;4837;5817;6303;4487;8985;3908;5645;6444;813;7076;6535;6641;5021;3371;4314;2192;3485;2335;7045;1296;9353;1292;9235;3491;290;1311;3690;5329;7456;3398;5270	'fgsea_msigdb_H_entrez:HALLMARK_EPITHELIAL_MESENCHYMAL_TRANSITION	False	PASS	True	True		False	False				0.8	0.921875	module	Mdcc8d9bd6d7f	92e891fc1bf4	7bc56f858bc7	92e891fc1bf4	down	92e891fc1bf4	trim	0.2	0.05	context_keys=condition,tissue,perturbation,comparison|term_uid=fgsea_msigdb_H_entrez:HALLMARK_EPITHELIAL_MESENCHYMAL_TRANSITION	1	False	True	0.7615434573901896	0.7615434573901896	PROXY_U01_OK	proxy	none	hard	HNSC|tumor|genotype|TP53_mut_vs_TP53_wt	HNSC|tumor|genotype|TP53_mut_vs_TP53_wt	HNSC|tumor|genotype|TP53_mut_vs_TP53_wt			60c997d59dbc	4	0.0	0.0	0.7615434573901896	0.7615434573901896	0.0	module_weight	PASS							'1290;4312;4837;5817;6303;4487;8985;3908;5645;6444;813;7076;6535;6641;5021;3371;4314;2192;3485;2335;7045;1296;9353;1292;9235;3491;290;1311;3690;5329;7456;3398;5270	'fgsea_msigdb_H_entrez:HALLMARK_EPITHELIAL_MESENCHYMAL_TRANSITION	['COL5A2', 'MMP1', 'NNMT', 'PVR', 'SAT1', 'MSX1', 'PLOD3', 'LAMA2', 'PRSS2', 'SGCD', 'CALU', 'TIMP1', 'SLC6A8', 'SNTB1', 'OXTR', 'TNC', 'MMP3', 'FBLN1', 'IGFBP2', 'FN1', 'TGFBI', 'COL8A2', 'SLIT2', 'COL6A2', 'IL32', 'CCN1', 'ANPEP', 'COMP', 'ITGB3', 'PLAUR', 'WIPF1', 'ID2', 'SERPINE2']	COL5A2;MMP1;NNMT;PVR;SAT1;MSX1;PLOD3;LAMA2;PRSS2;SGCD;CALU;TIMP1;SLC6A8;SNTB1;OXTR;TNC;MMP3;FBLN1;IGFBP2;FN1;TGFBI;COL8A2;SLIT2;COL6A2;IL32;CCN1;ANPEP;COMP;ITGB3;PLAUR;WIPF1;ID2;SERPINE2
HNSC	tumor	genotype	TP53_mut_vs_TP53_wt	HNSC|tumor|genotype|TP53_mut_vs_TP53_wt	c_d94a3ac2ad37	HALLMARK_PROTEIN_SECRETION	down	condition,tissue,perturbation,comparison	fgsea_msigdb_H_entrez:HALLMARK_PROTEIN_SECRETION	fgsea_msigdb_H_entrez	HALLMARK_PROTEIN_SECRETION	HALLMARK_PROTEIN_SECRETION	Md4f5e0a53b7c	module_survival_used(module_id=Md4f5e0a53b7c)	'5868;1173;3382;8674;5594;163;1075;8675;7163;5538;1203	'fgsea_msigdb_H_entrez:HALLMARK_PROTEIN_SECRETION	d45d65800549	0.2623492121982358	False	0.90625	True	ok	"{""claim_id"":""c_d94a3ac2ad37"",""entity"":""HALLMARK_PROTEIN_SECRETION"",""direction"":""down"",""context_keys"":[""condition"",""tissue"",""perturbation"",""comparison""],""context_evaluated"":true,""context_method"":""llm"",""context_status"":""FAIL"",""context_reason"":""The term 'HALLMARK_PROTEIN_SECRETION' is not clearly context-consistent with the sample context."",""context_notes"":null,""evidence_ref"":{""module_id"":""Md4f5e0a53b7c"",""gene_ids"":[""5868"",""1173"",""3382"",""8674"",""5594"",""163"",""1075"",""8675"",""7163"",""5538"",""1203""],""term_ids"":[""fgsea_msigdb_H_entrez:HALLMARK_PROTEIN_SECRETION""],""gene_set_hash"":""d45d65800549"",""gene_set_hash_source"":""input"",""term_ids_has_raw"":false}}"	llm	ok	True	llm	FAIL	The term 'HALLMARK_PROTEIN_SECRETION' is not clearly context-consistent with the sample context.		0.2623492121982358	hard	proxy	HNSC|tumor|genotype|TP53_mut_vs_TP53_wt	module_weight	0.0	0.0	0.0	4	60c997d59dbc	0.2623492121982358	0.2623492121982358	HNSC|tumor|genotype|TP53_mut_vs_TP53_wt	HNSC|tumor|genotype|TP53_mut_vs_TP53_wt			'5868;1173;3382;8674;5594;163;1075;8675;7163;5538;1203	'fgsea_msigdb_H_entrez:HALLMARK_PROTEIN_SECRETION	True	FAIL	True	True		False	False		context_fail	context_fail(hard): context_evaluated=True method=llm status=FAIL reason=The term 'HALLMARK_PROTEIN_SECRETION' is not clearly context-consistent with the sample context.	0.8	0.90625	module	Md4f5e0a53b7c	d45d65800549	4f8f2ba5258e	d45d65800549	down	d45d65800549	trim				-1	True	False	0.2623492121982358	0.2623492121982358	The term 'HALLMARK_PROTEIN_SECRETION' is not clearly context-consistent with the sample context.	proxy	llm	hard	HNSC|tumor|genotype|TP53_mut_vs_TP53_wt	HNSC|tumor|genotype|TP53_mut_vs_TP53_wt	HNSC|tumor|genotype|TP53_mut_vs_TP53_wt			60c997d59dbc	4	0.0	0.0	0.2623492121982358	0.2623492121982358	0.0	module_weight	FAIL							'5868;1173;3382;8674;5594;163;1075;8675;7163;5538;1203	'fgsea_msigdb_H_entrez:HALLMARK_PROTEIN_SECRETION	['RAB5A', 'AP2M1', 'ICA1', 'VAMP4', 'MAPK1', 'AP2B1', 'CTSC', 'STX16', 'TPD52', 'PPT1', 'CLN5']	RAB5A;AP2M1;ICA1;VAMP4;MAPK1;AP2B1;CTSC;STX16;TPD52;PPT1;CLN5
HNSC	tumor	genotype	TP53_mut_vs_TP53_wt	HNSC|tumor|genotype|TP53_mut_vs_TP53_wt	c_52d565236d64	HALLMARK_MYC_TARGETS_V2	down	condition,tissue,perturbation,comparison	fgsea_msigdb_H_entrez:HALLMARK_MYC_TARGETS_V2	fgsea_msigdb_H_entrez	HALLMARK_MYC_TARGETS_V2	HALLMARK_MYC_TARGETS_V2	Me56b74484d20	module_survival_used(module_id=Me56b74484d20)	'9221;3329;7965;6652;6832;11335;4609;9238;10528;10171	'fgsea_msigdb_H_entrez:HALLMARK_MYC_TARGETS_V2	1e36114f6544	0.9840263908076003	False	0.890625	True	ok	"{""claim_id"":""c_52d565236d64"",""entity"":""HALLMARK_MYC_TARGETS_V2"",""direction"":""down"",""context_keys"":[""condition"",""tissue"",""perturbation"",""comparison""],""context_evaluated"":true,""context_method"":""llm"",""context_status"":""FAIL"",""context_reason"":""The term 'HALLMARK_MYC_TARGETS_V2' is not clearly context-consistent with the sample context."",""context_notes"":null,""evidence_ref"":{""module_id"":""Me56b74484d20"",""gene_ids"":[""9221"",""3329"",""7965"",""6652"",""6832"",""11335"",""4609"",""9238"",""10528"",""10171""],""term_ids"":[""fgsea_msigdb_H_entrez:HALLMARK_MYC_TARGETS_V2""],""gene_set_hash"":""1e36114f6544"",""gene_set_hash_source"":""input"",""term_ids_has_raw"":false}}"	llm	ok	True	llm	FAIL	The term 'HALLMARK_MYC_TARGETS_V2' is not clearly context-consistent with the sample context.		0.9840263908076003	hard	proxy	HNSC|tumor|genotype|TP53_mut_vs_TP53_wt	module_weight	0.0	0.0	0.0	4	60c997d59dbc	0.9840263908076003	0.9840263908076003	HNSC|tumor|genotype|TP53_mut_vs_TP53_wt	HNSC|tumor|genotype|TP53_mut_vs_TP53_wt			'9221;3329;7965;6652;6832;11335;4609;9238;10528;10171	'fgsea_msigdb_H_entrez:HALLMARK_MYC_TARGETS_V2	True	FAIL	True	True		False	False		context_fail	context_fail(hard): context_evaluated=True method=llm status=FAIL reason=The term 'HALLMARK_MYC_TARGETS_V2' is not clearly context-consistent with the sample context.	0.8	0.890625	module	Me56b74484d20	1e36114f6544	bd00c551bd47	1e36114f6544	down	1e36114f6544	trim				-1	True	False	0.9840263908076003	0.9840263908076003	The term 'HALLMARK_MYC_TARGETS_V2' is not clearly context-consistent with the sample context.	proxy	llm	hard	HNSC|tumor|genotype|TP53_mut_vs_TP53_wt	HNSC|tumor|genotype|TP53_mut_vs_TP53_wt	HNSC|tumor|genotype|TP53_mut_vs_TP53_wt			60c997d59dbc	4	0.0	0.0	0.9840263908076003	0.9840263908076003	0.0	module_weight	FAIL							'9221;3329;7965;6652;6832;11335;4609;9238;10528;10171	'fgsea_msigdb_H_entrez:HALLMARK_MYC_TARGETS_V2	['NOLC1', 'HSPD1', 'AIMP2', 'SORD', 'SUPV3L1', 'CBX3', 'MYC', 'TBRG4', 'NOP56', 'RCL1']	NOLC1;HSPD1;AIMP2;SORD;SUPV3L1;CBX3;MYC;TBRG4;NOP56;RCL1
HNSC	tumor	genotype	TP53_mut_vs_TP53_wt	HNSC|tumor|genotype|TP53_mut_vs_TP53_wt	c_66900b2e124c	HALLMARK_APICAL_SURFACE	down	condition,tissue,perturbation,comparison	fgsea_msigdb_H_entrez:HALLMARK_APICAL_SURFACE	fgsea_msigdb_H_entrez	HALLMARK_APICAL_SURFACE	HALLMARK_APICAL_SURFACE	M87d4af946e3f	module_survival_used(module_id=M87d4af946e3f)	'5314;9465;4118;8406;1946;2050;3315;2947;5329;351	'fgsea_msigdb_H_entrez:HALLMARK_APICAL_SURFACE	4e57c19a9fb1	0.08375951897453815	False	0.875	True	ok	"{""claim_id"":""c_66900b2e124c"",""entity"":""HALLMARK_APICAL_SURFACE"",""direction"":""down"",""context_keys"":[""condition"",""tissue"",""perturbation"",""comparison""],""context_evaluated"":true,""context_method"":""llm"",""context_status"":""FAIL"",""context_reason"":""Term 'HALLMARK_APICAL_SURFACE' is not related to the context's condition 'HNSC'"",""context_notes"":null,""evidence_ref"":{""module_id"":""M87d4af946e3f"",""gene_ids"":[""5314"",""9465"",""4118"",""8406"",""1946"",""2050"",""3315"",""2947"",""5329"",""351""],""term_ids"":[""fgsea_msigdb_H_entrez:HALLMARK_APICAL_SURFACE""],""gene_set_hash"":""4e57c19a9fb1"",""gene_set_hash_source"":""input"",""term_ids_has_raw"":false}}"	llm	ok	True	llm	FAIL	Term 'HALLMARK_APICAL_SURFACE' is not related to the context's condition 'HNSC'		0.08375951897453815	hard	proxy	HNSC|tumor|genotype|TP53_mut_vs_TP53_wt	module_weight	0.0	0.0	0.0	4	60c997d59dbc	0.08375951897453815	0.08375951897453815	HNSC|tumor|genotype|TP53_mut_vs_TP53_wt	HNSC|tumor|genotype|TP53_mut_vs_TP53_wt			'5314;9465;4118;8406;1946;2050;3315;2947;5329;351	'fgsea_msigdb_H_entrez:HALLMARK_APICAL_SURFACE	True	FAIL	True	True		False	False		context_fail	context_fail(hard): context_evaluated=True method=llm status=FAIL reason=Term 'HALLMARK_APICAL_SURFACE' is not related to the context's condition 'HNSC'	0.8	0.875	module	M87d4af946e3f	4e57c19a9fb1	235cd4ae46ea	4e57c19a9fb1	down	4e57c19a9fb1	trim				-1	True	False	0.08375951897453815	0.08375951897453815	Term 'HALLMARK_APICAL_SURFACE' is not related to the context's condition 'HNSC'	proxy	llm	hard	HNSC|tumor|genotype|TP53_mut_vs_TP53_wt	HNSC|tumor|genotype|TP53_mut_vs_TP53_wt	HNSC|tumor|genotype|TP53_mut_vs_TP53_wt			60c997d59dbc	4	0.0	0.0	0.08375951897453815	0.08375951897453815	0.0	module_weight	FAIL							'5314;9465;4118;8406;1946;2050;3315;2947;5329;351	'fgsea_msigdb_H_entrez:HALLMARK_APICAL_SURFACE	['PKHD1', 'AKAP7', 'MAL', 'SRPX', 'EFNA5', 'EPHB4', 'HSPB1', 'GSTM3', 'PLAUR', 'APP']	PKHD1;AKAP7;MAL;SRPX;EFNA5;EPHB4;HSPB1;GSTM3;PLAUR;APP
HNSC	tumor	genotype	TP53_mut_vs_TP53_wt	HNSC|tumor|genotype|TP53_mut_vs_TP53_wt	c_5e8a60b12983	HALLMARK_IL2_STAT5_SIGNALING	down	condition,tissue,perturbation,comparison	fgsea_msigdb_H_entrez:HALLMARK_IL2_STAT5_SIGNALING	fgsea_msigdb_H_entrez	HALLMARK_IL2_STAT5_SIGNALING	HALLMARK_IL2_STAT5_SIGNALING	M0b9664e418b9	module_survival_used(module_id=M0b9664e418b9)	'990;9173;3664;943;5745;3563;399;10397;8743;1437;10124;6004;3662;196;6403;10410;3596;6484;1326;3655;8320;7293;5621;2983	'fgsea_msigdb_H_entrez:HALLMARK_IL2_STAT5_SIGNALING	bb99dd8b89f9	0.7768340448755886	True	0.828125	True	ok	"{""claim_id"":""c_5e8a60b12983"",""entity"":""HALLMARK_IL2_STAT5_SIGNALING"",""direction"":""down"",""context_keys"":[""condition"",""tissue"",""perturbation"",""comparison""],""context_evaluated"":true,""context_method"":""llm"",""context_status"":""PASS"",""context_reason"":""The term HALLMARK_IL2_STAT5_SIGNALING is associated with IL-2 signaling pathway, which is relevant to tumor samples and TP53 mutations."",""context_notes"":null,""evidence_ref"":{""module_id"":""M0b9664e418b9"",""gene_ids"":[""990"",""9173"",""3664"",""943"",""5745"",""3563"",""399"",""10397"",""8743"",""1437"",""10124"",""6004"",""3662"",""196"",""6403"",""10410"",""3596"",""6484"",""1326"",""3655"",""8320"",""7293"",""5621"",""2983""],""term_ids"":[""fgsea_msigdb_H_entrez:HALLMARK_IL2_STAT5_SIGNALING""],""gene_set_hash"":""bb99dd8b89f9"",""gene_set_hash_source"":""input"",""term_ids_has_raw"":false}}"	llm	ok	True	llm	PASS	The term HALLMARK_IL2_STAT5_SIGNALING is associated with IL-2 signaling pathway, which is relevant to tumor samples and TP53 mutations.		0.7768340448755886	hard	proxy	HNSC|tumor|genotype|TP53_mut_vs_TP53_wt	module_weight	0.0	0.0	0.0	4	60c997d59dbc	0.7768340448755886	0.7768340448755886	HNSC|tumor|genotype|TP53_mut_vs_TP53_wt	HNSC|tumor|genotype|TP53_mut_vs_TP53_wt			'990;9173;3664;943;5745;3563;399;10397;8743;1437;10124;6004;3662;196;6403;10410;3596;6484;1326;3655;8320;7293;5621;2983	'fgsea_msigdb_H_entrez:HALLMARK_IL2_STAT5_SIGNALING	False	PASS	True	True		False	False				0.8	0.828125	module	M0b9664e418b9	bb99dd8b89f9	a9e1f4c3f722	bb99dd8b89f9	down	bb99dd8b89f9	trim				1	False	True	0.7768340448755886	0.7768340448755886	The term HALLMARK_IL2_STAT5_SIGNALING is associated with IL-2 signaling pathway, which is relevant to tumor samples and TP53 mutations.	proxy	llm	hard	HNSC|tumor|genotype|TP53_mut_vs_TP53_wt	HNSC|tumor|genotype|TP53_mut_vs_TP53_wt	HNSC|tumor|genotype|TP53_mut_vs_TP53_wt			60c997d59dbc	4	0.0	0.0	0.7768340448755886	0.7768340448755886	0.0	module_weight	PASS							'990;9173;3664;943;5745;3563;399;10397;8743;1437;10124;6004;3662;196;6403;10410;3596;6484;1326;3655;8320;7293;5621;2983	'fgsea_msigdb_H_entrez:HALLMARK_IL2_STAT5_SIGNALING	['CDC6', 'IL1RL1', 'IRF6', 'TNFRSF8', 'PTH1R', 'IL3RA', 'RHOH', 'NDRG1', 'TNFSF10', 'CSF2', 'ARL4A', 'RGS16', 'IRF4', 'AHR', 'SELP', 'IFITM3', 'IL13', 'ST3GAL4', 'MAP3K8', 'ITGA6', 'EOMES', 'TNFRSF4', 'PRNP', 'GUCY1B1']	CDC6;IL1RL1;IRF6;TNFRSF8;PTH1R;IL3RA;RHOH;NDRG1;TNFSF10;CSF2;ARL4A;RGS16;IRF4;AHR;SELP;IFITM3;IL13;ST3GAL4;MAP3K8;ITGA6;EOMES;TNFRSF4;PRNP;GUCY1B1
HNSC	tumor	genotype	TP53_mut_vs_TP53_wt	HNSC|tumor|genotype|TP53_mut_vs_TP53_wt	c_d9bf3dc81b90	HALLMARK_NOTCH_SIGNALING	down	condition,tissue,perturbation,comparison	fgsea_msigdb_H_entrez:HALLMARK_NOTCH_SIGNALING	fgsea_msigdb_H_entrez	HALLMARK_NOTCH_SIGNALING	HALLMARK_NOTCH_SIGNALING	Mea4001d70482	module_survival_used(module_id=Mea4001d70482)	'3280;8454;8819;10402;4851;1840;8321;7472;6934	'fgsea_msigdb_H_entrez:HALLMARK_NOTCH_SIGNALING	5c2b02c8d35c	0.08611766848166735	False	0.75	True	ok	"{""claim_id"":""c_d9bf3dc81b90"",""entity"":""HALLMARK_NOTCH_SIGNALING"",""direction"":""down"",""context_keys"":[""condition"",""tissue"",""perturbation"",""comparison""],""context_evaluated"":true,""context_method"":""llm"",""context_status"":""FAIL"",""context_reason"":""The term HALLMARK_NOTCH_SIGNALING is not related to the context's condition (HNSC) or comparison (TP53_mut_vs_TP53_wt)"",""context_notes"":null,""evidence_ref"":{""module_id"":""Mea4001d70482"",""gene_ids"":[""3280"",""8454"",""8819"",""10402"",""4851"",""1840"",""8321"",""7472"",""6934""],""term_ids"":[""fgsea_msigdb_H_entrez:HALLMARK_NOTCH_SIGNALING""],""gene_set_hash"":""5c2b02c8d35c"",""gene_set_hash_source"":""input"",""term_ids_has_raw"":false}}"	llm	ok	True	llm	FAIL	The term HALLMARK_NOTCH_SIGNALING is not related to the context's condition (HNSC) or comparison (TP53_mut_vs_TP53_wt)	proxy_context_v2: u=0.086 p_fail=0.050 p_warn=0.200 key=['condition', 'tissue', 'perturbation', 'comparison'] ctx_sig=60c997d59dbc	0.08611766848166735	hard	proxy	HNSC|tumor|genotype|TP53_mut_vs_TP53_wt	module_weight	0.0	0.0	0.0	4	60c997d59dbc	0.08611766848166735	0.08611766848166735	HNSC|tumor|genotype|TP53_mut_vs_TP53_wt	HNSC|tumor|genotype|TP53_mut_vs_TP53_wt			'3280;8454;8819;10402;4851;1840;8321;7472;6934	'fgsea_msigdb_H_entrez:HALLMARK_NOTCH_SIGNALING	True	ABSTAIN	True	False		False	False	unstable		survival[module]=0.750 < tau=0.80	0.8	0.75	module	Mea4001d70482	5c2b02c8d35c	3de53f20e7bb	5c2b02c8d35c	down	5c2b02c8d35c	trim				-1	True	False	0.08611766848166735	0.08611766848166735	The term HALLMARK_NOTCH_SIGNALING is not related to the context's condition (HNSC) or comparison (TP53_mut_vs_TP53_wt)	proxy	llm	hard	HNSC|tumor|genotype|TP53_mut_vs_TP53_wt	HNSC|tumor|genotype|TP53_mut_vs_TP53_wt	HNSC|tumor|genotype|TP53_mut_vs_TP53_wt			60c997d59dbc	4	0.0	0.0	0.08611766848166735	0.08611766848166735	0.0	module_weight	FAIL							'3280;8454;8819;10402;4851;1840;8321;7472;6934	'fgsea_msigdb_H_entrez:HALLMARK_NOTCH_SIGNALING	['HES1', 'CUL1', 'SAP30', 'ST3GAL6', 'NOTCH1', 'DTX1', 'FZD1', 'WNT2', 'TCF7L2']	HES1;CUL1;SAP30;ST3GAL6;NOTCH1;DTX1;FZD1;WNT2;TCF7L2
HNSC	tumor	genotype	TP53_mut_vs_TP53_wt	HNSC|tumor|genotype|TP53_mut_vs_TP53_wt	c_b14a39eaf8ab	HALLMARK_INTERFERON_ALPHA_RESPONSE	down	condition,tissue,perturbation,comparison	fgsea_msigdb_H_entrez:HALLMARK_INTERFERON_ALPHA_RESPONSE	fgsea_msigdb_H_entrez	HALLMARK_INTERFERON_ALPHA_RESPONSE	HALLMARK_INTERFERON_ALPHA_RESPONSE	Mb6f784110271	module_survival_used(module_id=Mb6f784110271)	'4599;3665;567;10561;5698;1267;3429;10410;3107	'fgsea_msigdb_H_entrez:HALLMARK_INTERFERON_ALPHA_RESPONSE	8cb48550b126	0.5696944455544901	True	0.765625	True	ok	"{""claim_id"":""c_b14a39eaf8ab"",""entity"":""HALLMARK_INTERFERON_ALPHA_RESPONSE"",""direction"":""down"",""context_keys"":[""condition"",""tissue"",""perturbation"",""comparison""],""context_evaluated"":false,""context_method"":""none"",""context_status"":null,""context_reason"":null,""context_notes"":null,""evidence_ref"":{""module_id"":""Mb6f784110271"",""gene_ids"":[""4599"",""3665"",""567"",""10561"",""5698"",""1267"",""3429"",""10410"",""3107""],""term_ids"":[""fgsea_msigdb_H_entrez:HALLMARK_INTERFERON_ALPHA_RESPONSE""],""gene_set_hash"":""8cb48550b126"",""gene_set_hash_source"":""input"",""term_ids_has_raw"":false}}"	llm	ok	False	none	PASS	PROXY_U01_OK	proxy_context_v2: u=0.570 p_fail=0.050 p_warn=0.200 key=['condition', 'tissue', 'perturbation', 'comparison'] ctx_sig=60c997d59dbc	0.5696944455544901	hard	proxy	HNSC|tumor|genotype|TP53_mut_vs_TP53_wt	module_weight	0.0	0.0	0.0	4	60c997d59dbc	0.5696944455544901	0.5696944455544901	HNSC|tumor|genotype|TP53_mut_vs_TP53_wt	HNSC|tumor|genotype|TP53_mut_vs_TP53_wt			'4599;3665;567;10561;5698;1267;3429;10410;3107	'fgsea_msigdb_H_entrez:HALLMARK_INTERFERON_ALPHA_RESPONSE	False	ABSTAIN	True	False		False	False	unstable		survival[module]=0.766 < tau=0.80	0.8	0.765625	module	Mb6f784110271	8cb48550b126	1297ba2d030b	8cb48550b126	down	8cb48550b126	trim				1	True	False	0.5696944455544901	0.5696944455544901	PROXY_U01_OK	proxy	none	hard	HNSC|tumor|genotype|TP53_mut_vs_TP53_wt	HNSC|tumor|genotype|TP53_mut_vs_TP53_wt	HNSC|tumor|genotype|TP53_mut_vs_TP53_wt			60c997d59dbc	4	0.0	0.0	0.5696944455544901	0.5696944455544901	0.0	module_weight	PASS							'4599;3665;567;10561;5698;1267;3429;10410;3107	'fgsea_msigdb_H_entrez:HALLMARK_INTERFERON_ALPHA_RESPONSE	['MX1', 'IRF7', 'B2M', 'IFI44', 'PSMB9', 'CNP', 'IFI27', 'IFITM3', 'HLA-C']	MX1;IRF7;B2M;IFI44;PSMB9;CNP;IFI27;IFITM3;HLA-C
