claim_id	entity	direction	context_keys	term_uid	source	term_id	term_name	module_id	module_missing	module_reason	gene_ids	gene_ids_suggest	gene_ids_snippet	gene_ids_n_total	gene_ids_n_in_claim	term_ids	gene_set_hash	context_score	context_evaluated	context_status	context_method	context_confidence	context_reason	select_context_score	select_context_evaluated	select_context_tokens_n	select_context_status_score	select_context_tiebreak	context_signature	context_swap_active	context_gate_mode	context_gate_hit	eligible_context	eligible	term_survival	keep_term	keep_reason	claim_json	preselect_tau_gate	context_score_proxy	select_context_mode	select_context_policy	select_notes	select_diag_n_total	select_diag_n_eligible	select_diag_n_ineligible	select_diag_n_picked	select_diag_blocked_by_module_cap	select_diag_relaxed	select_diag_relax_passes	select_diag_max_per_module	select_diag_ctx_hit_terms	claim_mode	llm_notes	context_notes	context_review_mode	context_ctx_id	context_proxy_method	context_score_proxy_norm	module_context_weight	context_score_proxy_reason	context_score_proxy_n_nonzero	context_tokens_method	context_tokens	context_tokens_n	context_score_proxy_u01	context_score_proxy_u01_norm	context_ctx_id_original	context_ctx_id_effective	context_swap_from	context_swap_to	gene_ids_excel	term_ids_excel	context_gate_applied_pre_audit
c_4bedcdabf177	GOBP_VIRAL_TRANSLATION	up	condition,tissue,perturbation,comparison	fgsea_msigdb_C5_GO_BP_entrez:GOBP_VIRAL_TRANSLATION	fgsea_msigdb_C5_GO_BP_entrez	GOBP_VIRAL_TRANSLATION	GOBP_VIRAL_TRANSLATION	M7ffca48795ed	False		1939,6741,8665,5045,540,8664,8666	1939,6741,8665,5045,540,8664,8666	1939,6741,8665,5045,540,8664,8666	7	7	fgsea_msigdb_C5_GO_BP_entrez:GOBP_VIRAL_TRANSLATION	d8251a8ad61b	0.9070911969106961	False	PASS	none	0.9070911969106961	PROXY_U01_OK		False	0	-1		b6db28ceda2d	False	hard	False	True	True	1.0	True	ok	"{""claim_id"":""c_4bedcdabf177"",""entity"":""GOBP_VIRAL_TRANSLATION"",""direction"":""up"",""context_keys"":[""condition"",""tissue"",""perturbation"",""comparison""],""context_evaluated"":false,""context_method"":""none"",""context_status"":null,""context_reason"":null,""context_notes"":null,""evidence_ref"":{""module_id"":""M7ffca48795ed"",""gene_ids"":[""1939"",""6741"",""8665"",""5045"",""540"",""8664"",""8666""],""term_ids"":[""fgsea_msigdb_C5_GO_BP_entrez:GOBP_VIRAL_TRANSLATION""],""gene_set_hash"":""d8251a8ad61b"",""gene_set_hash_source"":""input"",""term_ids_has_raw"":false}}"	False	0.0	off	default	ranked=3386; eligible=3386; ineligible=0; picked=50; max_per_module=1; blocked_by_module_cap=266; relaxed=False; relax_passes=0; ctx_mode=off; ctx_gate=hard; ctx_swap=False; ctx_sig=b6db28ceda2d; ctx_hit_terms=0	3386	3386	0	50	266	False	0	1	0	deterministic		proxy_context_v2: u=0.907 p_fail=0.050 p_warn=0.200 key=['condition', 'tissue', 'perturbation', 'comparison'] ctx_sig=b6db28ceda2d	proxy	BRCA|tumor|genotype|TP53_mut_vs_TP53_wt	module_weight	0.0	0.0	EMPTY_WEIGHTS	0	v2	brca;tumor;genotype;tp53;mut	5	0.9070911969106961	0.9070911969106961	BRCA|tumor|genotype|TP53_mut_vs_TP53_wt	BRCA|tumor|genotype|TP53_mut_vs_TP53_wt			'1939;6741;8665;5045;540;8664;8666	'fgsea_msigdb_C5_GO_BP_entrez:GOBP_VIRAL_TRANSLATION	False
c_3d4b6817ea7c	GOBP_EPITHELIAL_CELL_MORPHOGENESIS	up	condition,tissue,perturbation,comparison	fgsea_msigdb_C5_GO_BP_entrez:GOBP_EPITHELIAL_CELL_MORPHOGENESIS	fgsea_msigdb_C5_GO_BP_entrez	GOBP_EPITHELIAL_CELL_MORPHOGENESIS	GOBP_EPITHELIAL_CELL_MORPHOGENESIS	M517c770f2dc7	False		3397,5314,3209,1365,5879	3397,5314,3209,1365,5879	3397,5314,3209,1365,5879	5	5	fgsea_msigdb_C5_GO_BP_entrez:GOBP_EPITHELIAL_CELL_MORPHOGENESIS	604e45ba4357	0.9149219741848453	False	PASS	none	0.9149219741848453	PROXY_U01_OK		False	0	-1		b6db28ceda2d	False	hard	False	True	True	1.0	True	ok	"{""claim_id"":""c_3d4b6817ea7c"",""entity"":""GOBP_EPITHELIAL_CELL_MORPHOGENESIS"",""direction"":""up"",""context_keys"":[""condition"",""tissue"",""perturbation"",""comparison""],""context_evaluated"":false,""context_method"":""none"",""context_status"":null,""context_reason"":null,""context_notes"":null,""evidence_ref"":{""module_id"":""M517c770f2dc7"",""gene_ids"":[""3397"",""5314"",""3209"",""1365"",""5879""],""term_ids"":[""fgsea_msigdb_C5_GO_BP_entrez:GOBP_EPITHELIAL_CELL_MORPHOGENESIS""],""gene_set_hash"":""604e45ba4357"",""gene_set_hash_source"":""input"",""term_ids_has_raw"":false}}"	False	0.0	off	default	ranked=3386; eligible=3386; ineligible=0; picked=50; max_per_module=1; blocked_by_module_cap=266; relaxed=False; relax_passes=0; ctx_mode=off; ctx_gate=hard; ctx_swap=False; ctx_sig=b6db28ceda2d; ctx_hit_terms=0	3386	3386	0	50	266	False	0	1	0	deterministic		proxy_context_v2: u=0.915 p_fail=0.050 p_warn=0.200 key=['condition', 'tissue', 'perturbation', 'comparison'] ctx_sig=b6db28ceda2d	proxy	BRCA|tumor|genotype|TP53_mut_vs_TP53_wt	module_weight	0.0	0.0	EMPTY_WEIGHTS	0	v2	brca;tumor;genotype;tp53;mut	5	0.9149219741848453	0.9149219741848453	BRCA|tumor|genotype|TP53_mut_vs_TP53_wt	BRCA|tumor|genotype|TP53_mut_vs_TP53_wt			'3397;5314;3209;1365;5879	'fgsea_msigdb_C5_GO_BP_entrez:GOBP_EPITHELIAL_CELL_MORPHOGENESIS	False
c_2b76563d3f73	GOBP_REGULATION_OF_CALCINEURIN_MEDIATED_SIGNALING	up	condition,tissue,perturbation,comparison	fgsea_msigdb_C5_GO_BP_entrez:GOBP_REGULATION_OF_CALCINEURIN_MEDIATED_SIGNALING	fgsea_msigdb_C5_GO_BP_entrez	GOBP_REGULATION_OF_CALCINEURIN_MEDIATED_SIGNALING	GOBP_REGULATION_OF_CALCINEURIN_MEDIATED_SIGNALING	Mf3e8ed1b543e	False		7124,6543,5336,11261,89	7124,6543,5336,11261,89	7124,6543,5336,11261,89	5	5	fgsea_msigdb_C5_GO_BP_entrez:GOBP_REGULATION_OF_CALCINEURIN_MEDIATED_SIGNALING	a72dd39e213a	0.5012967452947152	False	PASS	none	0.5012967452947152	PROXY_U01_OK		False	0	-1		b6db28ceda2d	False	hard	False	True	True	1.0	True	ok	"{""claim_id"":""c_2b76563d3f73"",""entity"":""GOBP_REGULATION_OF_CALCINEURIN_MEDIATED_SIGNALING"",""direction"":""up"",""context_keys"":[""condition"",""tissue"",""perturbation"",""comparison""],""context_evaluated"":false,""context_method"":""none"",""context_status"":null,""context_reason"":null,""context_notes"":null,""evidence_ref"":{""module_id"":""Mf3e8ed1b543e"",""gene_ids"":[""7124"",""6543"",""5336"",""11261"",""89""],""term_ids"":[""fgsea_msigdb_C5_GO_BP_entrez:GOBP_REGULATION_OF_CALCINEURIN_MEDIATED_SIGNALING""],""gene_set_hash"":""a72dd39e213a"",""gene_set_hash_source"":""input"",""term_ids_has_raw"":false}}"	False	0.0	off	default	ranked=3386; eligible=3386; ineligible=0; picked=50; max_per_module=1; blocked_by_module_cap=266; relaxed=False; relax_passes=0; ctx_mode=off; ctx_gate=hard; ctx_swap=False; ctx_sig=b6db28ceda2d; ctx_hit_terms=0	3386	3386	0	50	266	False	0	1	0	deterministic		proxy_context_v2: u=0.501 p_fail=0.050 p_warn=0.200 key=['condition', 'tissue', 'perturbation', 'comparison'] ctx_sig=b6db28ceda2d	proxy	BRCA|tumor|genotype|TP53_mut_vs_TP53_wt	module_weight	0.0	0.0	EMPTY_WEIGHTS	0	v2	brca;tumor;genotype;tp53;mut	5	0.5012967452947152	0.5012967452947152	BRCA|tumor|genotype|TP53_mut_vs_TP53_wt	BRCA|tumor|genotype|TP53_mut_vs_TP53_wt			'7124;6543;5336;11261;89	'fgsea_msigdb_C5_GO_BP_entrez:GOBP_REGULATION_OF_CALCINEURIN_MEDIATED_SIGNALING	False
c_9c9d7ddf40c9	GOBP_OSTEOBLAST_DEVELOPMENT	up	condition,tissue,perturbation,comparison	fgsea_msigdb_C5_GO_BP_entrez:GOBP_OSTEOBLAST_DEVELOPMENT	fgsea_msigdb_C5_GO_BP_entrez	GOBP_OSTEOBLAST_DEVELOPMENT	GOBP_OSTEOBLAST_DEVELOPMENT	M014508f46776	False		5744,5745,3727,6469,1050	5744,5745,3727,6469,1050	5744,5745,3727,6469,1050	5	5	fgsea_msigdb_C5_GO_BP_entrez:GOBP_OSTEOBLAST_DEVELOPMENT	08974442c6a7	0.33081980883487727	False	PASS	none	0.33081980883487727	PROXY_U01_OK		False	0	-1		b6db28ceda2d	False	hard	False	True	True	1.0	True	ok	"{""claim_id"":""c_9c9d7ddf40c9"",""entity"":""GOBP_OSTEOBLAST_DEVELOPMENT"",""direction"":""up"",""context_keys"":[""condition"",""tissue"",""perturbation"",""comparison""],""context_evaluated"":false,""context_method"":""none"",""context_status"":null,""context_reason"":null,""context_notes"":null,""evidence_ref"":{""module_id"":""M014508f46776"",""gene_ids"":[""5744"",""5745"",""3727"",""6469"",""1050""],""term_ids"":[""fgsea_msigdb_C5_GO_BP_entrez:GOBP_OSTEOBLAST_DEVELOPMENT""],""gene_set_hash"":""08974442c6a7"",""gene_set_hash_source"":""input"",""term_ids_has_raw"":false}}"	False	0.0	off	default	ranked=3386; eligible=3386; ineligible=0; picked=50; max_per_module=1; blocked_by_module_cap=266; relaxed=False; relax_passes=0; ctx_mode=off; ctx_gate=hard; ctx_swap=False; ctx_sig=b6db28ceda2d; ctx_hit_terms=0	3386	3386	0	50	266	False	0	1	0	deterministic		proxy_context_v2: u=0.331 p_fail=0.050 p_warn=0.200 key=['condition', 'tissue', 'perturbation', 'comparison'] ctx_sig=b6db28ceda2d	proxy	BRCA|tumor|genotype|TP53_mut_vs_TP53_wt	module_weight	0.0	0.0	EMPTY_WEIGHTS	0	v2	brca;tumor;genotype;tp53;mut	5	0.33081980883487727	0.33081980883487727	BRCA|tumor|genotype|TP53_mut_vs_TP53_wt	BRCA|tumor|genotype|TP53_mut_vs_TP53_wt			'5744;5745;3727;6469;1050	'fgsea_msigdb_C5_GO_BP_entrez:GOBP_OSTEOBLAST_DEVELOPMENT	False
c_a410da85e81a	GOBP_HEMOGLOBIN_METABOLIC_PROCESS	up	condition,tissue,perturbation,comparison	fgsea_msigdb_C5_GO_BP_entrez:GOBP_HEMOGLOBIN_METABOLIC_PROCESS	fgsea_msigdb_C5_GO_BP_entrez	GOBP_HEMOGLOBIN_METABOLIC_PROCESS	GOBP_HEMOGLOBIN_METABOLIC_PROCESS	M43839269c7d6	False		8861,2056,3263	8861,2056,3263	8861,2056,3263	3	3	fgsea_msigdb_C5_GO_BP_entrez:GOBP_HEMOGLOBIN_METABOLIC_PROCESS	c9d9c3058e70	0.9185846943455196	False	PASS	none	0.9185846943455196	PROXY_U01_OK		False	0	-1		b6db28ceda2d	False	hard	False	True	True	1.0	True	ok	"{""claim_id"":""c_a410da85e81a"",""entity"":""GOBP_HEMOGLOBIN_METABOLIC_PROCESS"",""direction"":""up"",""context_keys"":[""condition"",""tissue"",""perturbation"",""comparison""],""context_evaluated"":false,""context_method"":""none"",""context_status"":null,""context_reason"":null,""context_notes"":null,""evidence_ref"":{""module_id"":""M43839269c7d6"",""gene_ids"":[""8861"",""2056"",""3263""],""term_ids"":[""fgsea_msigdb_C5_GO_BP_entrez:GOBP_HEMOGLOBIN_METABOLIC_PROCESS""],""gene_set_hash"":""c9d9c3058e70"",""gene_set_hash_source"":""input"",""term_ids_has_raw"":false}}"	False	0.0	off	default	ranked=3386; eligible=3386; ineligible=0; picked=50; max_per_module=1; blocked_by_module_cap=266; relaxed=False; relax_passes=0; ctx_mode=off; ctx_gate=hard; ctx_swap=False; ctx_sig=b6db28ceda2d; ctx_hit_terms=0	3386	3386	0	50	266	False	0	1	0	deterministic		proxy_context_v2: u=0.919 p_fail=0.050 p_warn=0.200 key=['condition', 'tissue', 'perturbation', 'comparison'] ctx_sig=b6db28ceda2d	proxy	BRCA|tumor|genotype|TP53_mut_vs_TP53_wt	module_weight	0.0	0.0	EMPTY_WEIGHTS	0	v2	brca;tumor;genotype;tp53;mut	5	0.9185846943455196	0.9185846943455196	BRCA|tumor|genotype|TP53_mut_vs_TP53_wt	BRCA|tumor|genotype|TP53_mut_vs_TP53_wt			'8861;2056;3263	'fgsea_msigdb_C5_GO_BP_entrez:GOBP_HEMOGLOBIN_METABOLIC_PROCESS	False
c_f1dc589434fa	GOBP_PROTEIN_NEDDYLATION	up	condition,tissue,perturbation,comparison	fgsea_msigdb_C5_GO_BP_entrez:GOBP_PROTEIN_NEDDYLATION	fgsea_msigdb_C5_GO_BP_entrez	GOBP_PROTEIN_NEDDYLATION	GOBP_PROTEIN_NEDDYLATION	M87b04f1b1187	False		10987,6125,9616,4738,9039	10987,6125,9616,4738,9039	10987,6125,9616,4738,9039	5	5	fgsea_msigdb_C5_GO_BP_entrez:GOBP_PROTEIN_NEDDYLATION	3ad91572ce31	0.3659678923168359	False	PASS	none	0.3659678923168359	PROXY_U01_OK		False	0	-1		b6db28ceda2d	False	hard	False	True	True	1.0	True	ok	"{""claim_id"":""c_f1dc589434fa"",""entity"":""GOBP_PROTEIN_NEDDYLATION"",""direction"":""up"",""context_keys"":[""condition"",""tissue"",""perturbation"",""comparison""],""context_evaluated"":false,""context_method"":""none"",""context_status"":null,""context_reason"":null,""context_notes"":null,""evidence_ref"":{""module_id"":""M87b04f1b1187"",""gene_ids"":[""10987"",""6125"",""9616"",""4738"",""9039""],""term_ids"":[""fgsea_msigdb_C5_GO_BP_entrez:GOBP_PROTEIN_NEDDYLATION""],""gene_set_hash"":""3ad91572ce31"",""gene_set_hash_source"":""input"",""term_ids_has_raw"":false}}"	False	0.0	off	default	ranked=3386; eligible=3386; ineligible=0; picked=50; max_per_module=1; blocked_by_module_cap=266; relaxed=False; relax_passes=0; ctx_mode=off; ctx_gate=hard; ctx_swap=False; ctx_sig=b6db28ceda2d; ctx_hit_terms=0	3386	3386	0	50	266	False	0	1	0	deterministic		proxy_context_v2: u=0.366 p_fail=0.050 p_warn=0.200 key=['condition', 'tissue', 'perturbation', 'comparison'] ctx_sig=b6db28ceda2d	proxy	BRCA|tumor|genotype|TP53_mut_vs_TP53_wt	module_weight	0.0	0.0	EMPTY_WEIGHTS	0	v2	brca;tumor;genotype;tp53;mut	5	0.3659678923168359	0.3659678923168359	BRCA|tumor|genotype|TP53_mut_vs_TP53_wt	BRCA|tumor|genotype|TP53_mut_vs_TP53_wt			'10987;6125;9616;4738;9039	'fgsea_msigdb_C5_GO_BP_entrez:GOBP_PROTEIN_NEDDYLATION	False
c_1102734d9baa	GOBP_MICROVILLUS_ORGANIZATION	up	condition,tissue,perturbation,comparison	fgsea_msigdb_C5_GO_BP_entrez:GOBP_MICROVILLUS_ORGANIZATION	fgsea_msigdb_C5_GO_BP_entrez	GOBP_MICROVILLUS_ORGANIZATION	GOBP_MICROVILLUS_ORGANIZATION	M694f7db926f4	False		4640,5908,5337,11344,7429	4640,5908,5337,11344,7429	4640,5908,5337,11344,7429	5	5	fgsea_msigdb_C5_GO_BP_entrez:GOBP_MICROVILLUS_ORGANIZATION	9ae83b642d5c	0.340369050076337	False	PASS	none	0.340369050076337	PROXY_U01_OK		False	0	-1		b6db28ceda2d	False	hard	False	True	True	1.0	True	ok	"{""claim_id"":""c_1102734d9baa"",""entity"":""GOBP_MICROVILLUS_ORGANIZATION"",""direction"":""up"",""context_keys"":[""condition"",""tissue"",""perturbation"",""comparison""],""context_evaluated"":false,""context_method"":""none"",""context_status"":null,""context_reason"":null,""context_notes"":null,""evidence_ref"":{""module_id"":""M694f7db926f4"",""gene_ids"":[""4640"",""5908"",""5337"",""11344"",""7429""],""term_ids"":[""fgsea_msigdb_C5_GO_BP_entrez:GOBP_MICROVILLUS_ORGANIZATION""],""gene_set_hash"":""9ae83b642d5c"",""gene_set_hash_source"":""input"",""term_ids_has_raw"":false}}"	False	0.0	off	default	ranked=3386; eligible=3386; ineligible=0; picked=50; max_per_module=1; blocked_by_module_cap=266; relaxed=False; relax_passes=0; ctx_mode=off; ctx_gate=hard; ctx_swap=False; ctx_sig=b6db28ceda2d; ctx_hit_terms=0	3386	3386	0	50	266	False	0	1	0	deterministic		proxy_context_v2: u=0.340 p_fail=0.050 p_warn=0.200 key=['condition', 'tissue', 'perturbation', 'comparison'] ctx_sig=b6db28ceda2d	proxy	BRCA|tumor|genotype|TP53_mut_vs_TP53_wt	module_weight	0.0	0.0	EMPTY_WEIGHTS	0	v2	brca;tumor;genotype;tp53;mut	5	0.340369050076337	0.340369050076337	BRCA|tumor|genotype|TP53_mut_vs_TP53_wt	BRCA|tumor|genotype|TP53_mut_vs_TP53_wt			'4640;5908;5337;11344;7429	'fgsea_msigdb_C5_GO_BP_entrez:GOBP_MICROVILLUS_ORGANIZATION	False
c_ef23bc56e18e	GOBP_CELLULAR_RESPONSE_TO_ANGIOTENSIN	up	condition,tissue,perturbation,comparison	fgsea_msigdb_C5_GO_BP_entrez:GOBP_CELLULAR_RESPONSE_TO_ANGIOTENSIN	fgsea_msigdb_C5_GO_BP_entrez	GOBP_CELLULAR_RESPONSE_TO_ANGIOTENSIN	GOBP_CELLULAR_RESPONSE_TO_ANGIOTENSIN	M3b7345480a0f	False		5580,815,760,5879,4921	5580,815,760,5879,4921	5580,815,760,5879,4921	5	5	fgsea_msigdb_C5_GO_BP_entrez:GOBP_CELLULAR_RESPONSE_TO_ANGIOTENSIN	01e0085166e3	0.6855678452940037	False	PASS	none	0.6855678452940037	PROXY_U01_OK		False	0	-1		b6db28ceda2d	False	hard	False	True	True	1.0	True	ok	"{""claim_id"":""c_ef23bc56e18e"",""entity"":""GOBP_CELLULAR_RESPONSE_TO_ANGIOTENSIN"",""direction"":""up"",""context_keys"":[""condition"",""tissue"",""perturbation"",""comparison""],""context_evaluated"":false,""context_method"":""none"",""context_status"":null,""context_reason"":null,""context_notes"":null,""evidence_ref"":{""module_id"":""M3b7345480a0f"",""gene_ids"":[""5580"",""815"",""760"",""5879"",""4921""],""term_ids"":[""fgsea_msigdb_C5_GO_BP_entrez:GOBP_CELLULAR_RESPONSE_TO_ANGIOTENSIN""],""gene_set_hash"":""01e0085166e3"",""gene_set_hash_source"":""input"",""term_ids_has_raw"":false}}"	False	0.0	off	default	ranked=3386; eligible=3386; ineligible=0; picked=50; max_per_module=1; blocked_by_module_cap=266; relaxed=False; relax_passes=0; ctx_mode=off; ctx_gate=hard; ctx_swap=False; ctx_sig=b6db28ceda2d; ctx_hit_terms=0	3386	3386	0	50	266	False	0	1	0	deterministic		proxy_context_v2: u=0.686 p_fail=0.050 p_warn=0.200 key=['condition', 'tissue', 'perturbation', 'comparison'] ctx_sig=b6db28ceda2d	proxy	BRCA|tumor|genotype|TP53_mut_vs_TP53_wt	module_weight	0.0	0.0	EMPTY_WEIGHTS	0	v2	brca;tumor;genotype;tp53;mut	5	0.6855678452940037	0.6855678452940037	BRCA|tumor|genotype|TP53_mut_vs_TP53_wt	BRCA|tumor|genotype|TP53_mut_vs_TP53_wt			'5580;815;760;5879;4921	'fgsea_msigdb_C5_GO_BP_entrez:GOBP_CELLULAR_RESPONSE_TO_ANGIOTENSIN	False
c_331def62d4a1	GOBP_RESPONSE_TO_IMMOBILIZATION_STRESS	up	condition,tissue,perturbation,comparison	fgsea_msigdb_C5_GO_BP_entrez:GOBP_RESPONSE_TO_IMMOBILIZATION_STRESS	fgsea_msigdb_C5_GO_BP_entrez	GOBP_RESPONSE_TO_IMMOBILIZATION_STRESS	GOBP_RESPONSE_TO_IMMOBILIZATION_STRESS	M355e354e74ee	False		745,7031,5309,4303,1543	745,7031,5309,4303,1543	745,7031,5309,4303,1543	5	5	fgsea_msigdb_C5_GO_BP_entrez:GOBP_RESPONSE_TO_IMMOBILIZATION_STRESS	f1c772edd455	0.00922574296978107	False	FAIL	none	0.00922574296978107	PROXY_U01_LOW_FAIL		False	0	-1		b6db28ceda2d	False	hard	False	True	False	1.0	True	ok	"{""claim_id"":""c_331def62d4a1"",""entity"":""GOBP_RESPONSE_TO_IMMOBILIZATION_STRESS"",""direction"":""up"",""context_keys"":[""condition"",""tissue"",""perturbation"",""comparison""],""context_evaluated"":false,""context_method"":""none"",""context_status"":null,""context_reason"":null,""context_notes"":null,""evidence_ref"":{""module_id"":""M355e354e74ee"",""gene_ids"":[""745"",""7031"",""5309"",""4303"",""1543""],""term_ids"":[""fgsea_msigdb_C5_GO_BP_entrez:GOBP_RESPONSE_TO_IMMOBILIZATION_STRESS""],""gene_set_hash"":""f1c772edd455"",""gene_set_hash_source"":""input"",""term_ids_has_raw"":false}}"	False	0.0	off	default	ranked=3386; eligible=3386; ineligible=0; picked=50; max_per_module=1; blocked_by_module_cap=266; relaxed=False; relax_passes=0; ctx_mode=off; ctx_gate=hard; ctx_swap=False; ctx_sig=b6db28ceda2d; ctx_hit_terms=0	3386	3386	0	50	266	False	0	1	0	deterministic		proxy_context_v2: u=0.009 p_fail=0.050 p_warn=0.200 key=['condition', 'tissue', 'perturbation', 'comparison'] ctx_sig=b6db28ceda2d	proxy	BRCA|tumor|genotype|TP53_mut_vs_TP53_wt	module_weight	0.0	0.0	EMPTY_WEIGHTS	0	v2	brca;tumor;genotype;tp53;mut	5	0.00922574296978107	0.00922574296978107	BRCA|tumor|genotype|TP53_mut_vs_TP53_wt	BRCA|tumor|genotype|TP53_mut_vs_TP53_wt			'745;7031;5309;4303;1543	'fgsea_msigdb_C5_GO_BP_entrez:GOBP_RESPONSE_TO_IMMOBILIZATION_STRESS	True
c_baf487b9be43	GOBP_EMBRYONIC_PLACENTA_MORPHOGENESIS	up	condition,tissue,perturbation,comparison	fgsea_msigdb_C5_GO_BP_entrez:GOBP_EMBRYONIC_PLACENTA_MORPHOGENESIS	fgsea_msigdb_C5_GO_BP_entrez	GOBP_EMBRYONIC_PLACENTA_MORPHOGENESIS	GOBP_EMBRYONIC_PLACENTA_MORPHOGENESIS	M58768edfcae1	False		3586,2885,3491	3586,2885,3491	3586,2885,3491	3	3	fgsea_msigdb_C5_GO_BP_entrez:GOBP_EMBRYONIC_PLACENTA_MORPHOGENESIS	2128771b8573	0.6639863597589186	False	PASS	none	0.6639863597589186	PROXY_U01_OK		False	0	-1		b6db28ceda2d	False	hard	False	True	True	1.0	True	ok	"{""claim_id"":""c_baf487b9be43"",""entity"":""GOBP_EMBRYONIC_PLACENTA_MORPHOGENESIS"",""direction"":""up"",""context_keys"":[""condition"",""tissue"",""perturbation"",""comparison""],""context_evaluated"":false,""context_method"":""none"",""context_status"":null,""context_reason"":null,""context_notes"":null,""evidence_ref"":{""module_id"":""M58768edfcae1"",""gene_ids"":[""3586"",""2885"",""3491""],""term_ids"":[""fgsea_msigdb_C5_GO_BP_entrez:GOBP_EMBRYONIC_PLACENTA_MORPHOGENESIS""],""gene_set_hash"":""2128771b8573"",""gene_set_hash_source"":""input"",""term_ids_has_raw"":false}}"	False	0.0	off	default	ranked=3386; eligible=3386; ineligible=0; picked=50; max_per_module=1; blocked_by_module_cap=266; relaxed=False; relax_passes=0; ctx_mode=off; ctx_gate=hard; ctx_swap=False; ctx_sig=b6db28ceda2d; ctx_hit_terms=0	3386	3386	0	50	266	False	0	1	0	deterministic		proxy_context_v2: u=0.664 p_fail=0.050 p_warn=0.200 key=['condition', 'tissue', 'perturbation', 'comparison'] ctx_sig=b6db28ceda2d	proxy	BRCA|tumor|genotype|TP53_mut_vs_TP53_wt	module_weight	0.0	0.0	EMPTY_WEIGHTS	0	v2	brca;tumor;genotype;tp53;mut	5	0.6639863597589186	0.6639863597589186	BRCA|tumor|genotype|TP53_mut_vs_TP53_wt	BRCA|tumor|genotype|TP53_mut_vs_TP53_wt			'3586;2885;3491	'fgsea_msigdb_C5_GO_BP_entrez:GOBP_EMBRYONIC_PLACENTA_MORPHOGENESIS	False
c_7bc21c79826e	GOBP_PHOTOPERIODISM	up	condition,tissue,perturbation,comparison	fgsea_msigdb_C5_GO_BP_entrez:GOBP_PHOTOPERIODISM	fgsea_msigdb_C5_GO_BP_entrez	GOBP_PHOTOPERIODISM	GOBP_PHOTOPERIODISM	M03c0f99a7e68	False		4852,8864,5158,181,7157	4852,8864,5158,181,7157	4852,8864,5158,181,7157	5	5	fgsea_msigdb_C5_GO_BP_entrez:GOBP_PHOTOPERIODISM	922a4f99ed81	0.23979640347128806	False	PASS	none	0.23979640347128806	PROXY_U01_OK		False	0	-1		b6db28ceda2d	False	hard	False	True	True	1.0	True	ok	"{""claim_id"":""c_7bc21c79826e"",""entity"":""GOBP_PHOTOPERIODISM"",""direction"":""up"",""context_keys"":[""condition"",""tissue"",""perturbation"",""comparison""],""context_evaluated"":false,""context_method"":""none"",""context_status"":null,""context_reason"":null,""context_notes"":null,""evidence_ref"":{""module_id"":""M03c0f99a7e68"",""gene_ids"":[""4852"",""8864"",""5158"",""181"",""7157""],""term_ids"":[""fgsea_msigdb_C5_GO_BP_entrez:GOBP_PHOTOPERIODISM""],""gene_set_hash"":""922a4f99ed81"",""gene_set_hash_source"":""input"",""term_ids_has_raw"":false}}"	False	0.0	off	default	ranked=3386; eligible=3386; ineligible=0; picked=50; max_per_module=1; blocked_by_module_cap=266; relaxed=False; relax_passes=0; ctx_mode=off; ctx_gate=hard; ctx_swap=False; ctx_sig=b6db28ceda2d; ctx_hit_terms=0	3386	3386	0	50	266	False	0	1	0	deterministic		proxy_context_v2: u=0.240 p_fail=0.050 p_warn=0.200 key=['condition', 'tissue', 'perturbation', 'comparison'] ctx_sig=b6db28ceda2d	proxy	BRCA|tumor|genotype|TP53_mut_vs_TP53_wt	module_weight	0.0	0.0	EMPTY_WEIGHTS	0	v2	brca;tumor;genotype;tp53;mut	5	0.23979640347128806	0.23979640347128806	BRCA|tumor|genotype|TP53_mut_vs_TP53_wt	BRCA|tumor|genotype|TP53_mut_vs_TP53_wt			'4852;8864;5158;181;7157	'fgsea_msigdb_C5_GO_BP_entrez:GOBP_PHOTOPERIODISM	False
c_917a190f6e19	GOBP_HEMATOPOIETIC_STEM_CELL_HOMEOSTASIS	up	condition,tissue,perturbation,comparison	fgsea_msigdb_C5_GO_BP_entrez:GOBP_HEMATOPOIETIC_STEM_CELL_HOMEOSTASIS	fgsea_msigdb_C5_GO_BP_entrez	GOBP_HEMATOPOIETIC_STEM_CELL_HOMEOSTASIS	GOBP_HEMATOPOIETIC_STEM_CELL_HOMEOSTASIS	M6efad581e3a9	False		2131,10312,4856,2624,7984,9934,10467,103,9289,11167	2131,10312,4856,2624,7984,9934,10467,103,9289,11167	2131,10312,4856,2624,7984,9934,10467,103,9289,11167	10	10	fgsea_msigdb_C5_GO_BP_entrez:GOBP_HEMATOPOIETIC_STEM_CELL_HOMEOSTASIS	e8aa561e9fbc	0.745405298924197	False	PASS	none	0.745405298924197	PROXY_U01_OK		False	0	-1		b6db28ceda2d	False	hard	False	True	True	1.0	True	ok	"{""claim_id"":""c_917a190f6e19"",""entity"":""GOBP_HEMATOPOIETIC_STEM_CELL_HOMEOSTASIS"",""direction"":""up"",""context_keys"":[""condition"",""tissue"",""perturbation"",""comparison""],""context_evaluated"":false,""context_method"":""none"",""context_status"":null,""context_reason"":null,""context_notes"":null,""evidence_ref"":{""module_id"":""M6efad581e3a9"",""gene_ids"":[""2131"",""10312"",""4856"",""2624"",""7984"",""9934"",""10467"",""103"",""9289"",""11167""],""term_ids"":[""fgsea_msigdb_C5_GO_BP_entrez:GOBP_HEMATOPOIETIC_STEM_CELL_HOMEOSTASIS""],""gene_set_hash"":""e8aa561e9fbc"",""gene_set_hash_source"":""input"",""term_ids_has_raw"":false}}"	False	0.0	off	default	ranked=3386; eligible=3386; ineligible=0; picked=50; max_per_module=1; blocked_by_module_cap=266; relaxed=False; relax_passes=0; ctx_mode=off; ctx_gate=hard; ctx_swap=False; ctx_sig=b6db28ceda2d; ctx_hit_terms=0	3386	3386	0	50	266	False	0	1	0	deterministic		proxy_context_v2: u=0.745 p_fail=0.050 p_warn=0.200 key=['condition', 'tissue', 'perturbation', 'comparison'] ctx_sig=b6db28ceda2d	proxy	BRCA|tumor|genotype|TP53_mut_vs_TP53_wt	module_weight	0.0	0.0	EMPTY_WEIGHTS	0	v2	brca;tumor;genotype;tp53;mut	5	0.745405298924197	0.745405298924197	BRCA|tumor|genotype|TP53_mut_vs_TP53_wt	BRCA|tumor|genotype|TP53_mut_vs_TP53_wt			'2131;10312;4856;2624;7984;9934;10467;103;9289;11167	'fgsea_msigdb_C5_GO_BP_entrez:GOBP_HEMATOPOIETIC_STEM_CELL_HOMEOSTASIS	False
c_6bcf8c834c3a	GOBP_NEGATIVE_REGULATION_OF_PROTEIN_BINDING	up	condition,tissue,perturbation,comparison	fgsea_msigdb_C5_GO_BP_entrez:GOBP_NEGATIVE_REGULATION_OF_PROTEIN_BINDING	fgsea_msigdb_C5_GO_BP_entrez	GOBP_NEGATIVE_REGULATION_OF_PROTEIN_BINDING	GOBP_NEGATIVE_REGULATION_OF_PROTEIN_BINDING	M0f9dd7bf6cb3	False		3586,10399,6815,5899,3676	3586,10399,6815,5899,3676	3586,10399,6815,5899,3676	5	5	fgsea_msigdb_C5_GO_BP_entrez:GOBP_NEGATIVE_REGULATION_OF_PROTEIN_BINDING	4a7fbb79f39a	0.02368167843426594	False	FAIL	none	0.02368167843426594	PROXY_U01_LOW_FAIL		False	0	-1		b6db28ceda2d	False	hard	False	True	False	1.0	True	ok	"{""claim_id"":""c_6bcf8c834c3a"",""entity"":""GOBP_NEGATIVE_REGULATION_OF_PROTEIN_BINDING"",""direction"":""up"",""context_keys"":[""condition"",""tissue"",""perturbation"",""comparison""],""context_evaluated"":false,""context_method"":""none"",""context_status"":null,""context_reason"":null,""context_notes"":null,""evidence_ref"":{""module_id"":""M0f9dd7bf6cb3"",""gene_ids"":[""3586"",""10399"",""6815"",""5899"",""3676""],""term_ids"":[""fgsea_msigdb_C5_GO_BP_entrez:GOBP_NEGATIVE_REGULATION_OF_PROTEIN_BINDING""],""gene_set_hash"":""4a7fbb79f39a"",""gene_set_hash_source"":""input"",""term_ids_has_raw"":false}}"	False	0.0	off	default	ranked=3386; eligible=3386; ineligible=0; picked=50; max_per_module=1; blocked_by_module_cap=266; relaxed=False; relax_passes=0; ctx_mode=off; ctx_gate=hard; ctx_swap=False; ctx_sig=b6db28ceda2d; ctx_hit_terms=0	3386	3386	0	50	266	False	0	1	0	deterministic		proxy_context_v2: u=0.024 p_fail=0.050 p_warn=0.200 key=['condition', 'tissue', 'perturbation', 'comparison'] ctx_sig=b6db28ceda2d	proxy	BRCA|tumor|genotype|TP53_mut_vs_TP53_wt	module_weight	0.0	0.0	EMPTY_WEIGHTS	0	v2	brca;tumor;genotype;tp53;mut	5	0.02368167843426594	0.02368167843426594	BRCA|tumor|genotype|TP53_mut_vs_TP53_wt	BRCA|tumor|genotype|TP53_mut_vs_TP53_wt			'3586;10399;6815;5899;3676	'fgsea_msigdb_C5_GO_BP_entrez:GOBP_NEGATIVE_REGULATION_OF_PROTEIN_BINDING	True
c_5a14e9fd087b	GOBP_WNT_SIGNALING_PATHWAY_PLANAR_CELL_POLARITY_PATHWAY	up	condition,tissue,perturbation,comparison	fgsea_msigdb_C5_GO_BP_entrez:GOBP_WNT_SIGNALING_PATHWAY_PLANAR_CELL_POLARITY_PATHWAY	fgsea_msigdb_C5_GO_BP_entrez	GOBP_WNT_SIGNALING_PATHWAY_PLANAR_CELL_POLARITY_PATHWAY	GOBP_WNT_SIGNALING_PATHWAY_PLANAR_CELL_POLARITY_PATHWAY	M7f5a9fdffdd2	False		9620,4300,5879	9620,4300,5879	9620,4300,5879	3	3	fgsea_msigdb_C5_GO_BP_entrez:GOBP_WNT_SIGNALING_PATHWAY_PLANAR_CELL_POLARITY_PATHWAY	f0678df1f6e9	0.9417266994076159	False	PASS	none	0.9417266994076159	PROXY_U01_OK		False	0	-1		b6db28ceda2d	False	hard	False	True	True	1.0	True	ok	"{""claim_id"":""c_5a14e9fd087b"",""entity"":""GOBP_WNT_SIGNALING_PATHWAY_PLANAR_CELL_POLARITY_PATHWAY"",""direction"":""up"",""context_keys"":[""condition"",""tissue"",""perturbation"",""comparison""],""context_evaluated"":false,""context_method"":""none"",""context_status"":null,""context_reason"":null,""context_notes"":null,""evidence_ref"":{""module_id"":""M7f5a9fdffdd2"",""gene_ids"":[""9620"",""4300"",""5879""],""term_ids"":[""fgsea_msigdb_C5_GO_BP_entrez:GOBP_WNT_SIGNALING_PATHWAY_PLANAR_CELL_POLARITY_PATHWAY""],""gene_set_hash"":""f0678df1f6e9"",""gene_set_hash_source"":""input"",""term_ids_has_raw"":false}}"	False	0.0	off	default	ranked=3386; eligible=3386; ineligible=0; picked=50; max_per_module=1; blocked_by_module_cap=266; relaxed=False; relax_passes=0; ctx_mode=off; ctx_gate=hard; ctx_swap=False; ctx_sig=b6db28ceda2d; ctx_hit_terms=0	3386	3386	0	50	266	False	0	1	0	deterministic		proxy_context_v2: u=0.942 p_fail=0.050 p_warn=0.200 key=['condition', 'tissue', 'perturbation', 'comparison'] ctx_sig=b6db28ceda2d	proxy	BRCA|tumor|genotype|TP53_mut_vs_TP53_wt	module_weight	0.0	0.0	EMPTY_WEIGHTS	0	v2	brca;tumor;genotype;tp53;mut	5	0.9417266994076159	0.9417266994076159	BRCA|tumor|genotype|TP53_mut_vs_TP53_wt	BRCA|tumor|genotype|TP53_mut_vs_TP53_wt			'9620;4300;5879	'fgsea_msigdb_C5_GO_BP_entrez:GOBP_WNT_SIGNALING_PATHWAY_PLANAR_CELL_POLARITY_PATHWAY	False
c_a47fa459b29c	GOBP_POSITIVE_REGULATION_OF_SMOOTHENED_SIGNALING_PATHWAY	up	condition,tissue,perturbation,comparison	fgsea_msigdb_C5_GO_BP_entrez:GOBP_POSITIVE_REGULATION_OF_SMOOTHENED_SIGNALING_PATHWAY	fgsea_msigdb_C5_GO_BP_entrez	GOBP_POSITIVE_REGULATION_OF_SMOOTHENED_SIGNALING_PATHWAY	GOBP_POSITIVE_REGULATION_OF_SMOOTHENED_SIGNALING_PATHWAY	M445725fdecca	False		3169,2735,6469,2254,2622,3549,2121	3169,2735,6469,2254,2622,3549,2121	3169,2735,6469,2254,2622,3549,2121	7	7	fgsea_msigdb_C5_GO_BP_entrez:GOBP_POSITIVE_REGULATION_OF_SMOOTHENED_SIGNALING_PATHWAY	f78cd7ad2560	0.977871312055073	False	PASS	none	0.977871312055073	PROXY_U01_OK		False	0	-1		b6db28ceda2d	False	hard	False	True	True	1.0	True	ok	"{""claim_id"":""c_a47fa459b29c"",""entity"":""GOBP_POSITIVE_REGULATION_OF_SMOOTHENED_SIGNALING_PATHWAY"",""direction"":""up"",""context_keys"":[""condition"",""tissue"",""perturbation"",""comparison""],""context_evaluated"":false,""context_method"":""none"",""context_status"":null,""context_reason"":null,""context_notes"":null,""evidence_ref"":{""module_id"":""M445725fdecca"",""gene_ids"":[""3169"",""2735"",""6469"",""2254"",""2622"",""3549"",""2121""],""term_ids"":[""fgsea_msigdb_C5_GO_BP_entrez:GOBP_POSITIVE_REGULATION_OF_SMOOTHENED_SIGNALING_PATHWAY""],""gene_set_hash"":""f78cd7ad2560"",""gene_set_hash_source"":""input"",""term_ids_has_raw"":false}}"	False	0.0	off	default	ranked=3386; eligible=3386; ineligible=0; picked=50; max_per_module=1; blocked_by_module_cap=266; relaxed=False; relax_passes=0; ctx_mode=off; ctx_gate=hard; ctx_swap=False; ctx_sig=b6db28ceda2d; ctx_hit_terms=0	3386	3386	0	50	266	False	0	1	0	deterministic		proxy_context_v2: u=0.978 p_fail=0.050 p_warn=0.200 key=['condition', 'tissue', 'perturbation', 'comparison'] ctx_sig=b6db28ceda2d	proxy	BRCA|tumor|genotype|TP53_mut_vs_TP53_wt	module_weight	0.0	0.0	EMPTY_WEIGHTS	0	v2	brca;tumor;genotype;tp53;mut	5	0.977871312055073	0.977871312055073	BRCA|tumor|genotype|TP53_mut_vs_TP53_wt	BRCA|tumor|genotype|TP53_mut_vs_TP53_wt			'3169;2735;6469;2254;2622;3549;2121	'fgsea_msigdb_C5_GO_BP_entrez:GOBP_POSITIVE_REGULATION_OF_SMOOTHENED_SIGNALING_PATHWAY	False
c_849b1d2f62da	GOBP_NEGATIVE_REGULATION_OF_ERK1_AND_ERK2_CASCADE	up	condition,tissue,perturbation,comparison	fgsea_msigdb_C5_GO_BP_entrez:GOBP_NEGATIVE_REGULATION_OF_ERK1_AND_ERK2_CASCADE	fgsea_msigdb_C5_GO_BP_entrez	GOBP_NEGATIVE_REGULATION_OF_ERK1_AND_ERK2_CASCADE	GOBP_NEGATIVE_REGULATION_OF_ERK1_AND_ERK2_CASCADE	M019d7fdbcb29	False		11221,1849,1843	11221,1849,1843	11221,1849,1843	3	3	fgsea_msigdb_C5_GO_BP_entrez:GOBP_NEGATIVE_REGULATION_OF_ERK1_AND_ERK2_CASCADE	9aa981660891	0.20640688972402232	False	PASS	none	0.20640688972402232	PROXY_U01_OK		False	0	-1		b6db28ceda2d	False	hard	False	True	True	1.0	True	ok	"{""claim_id"":""c_849b1d2f62da"",""entity"":""GOBP_NEGATIVE_REGULATION_OF_ERK1_AND_ERK2_CASCADE"",""direction"":""up"",""context_keys"":[""condition"",""tissue"",""perturbation"",""comparison""],""context_evaluated"":false,""context_method"":""none"",""context_status"":null,""context_reason"":null,""context_notes"":null,""evidence_ref"":{""module_id"":""M019d7fdbcb29"",""gene_ids"":[""11221"",""1849"",""1843""],""term_ids"":[""fgsea_msigdb_C5_GO_BP_entrez:GOBP_NEGATIVE_REGULATION_OF_ERK1_AND_ERK2_CASCADE""],""gene_set_hash"":""9aa981660891"",""gene_set_hash_source"":""input"",""term_ids_has_raw"":false}}"	False	0.0	off	default	ranked=3386; eligible=3386; ineligible=0; picked=50; max_per_module=1; blocked_by_module_cap=266; relaxed=False; relax_passes=0; ctx_mode=off; ctx_gate=hard; ctx_swap=False; ctx_sig=b6db28ceda2d; ctx_hit_terms=0	3386	3386	0	50	266	False	0	1	0	deterministic		proxy_context_v2: u=0.206 p_fail=0.050 p_warn=0.200 key=['condition', 'tissue', 'perturbation', 'comparison'] ctx_sig=b6db28ceda2d	proxy	BRCA|tumor|genotype|TP53_mut_vs_TP53_wt	module_weight	0.0	0.0	EMPTY_WEIGHTS	0	v2	brca;tumor;genotype;tp53;mut	5	0.20640688972402232	0.20640688972402232	BRCA|tumor|genotype|TP53_mut_vs_TP53_wt	BRCA|tumor|genotype|TP53_mut_vs_TP53_wt			'11221;1849;1843	'fgsea_msigdb_C5_GO_BP_entrez:GOBP_NEGATIVE_REGULATION_OF_ERK1_AND_ERK2_CASCADE	False
c_fb1f8143f729	GOBP_SALIVARY_GLAND_DEVELOPMENT	up	condition,tissue,perturbation,comparison	fgsea_msigdb_C5_GO_BP_entrez:GOBP_SALIVARY_GLAND_DEVELOPMENT	fgsea_msigdb_C5_GO_BP_entrez	GOBP_SALIVARY_GLAND_DEVELOPMENT	GOBP_SALIVARY_GLAND_DEVELOPMENT	Mf651a5f0ac2d	False		7124,3911,5154	7124,3911,5154	7124,3911,5154	3	3	fgsea_msigdb_C5_GO_BP_entrez:GOBP_SALIVARY_GLAND_DEVELOPMENT	ba141f5de376	0.9849648161702591	False	PASS	none	0.9849648161702591	PROXY_U01_OK		False	0	-1		b6db28ceda2d	False	hard	False	True	True	1.0	True	ok	"{""claim_id"":""c_fb1f8143f729"",""entity"":""GOBP_SALIVARY_GLAND_DEVELOPMENT"",""direction"":""up"",""context_keys"":[""condition"",""tissue"",""perturbation"",""comparison""],""context_evaluated"":false,""context_method"":""none"",""context_status"":null,""context_reason"":null,""context_notes"":null,""evidence_ref"":{""module_id"":""Mf651a5f0ac2d"",""gene_ids"":[""7124"",""3911"",""5154""],""term_ids"":[""fgsea_msigdb_C5_GO_BP_entrez:GOBP_SALIVARY_GLAND_DEVELOPMENT""],""gene_set_hash"":""ba141f5de376"",""gene_set_hash_source"":""input"",""term_ids_has_raw"":false}}"	False	0.0	off	default	ranked=3386; eligible=3386; ineligible=0; picked=50; max_per_module=1; blocked_by_module_cap=266; relaxed=False; relax_passes=0; ctx_mode=off; ctx_gate=hard; ctx_swap=False; ctx_sig=b6db28ceda2d; ctx_hit_terms=0	3386	3386	0	50	266	False	0	1	0	deterministic		proxy_context_v2: u=0.985 p_fail=0.050 p_warn=0.200 key=['condition', 'tissue', 'perturbation', 'comparison'] ctx_sig=b6db28ceda2d	proxy	BRCA|tumor|genotype|TP53_mut_vs_TP53_wt	module_weight	0.0	0.0	EMPTY_WEIGHTS	0	v2	brca;tumor;genotype;tp53;mut	5	0.9849648161702591	0.9849648161702591	BRCA|tumor|genotype|TP53_mut_vs_TP53_wt	BRCA|tumor|genotype|TP53_mut_vs_TP53_wt			'7124;3911;5154	'fgsea_msigdb_C5_GO_BP_entrez:GOBP_SALIVARY_GLAND_DEVELOPMENT	False
c_84bd6aaf0a8b	GOBP_ESTROGEN_METABOLIC_PROCESS	up	condition,tissue,perturbation,comparison	fgsea_msigdb_C5_GO_BP_entrez:GOBP_ESTROGEN_METABOLIC_PROCESS	fgsea_msigdb_C5_GO_BP_entrez	GOBP_ESTROGEN_METABOLIC_PROCESS	GOBP_ESTROGEN_METABOLIC_PROCESS	M05f1184527dd	False		3292,5156,7364,3295,1543	3292,5156,7364,3295,1543	3292,5156,7364,3295,1543	5	5	fgsea_msigdb_C5_GO_BP_entrez:GOBP_ESTROGEN_METABOLIC_PROCESS	f0202e3163c3	0.7359738457353187	False	PASS	none	0.7359738457353187	PROXY_U01_OK		False	0	-1		b6db28ceda2d	False	hard	False	True	True	1.0	True	ok	"{""claim_id"":""c_84bd6aaf0a8b"",""entity"":""GOBP_ESTROGEN_METABOLIC_PROCESS"",""direction"":""up"",""context_keys"":[""condition"",""tissue"",""perturbation"",""comparison""],""context_evaluated"":false,""context_method"":""none"",""context_status"":null,""context_reason"":null,""context_notes"":null,""evidence_ref"":{""module_id"":""M05f1184527dd"",""gene_ids"":[""3292"",""5156"",""7364"",""3295"",""1543""],""term_ids"":[""fgsea_msigdb_C5_GO_BP_entrez:GOBP_ESTROGEN_METABOLIC_PROCESS""],""gene_set_hash"":""f0202e3163c3"",""gene_set_hash_source"":""input"",""term_ids_has_raw"":false}}"	False	0.0	off	default	ranked=3386; eligible=3386; ineligible=0; picked=50; max_per_module=1; blocked_by_module_cap=266; relaxed=False; relax_passes=0; ctx_mode=off; ctx_gate=hard; ctx_swap=False; ctx_sig=b6db28ceda2d; ctx_hit_terms=0	3386	3386	0	50	266	False	0	1	0	deterministic		proxy_context_v2: u=0.736 p_fail=0.050 p_warn=0.200 key=['condition', 'tissue', 'perturbation', 'comparison'] ctx_sig=b6db28ceda2d	proxy	BRCA|tumor|genotype|TP53_mut_vs_TP53_wt	module_weight	0.0	0.0	EMPTY_WEIGHTS	0	v2	brca;tumor;genotype;tp53;mut	5	0.7359738457353187	0.7359738457353187	BRCA|tumor|genotype|TP53_mut_vs_TP53_wt	BRCA|tumor|genotype|TP53_mut_vs_TP53_wt			'3292;5156;7364;3295;1543	'fgsea_msigdb_C5_GO_BP_entrez:GOBP_ESTROGEN_METABOLIC_PROCESS	False
c_310009abe0f5	GOBP_INSULIN_LIKE_GROWTH_FACTOR_RECEPTOR_SIGNALING_PATHWAY	up	condition,tissue,perturbation,comparison	fgsea_msigdb_C5_GO_BP_entrez:GOBP_INSULIN_LIKE_GROWTH_FACTOR_RECEPTOR_SIGNALING_PATHWAY	fgsea_msigdb_C5_GO_BP_entrez	GOBP_INSULIN_LIKE_GROWTH_FACTOR_RECEPTOR_SIGNALING_PATHWAY	GOBP_INSULIN_LIKE_GROWTH_FACTOR_RECEPTOR_SIGNALING_PATHWAY	Mbae94320823e	False		2885,3487,3489,5605,3480,9451,6310,5170,2692,3482	2885,3487,3489,5605,3480,9451,6310,5170,2692,3482	2885,3487,3489,5605,3480,9451,6310,5170,2692,3482	10	10	fgsea_msigdb_C5_GO_BP_entrez:GOBP_INSULIN_LIKE_GROWTH_FACTOR_RECEPTOR_SIGNALING_PATHWAY	75e6da6672b4	0.31300933756991656	False	PASS	none	0.31300933756991656	PROXY_U01_OK		False	0	-1		b6db28ceda2d	False	hard	False	True	True	1.0	True	ok	"{""claim_id"":""c_310009abe0f5"",""entity"":""GOBP_INSULIN_LIKE_GROWTH_FACTOR_RECEPTOR_SIGNALING_PATHWAY"",""direction"":""up"",""context_keys"":[""condition"",""tissue"",""perturbation"",""comparison""],""context_evaluated"":false,""context_method"":""none"",""context_status"":null,""context_reason"":null,""context_notes"":null,""evidence_ref"":{""module_id"":""Mbae94320823e"",""gene_ids"":[""2885"",""3487"",""3489"",""5605"",""3480"",""9451"",""6310"",""5170"",""2692"",""3482""],""term_ids"":[""fgsea_msigdb_C5_GO_BP_entrez:GOBP_INSULIN_LIKE_GROWTH_FACTOR_RECEPTOR_SIGNALING_PATHWAY""],""gene_set_hash"":""75e6da6672b4"",""gene_set_hash_source"":""input"",""term_ids_has_raw"":false}}"	False	0.0	off	default	ranked=3386; eligible=3386; ineligible=0; picked=50; max_per_module=1; blocked_by_module_cap=266; relaxed=False; relax_passes=0; ctx_mode=off; ctx_gate=hard; ctx_swap=False; ctx_sig=b6db28ceda2d; ctx_hit_terms=0	3386	3386	0	50	266	False	0	1	0	deterministic		proxy_context_v2: u=0.313 p_fail=0.050 p_warn=0.200 key=['condition', 'tissue', 'perturbation', 'comparison'] ctx_sig=b6db28ceda2d	proxy	BRCA|tumor|genotype|TP53_mut_vs_TP53_wt	module_weight	0.0	0.0	EMPTY_WEIGHTS	0	v2	brca;tumor;genotype;tp53;mut	5	0.31300933756991656	0.31300933756991656	BRCA|tumor|genotype|TP53_mut_vs_TP53_wt	BRCA|tumor|genotype|TP53_mut_vs_TP53_wt			'2885;3487;3489;5605;3480;9451;6310;5170;2692;3482	'fgsea_msigdb_C5_GO_BP_entrez:GOBP_INSULIN_LIKE_GROWTH_FACTOR_RECEPTOR_SIGNALING_PATHWAY	False
c_7c4f3a6ddf96	GOBP_BILE_ACID_AND_BILE_SALT_TRANSPORT	up	condition,tissue,perturbation,comparison	fgsea_msigdb_C5_GO_BP_entrez:GOBP_BILE_ACID_AND_BILE_SALT_TRANSPORT	fgsea_msigdb_C5_GO_BP_entrez	GOBP_BILE_ACID_AND_BILE_SALT_TRANSPORT	GOBP_BILE_ACID_AND_BILE_SALT_TRANSPORT	Mc486bf5c81f1	False		8714,1109,8273	8714,1109,8273	8714,1109,8273	3	3	fgsea_msigdb_C5_GO_BP_entrez:GOBP_BILE_ACID_AND_BILE_SALT_TRANSPORT	577cd8e21977	0.7747961918956354	False	PASS	none	0.7747961918956354	PROXY_U01_OK		False	0	-1		b6db28ceda2d	False	hard	False	True	True	1.0	True	ok	"{""claim_id"":""c_7c4f3a6ddf96"",""entity"":""GOBP_BILE_ACID_AND_BILE_SALT_TRANSPORT"",""direction"":""up"",""context_keys"":[""condition"",""tissue"",""perturbation"",""comparison""],""context_evaluated"":false,""context_method"":""none"",""context_status"":null,""context_reason"":null,""context_notes"":null,""evidence_ref"":{""module_id"":""Mc486bf5c81f1"",""gene_ids"":[""8714"",""1109"",""8273""],""term_ids"":[""fgsea_msigdb_C5_GO_BP_entrez:GOBP_BILE_ACID_AND_BILE_SALT_TRANSPORT""],""gene_set_hash"":""577cd8e21977"",""gene_set_hash_source"":""input"",""term_ids_has_raw"":false}}"	False	0.0	off	default	ranked=3386; eligible=3386; ineligible=0; picked=50; max_per_module=1; blocked_by_module_cap=266; relaxed=False; relax_passes=0; ctx_mode=off; ctx_gate=hard; ctx_swap=False; ctx_sig=b6db28ceda2d; ctx_hit_terms=0	3386	3386	0	50	266	False	0	1	0	deterministic		proxy_context_v2: u=0.775 p_fail=0.050 p_warn=0.200 key=['condition', 'tissue', 'perturbation', 'comparison'] ctx_sig=b6db28ceda2d	proxy	BRCA|tumor|genotype|TP53_mut_vs_TP53_wt	module_weight	0.0	0.0	EMPTY_WEIGHTS	0	v2	brca;tumor;genotype;tp53;mut	5	0.7747961918956354	0.7747961918956354	BRCA|tumor|genotype|TP53_mut_vs_TP53_wt	BRCA|tumor|genotype|TP53_mut_vs_TP53_wt			'8714;1109;8273	'fgsea_msigdb_C5_GO_BP_entrez:GOBP_BILE_ACID_AND_BILE_SALT_TRANSPORT	False
c_d88531edc3fa	GOBP_CALCIUM_DEPENDENT_CELL_CELL_ADHESION_VIA_PLASMA_MEMBRANE_CELL_ADHESION_MOLECULES	up	condition,tissue,perturbation,comparison	fgsea_msigdb_C5_GO_BP_entrez:GOBP_CALCIUM_DEPENDENT_CELL_CELL_ADHESION_VIA_PLASMA_MEMBRANE_CELL_ADHESION_MOLECULES	fgsea_msigdb_C5_GO_BP_entrez	GOBP_CALCIUM_DEPENDENT_CELL_CELL_ADHESION_VIA_PLASMA_MEMBRANE_CELL_ADHESION_MOLECULES	GOBP_CALCIUM_DEPENDENT_CELL_CELL_ADHESION_VIA_PLASMA_MEMBRANE_CELL_ADHESION_MOLECULES	Mbcccc71b966e	False		9378,1005,1008,1014,6403	9378,1005,1008,1014,6403	9378,1005,1008,1014,6403	5	5	fgsea_msigdb_C5_GO_BP_entrez:GOBP_CALCIUM_DEPENDENT_CELL_CELL_ADHESION_VIA_PLASMA_MEMBRANE_CELL_ADHESION_MOLECULES	4f653ea82c9c	0.4239900826075922	False	PASS	none	0.4239900826075922	PROXY_U01_OK		False	0	-1		b6db28ceda2d	False	hard	False	True	True	1.0	True	ok	"{""claim_id"":""c_d88531edc3fa"",""entity"":""GOBP_CALCIUM_DEPENDENT_CELL_CELL_ADHESION_VIA_PLASMA_MEMBRANE_CELL_ADHESION_MOLECULES"",""direction"":""up"",""context_keys"":[""condition"",""tissue"",""perturbation"",""comparison""],""context_evaluated"":false,""context_method"":""none"",""context_status"":null,""context_reason"":null,""context_notes"":null,""evidence_ref"":{""module_id"":""Mbcccc71b966e"",""gene_ids"":[""9378"",""1005"",""1008"",""1014"",""6403""],""term_ids"":[""fgsea_msigdb_C5_GO_BP_entrez:GOBP_CALCIUM_DEPENDENT_CELL_CELL_ADHESION_VIA_PLASMA_MEMBRANE_CELL_ADHESION_MOLECULES""],""gene_set_hash"":""4f653ea82c9c"",""gene_set_hash_source"":""input"",""term_ids_has_raw"":false}}"	False	0.0	off	default	ranked=3386; eligible=3386; ineligible=0; picked=50; max_per_module=1; blocked_by_module_cap=266; relaxed=False; relax_passes=0; ctx_mode=off; ctx_gate=hard; ctx_swap=False; ctx_sig=b6db28ceda2d; ctx_hit_terms=0	3386	3386	0	50	266	False	0	1	0	deterministic		proxy_context_v2: u=0.424 p_fail=0.050 p_warn=0.200 key=['condition', 'tissue', 'perturbation', 'comparison'] ctx_sig=b6db28ceda2d	proxy	BRCA|tumor|genotype|TP53_mut_vs_TP53_wt	module_weight	0.0	0.0	EMPTY_WEIGHTS	0	v2	brca;tumor;genotype;tp53;mut	5	0.4239900826075922	0.4239900826075922	BRCA|tumor|genotype|TP53_mut_vs_TP53_wt	BRCA|tumor|genotype|TP53_mut_vs_TP53_wt			'9378;1005;1008;1014;6403	'fgsea_msigdb_C5_GO_BP_entrez:GOBP_CALCIUM_DEPENDENT_CELL_CELL_ADHESION_VIA_PLASMA_MEMBRANE_CELL_ADHESION_MOLECULES	False
c_8dffaf8fa7e5	GOBP_RENAL_SODIUM_ION_TRANSPORT	up	condition,tissue,perturbation,comparison	fgsea_msigdb_C5_GO_BP_entrez:GOBP_RENAL_SODIUM_ION_TRANSPORT	fgsea_msigdb_C5_GO_BP_entrez	GOBP_RENAL_SODIUM_ION_TRANSPORT	GOBP_RENAL_SODIUM_ION_TRANSPORT	M2e7b320dd937	False		3758,7369,2981,6446,9943	3758,7369,2981,6446,9943	3758,7369,2981,6446,9943	5	5	fgsea_msigdb_C5_GO_BP_entrez:GOBP_RENAL_SODIUM_ION_TRANSPORT	eb3c399dfb56	0.34390653272723193	False	PASS	none	0.34390653272723193	PROXY_U01_OK		False	0	-1		b6db28ceda2d	False	hard	False	True	True	1.0	True	ok	"{""claim_id"":""c_8dffaf8fa7e5"",""entity"":""GOBP_RENAL_SODIUM_ION_TRANSPORT"",""direction"":""up"",""context_keys"":[""condition"",""tissue"",""perturbation"",""comparison""],""context_evaluated"":false,""context_method"":""none"",""context_status"":null,""context_reason"":null,""context_notes"":null,""evidence_ref"":{""module_id"":""M2e7b320dd937"",""gene_ids"":[""3758"",""7369"",""2981"",""6446"",""9943""],""term_ids"":[""fgsea_msigdb_C5_GO_BP_entrez:GOBP_RENAL_SODIUM_ION_TRANSPORT""],""gene_set_hash"":""eb3c399dfb56"",""gene_set_hash_source"":""input"",""term_ids_has_raw"":false}}"	False	0.0	off	default	ranked=3386; eligible=3386; ineligible=0; picked=50; max_per_module=1; blocked_by_module_cap=266; relaxed=False; relax_passes=0; ctx_mode=off; ctx_gate=hard; ctx_swap=False; ctx_sig=b6db28ceda2d; ctx_hit_terms=0	3386	3386	0	50	266	False	0	1	0	deterministic		proxy_context_v2: u=0.344 p_fail=0.050 p_warn=0.200 key=['condition', 'tissue', 'perturbation', 'comparison'] ctx_sig=b6db28ceda2d	proxy	BRCA|tumor|genotype|TP53_mut_vs_TP53_wt	module_weight	0.0	0.0	EMPTY_WEIGHTS	0	v2	brca;tumor;genotype;tp53;mut	5	0.34390653272723193	0.34390653272723193	BRCA|tumor|genotype|TP53_mut_vs_TP53_wt	BRCA|tumor|genotype|TP53_mut_vs_TP53_wt			'3758;7369;2981;6446;9943	'fgsea_msigdb_C5_GO_BP_entrez:GOBP_RENAL_SODIUM_ION_TRANSPORT	False
c_91c141b6329b	GOBP_CHEMOKINE_C_X_C_MOTIF_LIGAND_2_PRODUCTION	up	condition,tissue,perturbation,comparison	fgsea_msigdb_C5_GO_BP_entrez:GOBP_CHEMOKINE_C_X_C_MOTIF_LIGAND_2_PRODUCTION	fgsea_msigdb_C5_GO_BP_entrez	GOBP_CHEMOKINE_C_X_C_MOTIF_LIGAND_2_PRODUCTION	GOBP_CHEMOKINE_C_X_C_MOTIF_LIGAND_2_PRODUCTION	Meca476dedf9f	True	missing_module_id	7124	7124	7124	1	1	fgsea_msigdb_C5_GO_BP_entrez:GOBP_CHEMOKINE_C_X_C_MOTIF_LIGAND_2_PRODUCTION	4d378aa7873a	0.7215916537641367	False	PASS	none	0.7215916537641367	PROXY_U01_OK		False	0	-1		b6db28ceda2d	False	hard	False	True	True	1.0	True	ok	"{""claim_id"":""c_91c141b6329b"",""entity"":""GOBP_CHEMOKINE_C_X_C_MOTIF_LIGAND_2_PRODUCTION"",""direction"":""up"",""context_keys"":[""condition"",""tissue"",""perturbation"",""comparison""],""context_evaluated"":false,""context_method"":""none"",""context_status"":null,""context_reason"":null,""context_notes"":null,""evidence_ref"":{""module_id"":""Meca476dedf9f"",""gene_ids"":[""7124""],""term_ids"":[""fgsea_msigdb_C5_GO_BP_entrez:GOBP_CHEMOKINE_C_X_C_MOTIF_LIGAND_2_PRODUCTION""],""gene_set_hash"":""4d378aa7873a"",""gene_set_hash_source"":""input"",""term_ids_has_raw"":false}}"	False	0.0	off	default	ranked=3386; eligible=3386; ineligible=0; picked=50; max_per_module=1; blocked_by_module_cap=266; relaxed=False; relax_passes=0; ctx_mode=off; ctx_gate=hard; ctx_swap=False; ctx_sig=b6db28ceda2d; ctx_hit_terms=0	3386	3386	0	50	266	False	0	1	0	deterministic		proxy_context_v2: u=0.722 p_fail=0.050 p_warn=0.200 key=['condition', 'tissue', 'perturbation', 'comparison'] ctx_sig=b6db28ceda2d	proxy	BRCA|tumor|genotype|TP53_mut_vs_TP53_wt	module_weight	0.0	0.0	EMPTY_WEIGHTS	0	v2	brca;tumor;genotype;tp53;mut	5	0.7215916537641367	0.7215916537641367	BRCA|tumor|genotype|TP53_mut_vs_TP53_wt	BRCA|tumor|genotype|TP53_mut_vs_TP53_wt			'7124	'fgsea_msigdb_C5_GO_BP_entrez:GOBP_CHEMOKINE_C_X_C_MOTIF_LIGAND_2_PRODUCTION	False
c_b53bf8dfe3cc	GOBP_REGULATION_OF_FIBROBLAST_MIGRATION	up	condition,tissue,perturbation,comparison	fgsea_msigdb_C5_GO_BP_entrez:GOBP_REGULATION_OF_FIBROBLAST_MIGRATION	fgsea_msigdb_C5_GO_BP_entrez	GOBP_REGULATION_OF_FIBROBLAST_MIGRATION	GOBP_REGULATION_OF_FIBROBLAST_MIGRATION	M68703c8d85b8	False		8692,5879,4921,9219,673	8692,5879,4921,9219,673	8692,5879,4921,9219,673	5	5	fgsea_msigdb_C5_GO_BP_entrez:GOBP_REGULATION_OF_FIBROBLAST_MIGRATION	014d5f1e2d3b	0.10496696592493637	False	ABSTAIN	none	0.10496696592493637	PROXY_U01_LOW_ABSTAIN		False	0	-1		b6db28ceda2d	False	hard	False	True	False	1.0	True	ok	"{""claim_id"":""c_b53bf8dfe3cc"",""entity"":""GOBP_REGULATION_OF_FIBROBLAST_MIGRATION"",""direction"":""up"",""context_keys"":[""condition"",""tissue"",""perturbation"",""comparison""],""context_evaluated"":false,""context_method"":""none"",""context_status"":null,""context_reason"":null,""context_notes"":null,""evidence_ref"":{""module_id"":""M68703c8d85b8"",""gene_ids"":[""8692"",""5879"",""4921"",""9219"",""673""],""term_ids"":[""fgsea_msigdb_C5_GO_BP_entrez:GOBP_REGULATION_OF_FIBROBLAST_MIGRATION""],""gene_set_hash"":""014d5f1e2d3b"",""gene_set_hash_source"":""input"",""term_ids_has_raw"":false}}"	False	0.0	off	default	ranked=3386; eligible=3386; ineligible=0; picked=50; max_per_module=1; blocked_by_module_cap=266; relaxed=False; relax_passes=0; ctx_mode=off; ctx_gate=hard; ctx_swap=False; ctx_sig=b6db28ceda2d; ctx_hit_terms=0	3386	3386	0	50	266	False	0	1	0	deterministic		proxy_context_v2: u=0.105 p_fail=0.050 p_warn=0.200 key=['condition', 'tissue', 'perturbation', 'comparison'] ctx_sig=b6db28ceda2d	proxy	BRCA|tumor|genotype|TP53_mut_vs_TP53_wt	module_weight	0.0	0.0	EMPTY_WEIGHTS	0	v2	brca;tumor;genotype;tp53;mut	5	0.10496696592493637	0.10496696592493637	BRCA|tumor|genotype|TP53_mut_vs_TP53_wt	BRCA|tumor|genotype|TP53_mut_vs_TP53_wt			'8692;5879;4921;9219;673	'fgsea_msigdb_C5_GO_BP_entrez:GOBP_REGULATION_OF_FIBROBLAST_MIGRATION	True
c_a3173081ddf7	GOBP_REGULATION_OF_PRESYNAPSE_ORGANIZATION	up	condition,tissue,perturbation,comparison	fgsea_msigdb_C5_GO_BP_entrez:GOBP_REGULATION_OF_PRESYNAPSE_ORGANIZATION	fgsea_msigdb_C5_GO_BP_entrez	GOBP_REGULATION_OF_PRESYNAPSE_ORGANIZATION	GOBP_REGULATION_OF_PRESYNAPSE_ORGANIZATION	Mdacc94e174a2	False		9378	9378	9378	1	1	fgsea_msigdb_C5_GO_BP_entrez:GOBP_REGULATION_OF_PRESYNAPSE_ORGANIZATION	3cb864a9e329	0.035139598880938205	False	FAIL	none	0.035139598880938205	PROXY_U01_LOW_FAIL		False	0	-1		b6db28ceda2d	False	hard	False	True	False	1.0	True	ok	"{""claim_id"":""c_a3173081ddf7"",""entity"":""GOBP_REGULATION_OF_PRESYNAPSE_ORGANIZATION"",""direction"":""up"",""context_keys"":[""condition"",""tissue"",""perturbation"",""comparison""],""context_evaluated"":false,""context_method"":""none"",""context_status"":null,""context_reason"":null,""context_notes"":null,""evidence_ref"":{""module_id"":""Mdacc94e174a2"",""gene_ids"":[""9378""],""term_ids"":[""fgsea_msigdb_C5_GO_BP_entrez:GOBP_REGULATION_OF_PRESYNAPSE_ORGANIZATION""],""gene_set_hash"":""3cb864a9e329"",""gene_set_hash_source"":""input"",""term_ids_has_raw"":false}}"	False	0.0	off	default	ranked=3386; eligible=3386; ineligible=0; picked=50; max_per_module=1; blocked_by_module_cap=266; relaxed=False; relax_passes=0; ctx_mode=off; ctx_gate=hard; ctx_swap=False; ctx_sig=b6db28ceda2d; ctx_hit_terms=0	3386	3386	0	50	266	False	0	1	0	deterministic		proxy_context_v2: u=0.035 p_fail=0.050 p_warn=0.200 key=['condition', 'tissue', 'perturbation', 'comparison'] ctx_sig=b6db28ceda2d	proxy	BRCA|tumor|genotype|TP53_mut_vs_TP53_wt	module_weight	0.0	0.0	EMPTY_WEIGHTS	0	v2	brca;tumor;genotype;tp53;mut	5	0.035139598880938205	0.035139598880938205	BRCA|tumor|genotype|TP53_mut_vs_TP53_wt	BRCA|tumor|genotype|TP53_mut_vs_TP53_wt			'9378	'fgsea_msigdb_C5_GO_BP_entrez:GOBP_REGULATION_OF_PRESYNAPSE_ORGANIZATION	True
c_01b83826b53c	GOBP_INTRA_GOLGI_VESICLE_MEDIATED_TRANSPORT	up	condition,tissue,perturbation,comparison	fgsea_msigdb_C5_GO_BP_entrez:GOBP_INTRA_GOLGI_VESICLE_MEDIATED_TRANSPORT	fgsea_msigdb_C5_GO_BP_entrez	GOBP_INTRA_GOLGI_VESICLE_MEDIATED_TRANSPORT	GOBP_INTRA_GOLGI_VESICLE_MEDIATED_TRANSPORT	Mcb7485542e8d	False		9570,11345,7109,9382,10466	9570,11345,7109,9382,10466	9570,11345,7109,9382,10466	5	5	fgsea_msigdb_C5_GO_BP_entrez:GOBP_INTRA_GOLGI_VESICLE_MEDIATED_TRANSPORT	117d29726e40	0.05629905649233313	False	ABSTAIN	none	0.05629905649233313	PROXY_U01_LOW_ABSTAIN		False	0	-1		b6db28ceda2d	False	hard	False	True	False	1.0	True	ok	"{""claim_id"":""c_01b83826b53c"",""entity"":""GOBP_INTRA_GOLGI_VESICLE_MEDIATED_TRANSPORT"",""direction"":""up"",""context_keys"":[""condition"",""tissue"",""perturbation"",""comparison""],""context_evaluated"":false,""context_method"":""none"",""context_status"":null,""context_reason"":null,""context_notes"":null,""evidence_ref"":{""module_id"":""Mcb7485542e8d"",""gene_ids"":[""9570"",""11345"",""7109"",""9382"",""10466""],""term_ids"":[""fgsea_msigdb_C5_GO_BP_entrez:GOBP_INTRA_GOLGI_VESICLE_MEDIATED_TRANSPORT""],""gene_set_hash"":""117d29726e40"",""gene_set_hash_source"":""input"",""term_ids_has_raw"":false}}"	False	0.0	off	default	ranked=3386; eligible=3386; ineligible=0; picked=50; max_per_module=1; blocked_by_module_cap=266; relaxed=False; relax_passes=0; ctx_mode=off; ctx_gate=hard; ctx_swap=False; ctx_sig=b6db28ceda2d; ctx_hit_terms=0	3386	3386	0	50	266	False	0	1	0	deterministic		proxy_context_v2: u=0.056 p_fail=0.050 p_warn=0.200 key=['condition', 'tissue', 'perturbation', 'comparison'] ctx_sig=b6db28ceda2d	proxy	BRCA|tumor|genotype|TP53_mut_vs_TP53_wt	module_weight	0.0	0.0	EMPTY_WEIGHTS	0	v2	brca;tumor;genotype;tp53;mut	5	0.05629905649233313	0.05629905649233313	BRCA|tumor|genotype|TP53_mut_vs_TP53_wt	BRCA|tumor|genotype|TP53_mut_vs_TP53_wt			'9570;11345;7109;9382;10466	'fgsea_msigdb_C5_GO_BP_entrez:GOBP_INTRA_GOLGI_VESICLE_MEDIATED_TRANSPORT	True
c_926fce9b5706	GOBP_IMPORT_INTO_THE_MITOCHONDRION	down	condition,tissue,perturbation,comparison	fgsea_msigdb_C5_GO_BP_entrez:GOBP_IMPORT_INTO_THE_MITOCHONDRION	fgsea_msigdb_C5_GO_BP_entrez	GOBP_IMPORT_INTO_THE_MITOCHONDRION	GOBP_IMPORT_INTO_THE_MITOCHONDRION	Mec4809b565a0	False		10939	10939	10939	1	1	fgsea_msigdb_C5_GO_BP_entrez:GOBP_IMPORT_INTO_THE_MITOCHONDRION	669e3abc4db0	0.08461131386620302	False	ABSTAIN	none	0.08461131386620302	PROXY_U01_LOW_ABSTAIN		False	0	-1		b6db28ceda2d	False	hard	False	True	False	1.0	True	ok	"{""claim_id"":""c_926fce9b5706"",""entity"":""GOBP_IMPORT_INTO_THE_MITOCHONDRION"",""direction"":""down"",""context_keys"":[""condition"",""tissue"",""perturbation"",""comparison""],""context_evaluated"":false,""context_method"":""none"",""context_status"":null,""context_reason"":null,""context_notes"":null,""evidence_ref"":{""module_id"":""Mec4809b565a0"",""gene_ids"":[""10939""],""term_ids"":[""fgsea_msigdb_C5_GO_BP_entrez:GOBP_IMPORT_INTO_THE_MITOCHONDRION""],""gene_set_hash"":""669e3abc4db0"",""gene_set_hash_source"":""input"",""term_ids_has_raw"":false}}"	False	0.0	off	default	ranked=3386; eligible=3386; ineligible=0; picked=50; max_per_module=1; blocked_by_module_cap=266; relaxed=False; relax_passes=0; ctx_mode=off; ctx_gate=hard; ctx_swap=False; ctx_sig=b6db28ceda2d; ctx_hit_terms=0	3386	3386	0	50	266	False	0	1	0	deterministic		proxy_context_v2: u=0.085 p_fail=0.050 p_warn=0.200 key=['condition', 'tissue', 'perturbation', 'comparison'] ctx_sig=b6db28ceda2d	proxy	BRCA|tumor|genotype|TP53_mut_vs_TP53_wt	module_weight	0.0	0.0	EMPTY_WEIGHTS	0	v2	brca;tumor;genotype;tp53;mut	5	0.08461131386620302	0.08461131386620302	BRCA|tumor|genotype|TP53_mut_vs_TP53_wt	BRCA|tumor|genotype|TP53_mut_vs_TP53_wt			'10939	'fgsea_msigdb_C5_GO_BP_entrez:GOBP_IMPORT_INTO_THE_MITOCHONDRION	True
c_3f8128338f89	GOBP_FOLIC_ACID_CONTAINING_COMPOUND_METABOLIC_PROCESS	down	condition,tissue,perturbation,comparison	fgsea_msigdb_C5_GO_BP_entrez:GOBP_FOLIC_ACID_CONTAINING_COMPOUND_METABOLIC_PROCESS	fgsea_msigdb_C5_GO_BP_entrez	GOBP_FOLIC_ACID_CONTAINING_COMPOUND_METABOLIC_PROCESS	GOBP_FOLIC_ACID_CONTAINING_COMPOUND_METABOLIC_PROCESS	M21c673224e78	False		4522	4522	4522	1	1	fgsea_msigdb_C5_GO_BP_entrez:GOBP_FOLIC_ACID_CONTAINING_COMPOUND_METABOLIC_PROCESS	8b833ace33df	0.042604851648894604	False	FAIL	none	0.042604851648894604	PROXY_U01_LOW_FAIL		False	0	-1		b6db28ceda2d	False	hard	False	True	False	1.0	True	ok	"{""claim_id"":""c_3f8128338f89"",""entity"":""GOBP_FOLIC_ACID_CONTAINING_COMPOUND_METABOLIC_PROCESS"",""direction"":""down"",""context_keys"":[""condition"",""tissue"",""perturbation"",""comparison""],""context_evaluated"":false,""context_method"":""none"",""context_status"":null,""context_reason"":null,""context_notes"":null,""evidence_ref"":{""module_id"":""M21c673224e78"",""gene_ids"":[""4522""],""term_ids"":[""fgsea_msigdb_C5_GO_BP_entrez:GOBP_FOLIC_ACID_CONTAINING_COMPOUND_METABOLIC_PROCESS""],""gene_set_hash"":""8b833ace33df"",""gene_set_hash_source"":""input"",""term_ids_has_raw"":false}}"	False	0.0	off	default	ranked=3386; eligible=3386; ineligible=0; picked=50; max_per_module=1; blocked_by_module_cap=266; relaxed=False; relax_passes=0; ctx_mode=off; ctx_gate=hard; ctx_swap=False; ctx_sig=b6db28ceda2d; ctx_hit_terms=0	3386	3386	0	50	266	False	0	1	0	deterministic		proxy_context_v2: u=0.043 p_fail=0.050 p_warn=0.200 key=['condition', 'tissue', 'perturbation', 'comparison'] ctx_sig=b6db28ceda2d	proxy	BRCA|tumor|genotype|TP53_mut_vs_TP53_wt	module_weight	0.0	0.0	EMPTY_WEIGHTS	0	v2	brca;tumor;genotype;tp53;mut	5	0.042604851648894604	0.042604851648894604	BRCA|tumor|genotype|TP53_mut_vs_TP53_wt	BRCA|tumor|genotype|TP53_mut_vs_TP53_wt			'4522	'fgsea_msigdb_C5_GO_BP_entrez:GOBP_FOLIC_ACID_CONTAINING_COMPOUND_METABOLIC_PROCESS	True
c_70fb0013abbe	GOBP_CELLULAR_RESPONSE_TO_CADMIUM_ION	down	condition,tissue,perturbation,comparison	fgsea_msigdb_C5_GO_BP_entrez:GOBP_CELLULAR_RESPONSE_TO_CADMIUM_ION	fgsea_msigdb_C5_GO_BP_entrez	GOBP_CELLULAR_RESPONSE_TO_CADMIUM_ION	GOBP_CELLULAR_RESPONSE_TO_CADMIUM_ION	Md9d2eaa1ad64	False		6556,1536,3162,4495,4493	6556,1536,3162,4495,4493	6556,1536,3162,4495,4493	5	5	fgsea_msigdb_C5_GO_BP_entrez:GOBP_CELLULAR_RESPONSE_TO_CADMIUM_ION	ef878f4557fc	0.9527028881750532	False	PASS	none	0.9527028881750532	PROXY_U01_OK		False	0	-1		b6db28ceda2d	False	hard	False	True	True	1.0	True	ok	"{""claim_id"":""c_70fb0013abbe"",""entity"":""GOBP_CELLULAR_RESPONSE_TO_CADMIUM_ION"",""direction"":""down"",""context_keys"":[""condition"",""tissue"",""perturbation"",""comparison""],""context_evaluated"":false,""context_method"":""none"",""context_status"":null,""context_reason"":null,""context_notes"":null,""evidence_ref"":{""module_id"":""Md9d2eaa1ad64"",""gene_ids"":[""6556"",""1536"",""3162"",""4495"",""4493""],""term_ids"":[""fgsea_msigdb_C5_GO_BP_entrez:GOBP_CELLULAR_RESPONSE_TO_CADMIUM_ION""],""gene_set_hash"":""ef878f4557fc"",""gene_set_hash_source"":""input"",""term_ids_has_raw"":false}}"	False	0.0	off	default	ranked=3386; eligible=3386; ineligible=0; picked=50; max_per_module=1; blocked_by_module_cap=266; relaxed=False; relax_passes=0; ctx_mode=off; ctx_gate=hard; ctx_swap=False; ctx_sig=b6db28ceda2d; ctx_hit_terms=0	3386	3386	0	50	266	False	0	1	0	deterministic		proxy_context_v2: u=0.953 p_fail=0.050 p_warn=0.200 key=['condition', 'tissue', 'perturbation', 'comparison'] ctx_sig=b6db28ceda2d	proxy	BRCA|tumor|genotype|TP53_mut_vs_TP53_wt	module_weight	0.0	0.0	EMPTY_WEIGHTS	0	v2	brca;tumor;genotype;tp53;mut	5	0.9527028881750532	0.9527028881750532	BRCA|tumor|genotype|TP53_mut_vs_TP53_wt	BRCA|tumor|genotype|TP53_mut_vs_TP53_wt			'6556;1536;3162;4495;4493	'fgsea_msigdb_C5_GO_BP_entrez:GOBP_CELLULAR_RESPONSE_TO_CADMIUM_ION	False
c_f68743a02ed0	GOBP_CIRCADIAN_SLEEP_WAKE_CYCLE	down	condition,tissue,perturbation,comparison	fgsea_msigdb_C5_GO_BP_entrez:GOBP_CIRCADIAN_SLEEP_WAKE_CYCLE	fgsea_msigdb_C5_GO_BP_entrez	GOBP_CIRCADIAN_SLEEP_WAKE_CYCLE	GOBP_CIRCADIAN_SLEEP_WAKE_CYCLE	M23c85da22b2a	False		5350,1813,135	5350,1813,135	5350,1813,135	3	3	fgsea_msigdb_C5_GO_BP_entrez:GOBP_CIRCADIAN_SLEEP_WAKE_CYCLE	6288c61a1e21	0.7995181859753424	False	PASS	none	0.7995181859753424	PROXY_U01_OK		False	0	-1		b6db28ceda2d	False	hard	False	True	True	1.0	True	ok	"{""claim_id"":""c_f68743a02ed0"",""entity"":""GOBP_CIRCADIAN_SLEEP_WAKE_CYCLE"",""direction"":""down"",""context_keys"":[""condition"",""tissue"",""perturbation"",""comparison""],""context_evaluated"":false,""context_method"":""none"",""context_status"":null,""context_reason"":null,""context_notes"":null,""evidence_ref"":{""module_id"":""M23c85da22b2a"",""gene_ids"":[""5350"",""1813"",""135""],""term_ids"":[""fgsea_msigdb_C5_GO_BP_entrez:GOBP_CIRCADIAN_SLEEP_WAKE_CYCLE""],""gene_set_hash"":""6288c61a1e21"",""gene_set_hash_source"":""input"",""term_ids_has_raw"":false}}"	False	0.0	off	default	ranked=3386; eligible=3386; ineligible=0; picked=50; max_per_module=1; blocked_by_module_cap=266; relaxed=False; relax_passes=0; ctx_mode=off; ctx_gate=hard; ctx_swap=False; ctx_sig=b6db28ceda2d; ctx_hit_terms=0	3386	3386	0	50	266	False	0	1	0	deterministic		proxy_context_v2: u=0.800 p_fail=0.050 p_warn=0.200 key=['condition', 'tissue', 'perturbation', 'comparison'] ctx_sig=b6db28ceda2d	proxy	BRCA|tumor|genotype|TP53_mut_vs_TP53_wt	module_weight	0.0	0.0	EMPTY_WEIGHTS	0	v2	brca;tumor;genotype;tp53;mut	5	0.7995181859753424	0.7995181859753424	BRCA|tumor|genotype|TP53_mut_vs_TP53_wt	BRCA|tumor|genotype|TP53_mut_vs_TP53_wt			'5350;1813;135	'fgsea_msigdb_C5_GO_BP_entrez:GOBP_CIRCADIAN_SLEEP_WAKE_CYCLE	False
c_61b640a569b5	GOBP_POSITIVE_REGULATION_OF_VIRAL_LIFE_CYCLE	down	condition,tissue,perturbation,comparison	fgsea_msigdb_C5_GO_BP_entrez:GOBP_POSITIVE_REGULATION_OF_VIRAL_LIFE_CYCLE	fgsea_msigdb_C5_GO_BP_entrez	GOBP_POSITIVE_REGULATION_OF_VIRAL_LIFE_CYCLE	GOBP_POSITIVE_REGULATION_OF_VIRAL_LIFE_CYCLE	M3f171ead58e1	False		682	682	682	1	1	fgsea_msigdb_C5_GO_BP_entrez:GOBP_POSITIVE_REGULATION_OF_VIRAL_LIFE_CYCLE	ec1c7d93ba05	0.3215465863078948	False	PASS	none	0.3215465863078948	PROXY_U01_OK		False	0	-1		b6db28ceda2d	False	hard	False	True	True	1.0	True	ok	"{""claim_id"":""c_61b640a569b5"",""entity"":""GOBP_POSITIVE_REGULATION_OF_VIRAL_LIFE_CYCLE"",""direction"":""down"",""context_keys"":[""condition"",""tissue"",""perturbation"",""comparison""],""context_evaluated"":false,""context_method"":""none"",""context_status"":null,""context_reason"":null,""context_notes"":null,""evidence_ref"":{""module_id"":""M3f171ead58e1"",""gene_ids"":[""682""],""term_ids"":[""fgsea_msigdb_C5_GO_BP_entrez:GOBP_POSITIVE_REGULATION_OF_VIRAL_LIFE_CYCLE""],""gene_set_hash"":""ec1c7d93ba05"",""gene_set_hash_source"":""input"",""term_ids_has_raw"":false}}"	False	0.0	off	default	ranked=3386; eligible=3386; ineligible=0; picked=50; max_per_module=1; blocked_by_module_cap=266; relaxed=False; relax_passes=0; ctx_mode=off; ctx_gate=hard; ctx_swap=False; ctx_sig=b6db28ceda2d; ctx_hit_terms=0	3386	3386	0	50	266	False	0	1	0	deterministic		proxy_context_v2: u=0.322 p_fail=0.050 p_warn=0.200 key=['condition', 'tissue', 'perturbation', 'comparison'] ctx_sig=b6db28ceda2d	proxy	BRCA|tumor|genotype|TP53_mut_vs_TP53_wt	module_weight	0.0	0.0	EMPTY_WEIGHTS	0	v2	brca;tumor;genotype;tp53;mut	5	0.3215465863078948	0.3215465863078948	BRCA|tumor|genotype|TP53_mut_vs_TP53_wt	BRCA|tumor|genotype|TP53_mut_vs_TP53_wt			'682	'fgsea_msigdb_C5_GO_BP_entrez:GOBP_POSITIVE_REGULATION_OF_VIRAL_LIFE_CYCLE	False
c_6c9bcdde9896	GOBP_POSITIVE_REGULATION_OF_PROTEIN_DEPOLYMERIZATION	down	condition,tissue,perturbation,comparison	fgsea_msigdb_C5_GO_BP_entrez:GOBP_POSITIVE_REGULATION_OF_PROTEIN_DEPOLYMERIZATION	fgsea_msigdb_C5_GO_BP_entrez	GOBP_POSITIVE_REGULATION_OF_PROTEIN_DEPOLYMERIZATION	GOBP_POSITIVE_REGULATION_OF_PROTEIN_DEPOLYMERIZATION	Md2f063c0ca35	False		10300	10300	10300	1	1	fgsea_msigdb_C5_GO_BP_entrez:GOBP_POSITIVE_REGULATION_OF_PROTEIN_DEPOLYMERIZATION	ba9b89b41da2	0.3280584497954373	False	PASS	none	0.3280584497954373	PROXY_U01_OK		False	0	-1		b6db28ceda2d	False	hard	False	True	True	1.0	True	ok	"{""claim_id"":""c_6c9bcdde9896"",""entity"":""GOBP_POSITIVE_REGULATION_OF_PROTEIN_DEPOLYMERIZATION"",""direction"":""down"",""context_keys"":[""condition"",""tissue"",""perturbation"",""comparison""],""context_evaluated"":false,""context_method"":""none"",""context_status"":null,""context_reason"":null,""context_notes"":null,""evidence_ref"":{""module_id"":""Md2f063c0ca35"",""gene_ids"":[""10300""],""term_ids"":[""fgsea_msigdb_C5_GO_BP_entrez:GOBP_POSITIVE_REGULATION_OF_PROTEIN_DEPOLYMERIZATION""],""gene_set_hash"":""ba9b89b41da2"",""gene_set_hash_source"":""input"",""term_ids_has_raw"":false}}"	False	0.0	off	default	ranked=3386; eligible=3386; ineligible=0; picked=50; max_per_module=1; blocked_by_module_cap=266; relaxed=False; relax_passes=0; ctx_mode=off; ctx_gate=hard; ctx_swap=False; ctx_sig=b6db28ceda2d; ctx_hit_terms=0	3386	3386	0	50	266	False	0	1	0	deterministic		proxy_context_v2: u=0.328 p_fail=0.050 p_warn=0.200 key=['condition', 'tissue', 'perturbation', 'comparison'] ctx_sig=b6db28ceda2d	proxy	BRCA|tumor|genotype|TP53_mut_vs_TP53_wt	module_weight	0.0	0.0	EMPTY_WEIGHTS	0	v2	brca;tumor;genotype;tp53;mut	5	0.3280584497954373	0.3280584497954373	BRCA|tumor|genotype|TP53_mut_vs_TP53_wt	BRCA|tumor|genotype|TP53_mut_vs_TP53_wt			'10300	'fgsea_msigdb_C5_GO_BP_entrez:GOBP_POSITIVE_REGULATION_OF_PROTEIN_DEPOLYMERIZATION	False
c_419279820ab4	GOBP_MATURATION_OF_SSU_RRNA	down	condition,tissue,perturbation,comparison	fgsea_msigdb_C5_GO_BP_entrez:GOBP_MATURATION_OF_SSU_RRNA	fgsea_msigdb_C5_GO_BP_entrez	GOBP_MATURATION_OF_SSU_RRNA	GOBP_MATURATION_OF_SSU_RRNA	M590da2dea199	False		8780	8780	8780	1	1	fgsea_msigdb_C5_GO_BP_entrez:GOBP_MATURATION_OF_SSU_RRNA	b76251f64f49	0.5387982724092233	False	PASS	none	0.5387982724092233	PROXY_U01_OK		False	0	-1		b6db28ceda2d	False	hard	False	True	True	1.0	True	ok	"{""claim_id"":""c_419279820ab4"",""entity"":""GOBP_MATURATION_OF_SSU_RRNA"",""direction"":""down"",""context_keys"":[""condition"",""tissue"",""perturbation"",""comparison""],""context_evaluated"":false,""context_method"":""none"",""context_status"":null,""context_reason"":null,""context_notes"":null,""evidence_ref"":{""module_id"":""M590da2dea199"",""gene_ids"":[""8780""],""term_ids"":[""fgsea_msigdb_C5_GO_BP_entrez:GOBP_MATURATION_OF_SSU_RRNA""],""gene_set_hash"":""b76251f64f49"",""gene_set_hash_source"":""input"",""term_ids_has_raw"":false}}"	False	0.0	off	default	ranked=3386; eligible=3386; ineligible=0; picked=50; max_per_module=1; blocked_by_module_cap=266; relaxed=False; relax_passes=0; ctx_mode=off; ctx_gate=hard; ctx_swap=False; ctx_sig=b6db28ceda2d; ctx_hit_terms=0	3386	3386	0	50	266	False	0	1	0	deterministic		proxy_context_v2: u=0.539 p_fail=0.050 p_warn=0.200 key=['condition', 'tissue', 'perturbation', 'comparison'] ctx_sig=b6db28ceda2d	proxy	BRCA|tumor|genotype|TP53_mut_vs_TP53_wt	module_weight	0.0	0.0	EMPTY_WEIGHTS	0	v2	brca;tumor;genotype;tp53;mut	5	0.5387982724092233	0.5387982724092233	BRCA|tumor|genotype|TP53_mut_vs_TP53_wt	BRCA|tumor|genotype|TP53_mut_vs_TP53_wt			'8780	'fgsea_msigdb_C5_GO_BP_entrez:GOBP_MATURATION_OF_SSU_RRNA	False
c_5823438aa658	GOBP_CEREBELLAR_PURKINJE_CELL_LAYER_DEVELOPMENT	down	condition,tissue,perturbation,comparison	fgsea_msigdb_C5_GO_BP_entrez:GOBP_CEREBELLAR_PURKINJE_CELL_LAYER_DEVELOPMENT	fgsea_msigdb_C5_GO_BP_entrez	GOBP_CEREBELLAR_PURKINJE_CELL_LAYER_DEVELOPMENT	GOBP_CEREBELLAR_PURKINJE_CELL_LAYER_DEVELOPMENT	Ma96c45e4a47e	False		6095,4669,473,372,8925	6095,4669,473,372,8925	6095,4669,473,372,8925	5	5	fgsea_msigdb_C5_GO_BP_entrez:GOBP_CEREBELLAR_PURKINJE_CELL_LAYER_DEVELOPMENT	6cbdeffd897d	0.7436162005452145	False	PASS	none	0.7436162005452145	PROXY_U01_OK		False	0	-1		b6db28ceda2d	False	hard	False	True	True	1.0	True	ok	"{""claim_id"":""c_5823438aa658"",""entity"":""GOBP_CEREBELLAR_PURKINJE_CELL_LAYER_DEVELOPMENT"",""direction"":""down"",""context_keys"":[""condition"",""tissue"",""perturbation"",""comparison""],""context_evaluated"":false,""context_method"":""none"",""context_status"":null,""context_reason"":null,""context_notes"":null,""evidence_ref"":{""module_id"":""Ma96c45e4a47e"",""gene_ids"":[""6095"",""4669"",""473"",""372"",""8925""],""term_ids"":[""fgsea_msigdb_C5_GO_BP_entrez:GOBP_CEREBELLAR_PURKINJE_CELL_LAYER_DEVELOPMENT""],""gene_set_hash"":""6cbdeffd897d"",""gene_set_hash_source"":""input"",""term_ids_has_raw"":false}}"	False	0.0	off	default	ranked=3386; eligible=3386; ineligible=0; picked=50; max_per_module=1; blocked_by_module_cap=266; relaxed=False; relax_passes=0; ctx_mode=off; ctx_gate=hard; ctx_swap=False; ctx_sig=b6db28ceda2d; ctx_hit_terms=0	3386	3386	0	50	266	False	0	1	0	deterministic		proxy_context_v2: u=0.744 p_fail=0.050 p_warn=0.200 key=['condition', 'tissue', 'perturbation', 'comparison'] ctx_sig=b6db28ceda2d	proxy	BRCA|tumor|genotype|TP53_mut_vs_TP53_wt	module_weight	0.0	0.0	EMPTY_WEIGHTS	0	v2	brca;tumor;genotype;tp53;mut	5	0.7436162005452145	0.7436162005452145	BRCA|tumor|genotype|TP53_mut_vs_TP53_wt	BRCA|tumor|genotype|TP53_mut_vs_TP53_wt			'6095;4669;473;372;8925	'fgsea_msigdb_C5_GO_BP_entrez:GOBP_CEREBELLAR_PURKINJE_CELL_LAYER_DEVELOPMENT	False
c_bf6bbb643a85	GOBP_PROTEIN_DNA_COMPLEX_DISASSEMBLY	down	condition,tissue,perturbation,comparison	fgsea_msigdb_C5_GO_BP_entrez:GOBP_PROTEIN_DNA_COMPLEX_DISASSEMBLY	fgsea_msigdb_C5_GO_BP_entrez	GOBP_PROTEIN_DNA_COMPLEX_DISASSEMBLY	GOBP_PROTEIN_DNA_COMPLEX_DISASSEMBLY	Md93256dc97a5	False		6749	6749	6749	1	1	fgsea_msigdb_C5_GO_BP_entrez:GOBP_PROTEIN_DNA_COMPLEX_DISASSEMBLY	165fcea41c5e	0.3766559680981987	False	PASS	none	0.3766559680981987	PROXY_U01_OK		False	0	-1		b6db28ceda2d	False	hard	False	True	True	1.0	True	ok	"{""claim_id"":""c_bf6bbb643a85"",""entity"":""GOBP_PROTEIN_DNA_COMPLEX_DISASSEMBLY"",""direction"":""down"",""context_keys"":[""condition"",""tissue"",""perturbation"",""comparison""],""context_evaluated"":false,""context_method"":""none"",""context_status"":null,""context_reason"":null,""context_notes"":null,""evidence_ref"":{""module_id"":""Md93256dc97a5"",""gene_ids"":[""6749""],""term_ids"":[""fgsea_msigdb_C5_GO_BP_entrez:GOBP_PROTEIN_DNA_COMPLEX_DISASSEMBLY""],""gene_set_hash"":""165fcea41c5e"",""gene_set_hash_source"":""input"",""term_ids_has_raw"":false}}"	False	0.0	off	default	ranked=3386; eligible=3386; ineligible=0; picked=50; max_per_module=1; blocked_by_module_cap=266; relaxed=False; relax_passes=0; ctx_mode=off; ctx_gate=hard; ctx_swap=False; ctx_sig=b6db28ceda2d; ctx_hit_terms=0	3386	3386	0	50	266	False	0	1	0	deterministic		proxy_context_v2: u=0.377 p_fail=0.050 p_warn=0.200 key=['condition', 'tissue', 'perturbation', 'comparison'] ctx_sig=b6db28ceda2d	proxy	BRCA|tumor|genotype|TP53_mut_vs_TP53_wt	module_weight	0.0	0.0	EMPTY_WEIGHTS	0	v2	brca;tumor;genotype;tp53;mut	5	0.3766559680981987	0.3766559680981987	BRCA|tumor|genotype|TP53_mut_vs_TP53_wt	BRCA|tumor|genotype|TP53_mut_vs_TP53_wt			'6749	'fgsea_msigdb_C5_GO_BP_entrez:GOBP_PROTEIN_DNA_COMPLEX_DISASSEMBLY	False
c_9f2f07d8470c	GOBP_REGULATION_OF_VIRAL_ENTRY_INTO_HOST_CELL	down	condition,tissue,perturbation,comparison	fgsea_msigdb_C5_GO_BP_entrez:GOBP_REGULATION_OF_VIRAL_ENTRY_INTO_HOST_CELL	fgsea_msigdb_C5_GO_BP_entrez	GOBP_REGULATION_OF_VIRAL_ENTRY_INTO_HOST_CELL	GOBP_REGULATION_OF_VIRAL_ENTRY_INTO_HOST_CELL	Mdb3c37159b1c	False		682	682	682	1	1	fgsea_msigdb_C5_GO_BP_entrez:GOBP_REGULATION_OF_VIRAL_ENTRY_INTO_HOST_CELL	ec1c7d93ba05	0.4939639495021044	False	PASS	none	0.4939639495021044	PROXY_U01_OK		False	0	-1		b6db28ceda2d	False	hard	False	True	True	1.0	True	ok	"{""claim_id"":""c_9f2f07d8470c"",""entity"":""GOBP_REGULATION_OF_VIRAL_ENTRY_INTO_HOST_CELL"",""direction"":""down"",""context_keys"":[""condition"",""tissue"",""perturbation"",""comparison""],""context_evaluated"":false,""context_method"":""none"",""context_status"":null,""context_reason"":null,""context_notes"":null,""evidence_ref"":{""module_id"":""Mdb3c37159b1c"",""gene_ids"":[""682""],""term_ids"":[""fgsea_msigdb_C5_GO_BP_entrez:GOBP_REGULATION_OF_VIRAL_ENTRY_INTO_HOST_CELL""],""gene_set_hash"":""ec1c7d93ba05"",""gene_set_hash_source"":""input"",""term_ids_has_raw"":false}}"	False	0.0	off	default	ranked=3386; eligible=3386; ineligible=0; picked=50; max_per_module=1; blocked_by_module_cap=266; relaxed=False; relax_passes=0; ctx_mode=off; ctx_gate=hard; ctx_swap=False; ctx_sig=b6db28ceda2d; ctx_hit_terms=0	3386	3386	0	50	266	False	0	1	0	deterministic		proxy_context_v2: u=0.494 p_fail=0.050 p_warn=0.200 key=['condition', 'tissue', 'perturbation', 'comparison'] ctx_sig=b6db28ceda2d	proxy	BRCA|tumor|genotype|TP53_mut_vs_TP53_wt	module_weight	0.0	0.0	EMPTY_WEIGHTS	0	v2	brca;tumor;genotype;tp53;mut	5	0.4939639495021044	0.4939639495021044	BRCA|tumor|genotype|TP53_mut_vs_TP53_wt	BRCA|tumor|genotype|TP53_mut_vs_TP53_wt			'682	'fgsea_msigdb_C5_GO_BP_entrez:GOBP_REGULATION_OF_VIRAL_ENTRY_INTO_HOST_CELL	False
c_88243342ca08	GOBP_MITOCHONDRIAL_RNA_METABOLIC_PROCESS	down	condition,tissue,perturbation,comparison	fgsea_msigdb_C5_GO_BP_entrez:GOBP_MITOCHONDRIAL_RNA_METABOLIC_PROCESS	fgsea_msigdb_C5_GO_BP_entrez	GOBP_MITOCHONDRIAL_RNA_METABOLIC_PROCESS	GOBP_MITOCHONDRIAL_RNA_METABOLIC_PROCESS	M706f29c5af4e	False		2309,7978,10352,708,3028	2309,7978,10352,708,3028	2309,7978,10352,708,3028	5	5	fgsea_msigdb_C5_GO_BP_entrez:GOBP_MITOCHONDRIAL_RNA_METABOLIC_PROCESS	e3b3d7d1e940	0.3900889733249675	False	PASS	none	0.3900889733249675	PROXY_U01_OK		False	0	-1		b6db28ceda2d	False	hard	False	True	True	1.0	True	ok	"{""claim_id"":""c_88243342ca08"",""entity"":""GOBP_MITOCHONDRIAL_RNA_METABOLIC_PROCESS"",""direction"":""down"",""context_keys"":[""condition"",""tissue"",""perturbation"",""comparison""],""context_evaluated"":false,""context_method"":""none"",""context_status"":null,""context_reason"":null,""context_notes"":null,""evidence_ref"":{""module_id"":""M706f29c5af4e"",""gene_ids"":[""2309"",""7978"",""10352"",""708"",""3028""],""term_ids"":[""fgsea_msigdb_C5_GO_BP_entrez:GOBP_MITOCHONDRIAL_RNA_METABOLIC_PROCESS""],""gene_set_hash"":""e3b3d7d1e940"",""gene_set_hash_source"":""input"",""term_ids_has_raw"":false}}"	False	0.0	off	default	ranked=3386; eligible=3386; ineligible=0; picked=50; max_per_module=1; blocked_by_module_cap=266; relaxed=False; relax_passes=0; ctx_mode=off; ctx_gate=hard; ctx_swap=False; ctx_sig=b6db28ceda2d; ctx_hit_terms=0	3386	3386	0	50	266	False	0	1	0	deterministic		proxy_context_v2: u=0.390 p_fail=0.050 p_warn=0.200 key=['condition', 'tissue', 'perturbation', 'comparison'] ctx_sig=b6db28ceda2d	proxy	BRCA|tumor|genotype|TP53_mut_vs_TP53_wt	module_weight	0.0	0.0	EMPTY_WEIGHTS	0	v2	brca;tumor;genotype;tp53;mut	5	0.3900889733249675	0.3900889733249675	BRCA|tumor|genotype|TP53_mut_vs_TP53_wt	BRCA|tumor|genotype|TP53_mut_vs_TP53_wt			'2309;7978;10352;708;3028	'fgsea_msigdb_C5_GO_BP_entrez:GOBP_MITOCHONDRIAL_RNA_METABOLIC_PROCESS	False
c_e10c041e3fc6	GOBP_FERROPTOSIS	down	condition,tissue,perturbation,comparison	fgsea_msigdb_C5_GO_BP_entrez:GOBP_FERROPTOSIS	fgsea_msigdb_C5_GO_BP_entrez	GOBP_FERROPTOSIS	GOBP_FERROPTOSIS	Md67bf18f459a	False		1728,2879,3162	1728,2879,3162	1728,2879,3162	3	3	fgsea_msigdb_C5_GO_BP_entrez:GOBP_FERROPTOSIS	a08ce0a296a0	0.9706767799179192	False	PASS	none	0.9706767799179192	PROXY_U01_OK		False	0	-1		b6db28ceda2d	False	hard	False	True	True	1.0	True	ok	"{""claim_id"":""c_e10c041e3fc6"",""entity"":""GOBP_FERROPTOSIS"",""direction"":""down"",""context_keys"":[""condition"",""tissue"",""perturbation"",""comparison""],""context_evaluated"":false,""context_method"":""none"",""context_status"":null,""context_reason"":null,""context_notes"":null,""evidence_ref"":{""module_id"":""Md67bf18f459a"",""gene_ids"":[""1728"",""2879"",""3162""],""term_ids"":[""fgsea_msigdb_C5_GO_BP_entrez:GOBP_FERROPTOSIS""],""gene_set_hash"":""a08ce0a296a0"",""gene_set_hash_source"":""input"",""term_ids_has_raw"":false}}"	False	0.0	off	default	ranked=3386; eligible=3386; ineligible=0; picked=50; max_per_module=1; blocked_by_module_cap=266; relaxed=False; relax_passes=0; ctx_mode=off; ctx_gate=hard; ctx_swap=False; ctx_sig=b6db28ceda2d; ctx_hit_terms=0	3386	3386	0	50	266	False	0	1	0	deterministic		proxy_context_v2: u=0.971 p_fail=0.050 p_warn=0.200 key=['condition', 'tissue', 'perturbation', 'comparison'] ctx_sig=b6db28ceda2d	proxy	BRCA|tumor|genotype|TP53_mut_vs_TP53_wt	module_weight	0.0	0.0	EMPTY_WEIGHTS	0	v2	brca;tumor;genotype;tp53;mut	5	0.9706767799179192	0.9706767799179192	BRCA|tumor|genotype|TP53_mut_vs_TP53_wt	BRCA|tumor|genotype|TP53_mut_vs_TP53_wt			'1728;2879;3162	'fgsea_msigdb_C5_GO_BP_entrez:GOBP_FERROPTOSIS	False
c_69aabdca1cc3	GOBP_PHOSPHOLIPID_TRANSLOCATION	down	condition,tissue,perturbation,comparison	fgsea_msigdb_C5_GO_BP_entrez:GOBP_PHOSPHOLIPID_TRANSLOCATION	fgsea_msigdb_C5_GO_BP_entrez	GOBP_PHOSPHOLIPID_TRANSLOCATION	GOBP_PHOSPHOLIPID_TRANSLOCATION	M2bdfa4fbc548	False		5027,10955,5359	5027,10955,5359	5027,10955,5359	3	3	fgsea_msigdb_C5_GO_BP_entrez:GOBP_PHOSPHOLIPID_TRANSLOCATION	50f621411b93	0.9270748002497784	False	PASS	none	0.9270748002497784	PROXY_U01_OK		False	0	-1		b6db28ceda2d	False	hard	False	True	True	1.0	True	ok	"{""claim_id"":""c_69aabdca1cc3"",""entity"":""GOBP_PHOSPHOLIPID_TRANSLOCATION"",""direction"":""down"",""context_keys"":[""condition"",""tissue"",""perturbation"",""comparison""],""context_evaluated"":false,""context_method"":""none"",""context_status"":null,""context_reason"":null,""context_notes"":null,""evidence_ref"":{""module_id"":""M2bdfa4fbc548"",""gene_ids"":[""5027"",""10955"",""5359""],""term_ids"":[""fgsea_msigdb_C5_GO_BP_entrez:GOBP_PHOSPHOLIPID_TRANSLOCATION""],""gene_set_hash"":""50f621411b93"",""gene_set_hash_source"":""input"",""term_ids_has_raw"":false}}"	False	0.0	off	default	ranked=3386; eligible=3386; ineligible=0; picked=50; max_per_module=1; blocked_by_module_cap=266; relaxed=False; relax_passes=0; ctx_mode=off; ctx_gate=hard; ctx_swap=False; ctx_sig=b6db28ceda2d; ctx_hit_terms=0	3386	3386	0	50	266	False	0	1	0	deterministic		proxy_context_v2: u=0.927 p_fail=0.050 p_warn=0.200 key=['condition', 'tissue', 'perturbation', 'comparison'] ctx_sig=b6db28ceda2d	proxy	BRCA|tumor|genotype|TP53_mut_vs_TP53_wt	module_weight	0.0	0.0	EMPTY_WEIGHTS	0	v2	brca;tumor;genotype;tp53;mut	5	0.9270748002497784	0.9270748002497784	BRCA|tumor|genotype|TP53_mut_vs_TP53_wt	BRCA|tumor|genotype|TP53_mut_vs_TP53_wt			'5027;10955;5359	'fgsea_msigdb_C5_GO_BP_entrez:GOBP_PHOSPHOLIPID_TRANSLOCATION	False
c_0235f4542b03	GOBP_BROWN_FAT_CELL_DIFFERENTIATION	down	condition,tissue,perturbation,comparison	fgsea_msigdb_C5_GO_BP_entrez:GOBP_BROWN_FAT_CELL_DIFFERENTIATION	fgsea_msigdb_C5_GO_BP_entrez	GOBP_BROWN_FAT_CELL_DIFFERENTIATION	GOBP_BROWN_FAT_CELL_DIFFERENTIATION	Me6895e40a837	False		3952,1432,655,5292,3630	3952,1432,655,5292,3630	3952,1432,655,5292,3630	5	5	fgsea_msigdb_C5_GO_BP_entrez:GOBP_BROWN_FAT_CELL_DIFFERENTIATION	383c1a0b7513	0.9747572426227755	False	PASS	none	0.9747572426227755	PROXY_U01_OK		False	0	-1		b6db28ceda2d	False	hard	False	True	True	1.0	True	ok	"{""claim_id"":""c_0235f4542b03"",""entity"":""GOBP_BROWN_FAT_CELL_DIFFERENTIATION"",""direction"":""down"",""context_keys"":[""condition"",""tissue"",""perturbation"",""comparison""],""context_evaluated"":false,""context_method"":""none"",""context_status"":null,""context_reason"":null,""context_notes"":null,""evidence_ref"":{""module_id"":""Me6895e40a837"",""gene_ids"":[""3952"",""1432"",""655"",""5292"",""3630""],""term_ids"":[""fgsea_msigdb_C5_GO_BP_entrez:GOBP_BROWN_FAT_CELL_DIFFERENTIATION""],""gene_set_hash"":""383c1a0b7513"",""gene_set_hash_source"":""input"",""term_ids_has_raw"":false}}"	False	0.0	off	default	ranked=3386; eligible=3386; ineligible=0; picked=50; max_per_module=1; blocked_by_module_cap=266; relaxed=False; relax_passes=0; ctx_mode=off; ctx_gate=hard; ctx_swap=False; ctx_sig=b6db28ceda2d; ctx_hit_terms=0	3386	3386	0	50	266	False	0	1	0	deterministic		proxy_context_v2: u=0.975 p_fail=0.050 p_warn=0.200 key=['condition', 'tissue', 'perturbation', 'comparison'] ctx_sig=b6db28ceda2d	proxy	BRCA|tumor|genotype|TP53_mut_vs_TP53_wt	module_weight	0.0	0.0	EMPTY_WEIGHTS	0	v2	brca;tumor;genotype;tp53;mut	5	0.9747572426227755	0.9747572426227755	BRCA|tumor|genotype|TP53_mut_vs_TP53_wt	BRCA|tumor|genotype|TP53_mut_vs_TP53_wt			'3952;1432;655;5292;3630	'fgsea_msigdb_C5_GO_BP_entrez:GOBP_BROWN_FAT_CELL_DIFFERENTIATION	False
c_0724b126b10e	GOBP_C4_DICARBOXYLATE_TRANSPORT	down	condition,tissue,perturbation,comparison	fgsea_msigdb_C5_GO_BP_entrez:GOBP_C4_DICARBOXYLATE_TRANSPORT	fgsea_msigdb_C5_GO_BP_entrez	GOBP_C4_DICARBOXYLATE_TRANSPORT	GOBP_C4_DICARBOXYLATE_TRANSPORT	M691fd6414aad	False		6519	6519	6519	1	1	fgsea_msigdb_C5_GO_BP_entrez:GOBP_C4_DICARBOXYLATE_TRANSPORT	402ad93001ce	0.06545666510246195	False	ABSTAIN	none	0.06545666510246195	PROXY_U01_LOW_ABSTAIN		False	0	-1		b6db28ceda2d	False	hard	False	True	False	1.0	True	ok	"{""claim_id"":""c_0724b126b10e"",""entity"":""GOBP_C4_DICARBOXYLATE_TRANSPORT"",""direction"":""down"",""context_keys"":[""condition"",""tissue"",""perturbation"",""comparison""],""context_evaluated"":false,""context_method"":""none"",""context_status"":null,""context_reason"":null,""context_notes"":null,""evidence_ref"":{""module_id"":""M691fd6414aad"",""gene_ids"":[""6519""],""term_ids"":[""fgsea_msigdb_C5_GO_BP_entrez:GOBP_C4_DICARBOXYLATE_TRANSPORT""],""gene_set_hash"":""402ad93001ce"",""gene_set_hash_source"":""input"",""term_ids_has_raw"":false}}"	False	0.0	off	default	ranked=3386; eligible=3386; ineligible=0; picked=50; max_per_module=1; blocked_by_module_cap=266; relaxed=False; relax_passes=0; ctx_mode=off; ctx_gate=hard; ctx_swap=False; ctx_sig=b6db28ceda2d; ctx_hit_terms=0	3386	3386	0	50	266	False	0	1	0	deterministic		proxy_context_v2: u=0.065 p_fail=0.050 p_warn=0.200 key=['condition', 'tissue', 'perturbation', 'comparison'] ctx_sig=b6db28ceda2d	proxy	BRCA|tumor|genotype|TP53_mut_vs_TP53_wt	module_weight	0.0	0.0	EMPTY_WEIGHTS	0	v2	brca;tumor;genotype;tp53;mut	5	0.06545666510246195	0.06545666510246195	BRCA|tumor|genotype|TP53_mut_vs_TP53_wt	BRCA|tumor|genotype|TP53_mut_vs_TP53_wt			'6519	'fgsea_msigdb_C5_GO_BP_entrez:GOBP_C4_DICARBOXYLATE_TRANSPORT	True
c_9d14ed98eb0b	GOBP_MULTIVESICULAR_BODY_SORTING_PATHWAY	down	condition,tissue,perturbation,comparison	fgsea_msigdb_C5_GO_BP_entrez:GOBP_MULTIVESICULAR_BODY_SORTING_PATHWAY	fgsea_msigdb_C5_GO_BP_entrez	GOBP_MULTIVESICULAR_BODY_SORTING_PATHWAY	GOBP_MULTIVESICULAR_BODY_SORTING_PATHWAY	M5c6e1197560e	False		7405	7405	7405	1	1	fgsea_msigdb_C5_GO_BP_entrez:GOBP_MULTIVESICULAR_BODY_SORTING_PATHWAY	74e31b3d3e49	0.3268039729328265	False	PASS	none	0.3268039729328265	PROXY_U01_OK		False	0	-1		b6db28ceda2d	False	hard	False	True	True	1.0	True	ok	"{""claim_id"":""c_9d14ed98eb0b"",""entity"":""GOBP_MULTIVESICULAR_BODY_SORTING_PATHWAY"",""direction"":""down"",""context_keys"":[""condition"",""tissue"",""perturbation"",""comparison""],""context_evaluated"":false,""context_method"":""none"",""context_status"":null,""context_reason"":null,""context_notes"":null,""evidence_ref"":{""module_id"":""M5c6e1197560e"",""gene_ids"":[""7405""],""term_ids"":[""fgsea_msigdb_C5_GO_BP_entrez:GOBP_MULTIVESICULAR_BODY_SORTING_PATHWAY""],""gene_set_hash"":""74e31b3d3e49"",""gene_set_hash_source"":""input"",""term_ids_has_raw"":false}}"	False	0.0	off	default	ranked=3386; eligible=3386; ineligible=0; picked=50; max_per_module=1; blocked_by_module_cap=266; relaxed=False; relax_passes=0; ctx_mode=off; ctx_gate=hard; ctx_swap=False; ctx_sig=b6db28ceda2d; ctx_hit_terms=0	3386	3386	0	50	266	False	0	1	0	deterministic		proxy_context_v2: u=0.327 p_fail=0.050 p_warn=0.200 key=['condition', 'tissue', 'perturbation', 'comparison'] ctx_sig=b6db28ceda2d	proxy	BRCA|tumor|genotype|TP53_mut_vs_TP53_wt	module_weight	0.0	0.0	EMPTY_WEIGHTS	0	v2	brca;tumor;genotype;tp53;mut	5	0.3268039729328265	0.3268039729328265	BRCA|tumor|genotype|TP53_mut_vs_TP53_wt	BRCA|tumor|genotype|TP53_mut_vs_TP53_wt			'7405	'fgsea_msigdb_C5_GO_BP_entrez:GOBP_MULTIVESICULAR_BODY_SORTING_PATHWAY	False
c_d9078eff44bf	GOBP_VESICLE_TARGETING	down	condition,tissue,perturbation,comparison	fgsea_msigdb_C5_GO_BP_entrez:GOBP_VESICLE_TARGETING	fgsea_msigdb_C5_GO_BP_entrez	GOBP_VESICLE_TARGETING	GOBP_VESICLE_TARGETING	M52863cac6d0a	False		5871,8729,4669,11336,5537	5871,8729,4669,11336,5537	5871,8729,4669,11336,5537	5	5	fgsea_msigdb_C5_GO_BP_entrez:GOBP_VESICLE_TARGETING	2d7dbc64bcea	0.5454312536357013	False	PASS	none	0.5454312536357013	PROXY_U01_OK		False	0	-1		b6db28ceda2d	False	hard	False	True	True	1.0	True	ok	"{""claim_id"":""c_d9078eff44bf"",""entity"":""GOBP_VESICLE_TARGETING"",""direction"":""down"",""context_keys"":[""condition"",""tissue"",""perturbation"",""comparison""],""context_evaluated"":false,""context_method"":""none"",""context_status"":null,""context_reason"":null,""context_notes"":null,""evidence_ref"":{""module_id"":""M52863cac6d0a"",""gene_ids"":[""5871"",""8729"",""4669"",""11336"",""5537""],""term_ids"":[""fgsea_msigdb_C5_GO_BP_entrez:GOBP_VESICLE_TARGETING""],""gene_set_hash"":""2d7dbc64bcea"",""gene_set_hash_source"":""input"",""term_ids_has_raw"":false}}"	False	0.0	off	default	ranked=3386; eligible=3386; ineligible=0; picked=50; max_per_module=1; blocked_by_module_cap=266; relaxed=False; relax_passes=0; ctx_mode=off; ctx_gate=hard; ctx_swap=False; ctx_sig=b6db28ceda2d; ctx_hit_terms=0	3386	3386	0	50	266	False	0	1	0	deterministic		proxy_context_v2: u=0.545 p_fail=0.050 p_warn=0.200 key=['condition', 'tissue', 'perturbation', 'comparison'] ctx_sig=b6db28ceda2d	proxy	BRCA|tumor|genotype|TP53_mut_vs_TP53_wt	module_weight	0.0	0.0	EMPTY_WEIGHTS	0	v2	brca;tumor;genotype;tp53;mut	5	0.5454312536357013	0.5454312536357013	BRCA|tumor|genotype|TP53_mut_vs_TP53_wt	BRCA|tumor|genotype|TP53_mut_vs_TP53_wt			'5871;8729;4669;11336;5537	'fgsea_msigdb_C5_GO_BP_entrez:GOBP_VESICLE_TARGETING	False
c_54c511890ce0	GOBP_REGULATION_OF_FATTY_ACID_OXIDATION	down	condition,tissue,perturbation,comparison	fgsea_msigdb_C5_GO_BP_entrez:GOBP_REGULATION_OF_FATTY_ACID_OXIDATION	fgsea_msigdb_C5_GO_BP_entrez	GOBP_REGULATION_OF_FATTY_ACID_OXIDATION	GOBP_REGULATION_OF_FATTY_ACID_OXIDATION	Mc53d3ca6a07d	False		1374,6662,2326	1374,6662,2326	1374,6662,2326	3	3	fgsea_msigdb_C5_GO_BP_entrez:GOBP_REGULATION_OF_FATTY_ACID_OXIDATION	4ddb216198a6	0.2534979612504362	False	PASS	none	0.2534979612504362	PROXY_U01_OK		False	0	-1		b6db28ceda2d	False	hard	False	True	True	1.0	True	ok	"{""claim_id"":""c_54c511890ce0"",""entity"":""GOBP_REGULATION_OF_FATTY_ACID_OXIDATION"",""direction"":""down"",""context_keys"":[""condition"",""tissue"",""perturbation"",""comparison""],""context_evaluated"":false,""context_method"":""none"",""context_status"":null,""context_reason"":null,""context_notes"":null,""evidence_ref"":{""module_id"":""Mc53d3ca6a07d"",""gene_ids"":[""1374"",""6662"",""2326""],""term_ids"":[""fgsea_msigdb_C5_GO_BP_entrez:GOBP_REGULATION_OF_FATTY_ACID_OXIDATION""],""gene_set_hash"":""4ddb216198a6"",""gene_set_hash_source"":""input"",""term_ids_has_raw"":false}}"	False	0.0	off	default	ranked=3386; eligible=3386; ineligible=0; picked=50; max_per_module=1; blocked_by_module_cap=266; relaxed=False; relax_passes=0; ctx_mode=off; ctx_gate=hard; ctx_swap=False; ctx_sig=b6db28ceda2d; ctx_hit_terms=0	3386	3386	0	50	266	False	0	1	0	deterministic		proxy_context_v2: u=0.253 p_fail=0.050 p_warn=0.200 key=['condition', 'tissue', 'perturbation', 'comparison'] ctx_sig=b6db28ceda2d	proxy	BRCA|tumor|genotype|TP53_mut_vs_TP53_wt	module_weight	0.0	0.0	EMPTY_WEIGHTS	0	v2	brca;tumor;genotype;tp53;mut	5	0.2534979612504362	0.2534979612504362	BRCA|tumor|genotype|TP53_mut_vs_TP53_wt	BRCA|tumor|genotype|TP53_mut_vs_TP53_wt			'1374;6662;2326	'fgsea_msigdb_C5_GO_BP_entrez:GOBP_REGULATION_OF_FATTY_ACID_OXIDATION	False
c_9e132e6c5c03	GOBP_NEGATIVE_CHEMOTAXIS	down	condition,tissue,perturbation,comparison	fgsea_msigdb_C5_GO_BP_entrez:GOBP_NEGATIVE_CHEMOTAXIS	fgsea_msigdb_C5_GO_BP_entrez	GOBP_NEGATIVE_CHEMOTAXIS	GOBP_NEGATIVE_CHEMOTAXIS	M179798191784	False		8482,10505,10718,8633,3685	8482,10505,10718,8633,3685	8482,10505,10718,8633,3685	5	5	fgsea_msigdb_C5_GO_BP_entrez:GOBP_NEGATIVE_CHEMOTAXIS	e5782b2e5413	0.7103872440956507	False	PASS	none	0.7103872440956507	PROXY_U01_OK		False	0	-1		b6db28ceda2d	False	hard	False	True	True	1.0	True	ok	"{""claim_id"":""c_9e132e6c5c03"",""entity"":""GOBP_NEGATIVE_CHEMOTAXIS"",""direction"":""down"",""context_keys"":[""condition"",""tissue"",""perturbation"",""comparison""],""context_evaluated"":false,""context_method"":""none"",""context_status"":null,""context_reason"":null,""context_notes"":null,""evidence_ref"":{""module_id"":""M179798191784"",""gene_ids"":[""8482"",""10505"",""10718"",""8633"",""3685""],""term_ids"":[""fgsea_msigdb_C5_GO_BP_entrez:GOBP_NEGATIVE_CHEMOTAXIS""],""gene_set_hash"":""e5782b2e5413"",""gene_set_hash_source"":""input"",""term_ids_has_raw"":false}}"	False	0.0	off	default	ranked=3386; eligible=3386; ineligible=0; picked=50; max_per_module=1; blocked_by_module_cap=266; relaxed=False; relax_passes=0; ctx_mode=off; ctx_gate=hard; ctx_swap=False; ctx_sig=b6db28ceda2d; ctx_hit_terms=0	3386	3386	0	50	266	False	0	1	0	deterministic		proxy_context_v2: u=0.710 p_fail=0.050 p_warn=0.200 key=['condition', 'tissue', 'perturbation', 'comparison'] ctx_sig=b6db28ceda2d	proxy	BRCA|tumor|genotype|TP53_mut_vs_TP53_wt	module_weight	0.0	0.0	EMPTY_WEIGHTS	0	v2	brca;tumor;genotype;tp53;mut	5	0.7103872440956507	0.7103872440956507	BRCA|tumor|genotype|TP53_mut_vs_TP53_wt	BRCA|tumor|genotype|TP53_mut_vs_TP53_wt			'8482;10505;10718;8633;3685	'fgsea_msigdb_C5_GO_BP_entrez:GOBP_NEGATIVE_CHEMOTAXIS	False
c_183ac6b31137	GOBP_RESPONSE_TO_CHEMOKINE	down	condition,tissue,perturbation,comparison	fgsea_msigdb_C5_GO_BP_entrez:GOBP_RESPONSE_TO_CHEMOKINE	fgsea_msigdb_C5_GO_BP_entrez	GOBP_RESPONSE_TO_CHEMOKINE	GOBP_RESPONSE_TO_CHEMOKINE	Mfcc69c840a6a	False		7066,6362,4015,2532,1906,6366,1238,2833,1237,1236	7066,6362,4015,2532,1906,6366,1238,2833,1237,1236	7066,6362,4015,2532,1906,6366,1238,2833,1237,1236	10	10	fgsea_msigdb_C5_GO_BP_entrez:GOBP_RESPONSE_TO_CHEMOKINE	ee8e3b7201ea	0.3569623456161686	False	PASS	none	0.3569623456161686	PROXY_U01_OK		False	0	-1		b6db28ceda2d	False	hard	False	True	True	1.0	True	ok	"{""claim_id"":""c_183ac6b31137"",""entity"":""GOBP_RESPONSE_TO_CHEMOKINE"",""direction"":""down"",""context_keys"":[""condition"",""tissue"",""perturbation"",""comparison""],""context_evaluated"":false,""context_method"":""none"",""context_status"":null,""context_reason"":null,""context_notes"":null,""evidence_ref"":{""module_id"":""Mfcc69c840a6a"",""gene_ids"":[""7066"",""6362"",""4015"",""2532"",""1906"",""6366"",""1238"",""2833"",""1237"",""1236""],""term_ids"":[""fgsea_msigdb_C5_GO_BP_entrez:GOBP_RESPONSE_TO_CHEMOKINE""],""gene_set_hash"":""ee8e3b7201ea"",""gene_set_hash_source"":""input"",""term_ids_has_raw"":false}}"	False	0.0	off	default	ranked=3386; eligible=3386; ineligible=0; picked=50; max_per_module=1; blocked_by_module_cap=266; relaxed=False; relax_passes=0; ctx_mode=off; ctx_gate=hard; ctx_swap=False; ctx_sig=b6db28ceda2d; ctx_hit_terms=0	3386	3386	0	50	266	False	0	1	0	deterministic		proxy_context_v2: u=0.357 p_fail=0.050 p_warn=0.200 key=['condition', 'tissue', 'perturbation', 'comparison'] ctx_sig=b6db28ceda2d	proxy	BRCA|tumor|genotype|TP53_mut_vs_TP53_wt	module_weight	0.0	0.0	EMPTY_WEIGHTS	0	v2	brca;tumor;genotype;tp53;mut	5	0.3569623456161686	0.3569623456161686	BRCA|tumor|genotype|TP53_mut_vs_TP53_wt	BRCA|tumor|genotype|TP53_mut_vs_TP53_wt			'7066;6362;4015;2532;1906;6366;1238;2833;1237;1236	'fgsea_msigdb_C5_GO_BP_entrez:GOBP_RESPONSE_TO_CHEMOKINE	False
c_8f330f550dc3	GOBP_INNERVATION	down	condition,tissue,perturbation,comparison	fgsea_msigdb_C5_GO_BP_entrez:GOBP_INNERVATION	fgsea_msigdb_C5_GO_BP_entrez	GOBP_INNERVATION	GOBP_INNERVATION	M2310d5b77a4b	False		2561,104,1906	2561,104,1906	2561,104,1906	3	3	fgsea_msigdb_C5_GO_BP_entrez:GOBP_INNERVATION	1a3cf5675040	0.6875569052540624	False	PASS	none	0.6875569052540624	PROXY_U01_OK		False	0	-1		b6db28ceda2d	False	hard	False	True	True	1.0	True	ok	"{""claim_id"":""c_8f330f550dc3"",""entity"":""GOBP_INNERVATION"",""direction"":""down"",""context_keys"":[""condition"",""tissue"",""perturbation"",""comparison""],""context_evaluated"":false,""context_method"":""none"",""context_status"":null,""context_reason"":null,""context_notes"":null,""evidence_ref"":{""module_id"":""M2310d5b77a4b"",""gene_ids"":[""2561"",""104"",""1906""],""term_ids"":[""fgsea_msigdb_C5_GO_BP_entrez:GOBP_INNERVATION""],""gene_set_hash"":""1a3cf5675040"",""gene_set_hash_source"":""input"",""term_ids_has_raw"":false}}"	False	0.0	off	default	ranked=3386; eligible=3386; ineligible=0; picked=50; max_per_module=1; blocked_by_module_cap=266; relaxed=False; relax_passes=0; ctx_mode=off; ctx_gate=hard; ctx_swap=False; ctx_sig=b6db28ceda2d; ctx_hit_terms=0	3386	3386	0	50	266	False	0	1	0	deterministic		proxy_context_v2: u=0.688 p_fail=0.050 p_warn=0.200 key=['condition', 'tissue', 'perturbation', 'comparison'] ctx_sig=b6db28ceda2d	proxy	BRCA|tumor|genotype|TP53_mut_vs_TP53_wt	module_weight	0.0	0.0	EMPTY_WEIGHTS	0	v2	brca;tumor;genotype;tp53;mut	5	0.6875569052540624	0.6875569052540624	BRCA|tumor|genotype|TP53_mut_vs_TP53_wt	BRCA|tumor|genotype|TP53_mut_vs_TP53_wt			'2561;104;1906	'fgsea_msigdb_C5_GO_BP_entrez:GOBP_INNERVATION	False
c_1cfe2299a940	GOBP_NOTCH_SIGNALING_PATHWAY	down	condition,tissue,perturbation,comparison	fgsea_msigdb_C5_GO_BP_entrez:GOBP_NOTCH_SIGNALING_PATHWAY	fgsea_msigdb_C5_GO_BP_entrez	GOBP_NOTCH_SIGNALING_PATHWAY	GOBP_NOTCH_SIGNALING_PATHWAY	M2a5a3b740a2a	False		94,4242,5350,189,6714,1027,6662,8788,6615,655	94,4242,5350,189,6714,1027,6662,8788,6615,655	94,4242,5350,189,6714,1027,6662,8788,6615,655	10	10	fgsea_msigdb_C5_GO_BP_entrez:GOBP_NOTCH_SIGNALING_PATHWAY	47b0a78d4799	0.35177525261817166	False	PASS	none	0.35177525261817166	PROXY_U01_OK		False	0	-1		b6db28ceda2d	False	hard	False	True	True	1.0	True	ok	"{""claim_id"":""c_1cfe2299a940"",""entity"":""GOBP_NOTCH_SIGNALING_PATHWAY"",""direction"":""down"",""context_keys"":[""condition"",""tissue"",""perturbation"",""comparison""],""context_evaluated"":false,""context_method"":""none"",""context_status"":null,""context_reason"":null,""context_notes"":null,""evidence_ref"":{""module_id"":""M2a5a3b740a2a"",""gene_ids"":[""94"",""4242"",""5350"",""189"",""6714"",""1027"",""6662"",""8788"",""6615"",""655""],""term_ids"":[""fgsea_msigdb_C5_GO_BP_entrez:GOBP_NOTCH_SIGNALING_PATHWAY""],""gene_set_hash"":""47b0a78d4799"",""gene_set_hash_source"":""input"",""term_ids_has_raw"":false}}"	False	0.0	off	default	ranked=3386; eligible=3386; ineligible=0; picked=50; max_per_module=1; blocked_by_module_cap=266; relaxed=False; relax_passes=0; ctx_mode=off; ctx_gate=hard; ctx_swap=False; ctx_sig=b6db28ceda2d; ctx_hit_terms=0	3386	3386	0	50	266	False	0	1	0	deterministic		proxy_context_v2: u=0.352 p_fail=0.050 p_warn=0.200 key=['condition', 'tissue', 'perturbation', 'comparison'] ctx_sig=b6db28ceda2d	proxy	BRCA|tumor|genotype|TP53_mut_vs_TP53_wt	module_weight	0.0	0.0	EMPTY_WEIGHTS	0	v2	brca;tumor;genotype;tp53;mut	5	0.35177525261817166	0.35177525261817166	BRCA|tumor|genotype|TP53_mut_vs_TP53_wt	BRCA|tumor|genotype|TP53_mut_vs_TP53_wt			'94;4242;5350;189;6714;1027;6662;8788;6615;655	'fgsea_msigdb_C5_GO_BP_entrez:GOBP_NOTCH_SIGNALING_PATHWAY	False
c_ba40fa701a71	GOBP_GRANULOCYTE_DIFFERENTIATION	down	condition,tissue,perturbation,comparison	fgsea_msigdb_C5_GO_BP_entrez:GOBP_GRANULOCYTE_DIFFERENTIATION	fgsea_msigdb_C5_GO_BP_entrez	GOBP_GRANULOCYTE_DIFFERENTIATION	GOBP_GRANULOCYTE_DIFFERENTIATION	M8ee4489ea031	False		5914,2194,6729,863	5914,2194,6729,863	5914,2194,6729,863	4	4	fgsea_msigdb_C5_GO_BP_entrez:GOBP_GRANULOCYTE_DIFFERENTIATION	b5b4acf8509e	0.6343714216190424	False	PASS	none	0.6343714216190424	PROXY_U01_OK		False	0	-1		b6db28ceda2d	False	hard	False	True	True	1.0	True	ok	"{""claim_id"":""c_ba40fa701a71"",""entity"":""GOBP_GRANULOCYTE_DIFFERENTIATION"",""direction"":""down"",""context_keys"":[""condition"",""tissue"",""perturbation"",""comparison""],""context_evaluated"":false,""context_method"":""none"",""context_status"":null,""context_reason"":null,""context_notes"":null,""evidence_ref"":{""module_id"":""M8ee4489ea031"",""gene_ids"":[""5914"",""2194"",""6729"",""863""],""term_ids"":[""fgsea_msigdb_C5_GO_BP_entrez:GOBP_GRANULOCYTE_DIFFERENTIATION""],""gene_set_hash"":""b5b4acf8509e"",""gene_set_hash_source"":""input"",""term_ids_has_raw"":false}}"	False	0.0	off	default	ranked=3386; eligible=3386; ineligible=0; picked=50; max_per_module=1; blocked_by_module_cap=266; relaxed=False; relax_passes=0; ctx_mode=off; ctx_gate=hard; ctx_swap=False; ctx_sig=b6db28ceda2d; ctx_hit_terms=0	3386	3386	0	50	266	False	0	1	0	deterministic		proxy_context_v2: u=0.634 p_fail=0.050 p_warn=0.200 key=['condition', 'tissue', 'perturbation', 'comparison'] ctx_sig=b6db28ceda2d	proxy	BRCA|tumor|genotype|TP53_mut_vs_TP53_wt	module_weight	0.0	0.0	EMPTY_WEIGHTS	0	v2	brca;tumor;genotype;tp53;mut	5	0.6343714216190424	0.6343714216190424	BRCA|tumor|genotype|TP53_mut_vs_TP53_wt	BRCA|tumor|genotype|TP53_mut_vs_TP53_wt			'5914;2194;6729;863	'fgsea_msigdb_C5_GO_BP_entrez:GOBP_GRANULOCYTE_DIFFERENTIATION	False
c_e3ca957dbd46	GOBP_COLUMNAR_CUBOIDAL_EPITHELIAL_CELL_DEVELOPMENT	down	condition,tissue,perturbation,comparison	fgsea_msigdb_C5_GO_BP_entrez:GOBP_COLUMNAR_CUBOIDAL_EPITHELIAL_CELL_DEVELOPMENT	fgsea_msigdb_C5_GO_BP_entrez	GOBP_COLUMNAR_CUBOIDAL_EPITHELIAL_CELL_DEVELOPMENT	GOBP_COLUMNAR_CUBOIDAL_EPITHELIAL_CELL_DEVELOPMENT	M2fd53f90dd0f	False		5914,6714,5916	5914,6714,5916	5914,6714,5916	3	3	fgsea_msigdb_C5_GO_BP_entrez:GOBP_COLUMNAR_CUBOIDAL_EPITHELIAL_CELL_DEVELOPMENT	376bd26a6692	0.22000082470339222	False	PASS	none	0.22000082470339222	PROXY_U01_OK		False	0	-1		b6db28ceda2d	False	hard	False	True	True	1.0	True	ok	"{""claim_id"":""c_e3ca957dbd46"",""entity"":""GOBP_COLUMNAR_CUBOIDAL_EPITHELIAL_CELL_DEVELOPMENT"",""direction"":""down"",""context_keys"":[""condition"",""tissue"",""perturbation"",""comparison""],""context_evaluated"":false,""context_method"":""none"",""context_status"":null,""context_reason"":null,""context_notes"":null,""evidence_ref"":{""module_id"":""M2fd53f90dd0f"",""gene_ids"":[""5914"",""6714"",""5916""],""term_ids"":[""fgsea_msigdb_C5_GO_BP_entrez:GOBP_COLUMNAR_CUBOIDAL_EPITHELIAL_CELL_DEVELOPMENT""],""gene_set_hash"":""376bd26a6692"",""gene_set_hash_source"":""input"",""term_ids_has_raw"":false}}"	False	0.0	off	default	ranked=3386; eligible=3386; ineligible=0; picked=50; max_per_module=1; blocked_by_module_cap=266; relaxed=False; relax_passes=0; ctx_mode=off; ctx_gate=hard; ctx_swap=False; ctx_sig=b6db28ceda2d; ctx_hit_terms=0	3386	3386	0	50	266	False	0	1	0	deterministic		proxy_context_v2: u=0.220 p_fail=0.050 p_warn=0.200 key=['condition', 'tissue', 'perturbation', 'comparison'] ctx_sig=b6db28ceda2d	proxy	BRCA|tumor|genotype|TP53_mut_vs_TP53_wt	module_weight	0.0	0.0	EMPTY_WEIGHTS	0	v2	brca;tumor;genotype;tp53;mut	5	0.22000082470339222	0.22000082470339222	BRCA|tumor|genotype|TP53_mut_vs_TP53_wt	BRCA|tumor|genotype|TP53_mut_vs_TP53_wt			'5914;6714;5916	'fgsea_msigdb_C5_GO_BP_entrez:GOBP_COLUMNAR_CUBOIDAL_EPITHELIAL_CELL_DEVELOPMENT	False
