term_id	term_name	source	stat	qval	direction	evidence_genes
KEGG_MEDICUS_REFERENCE_RAB7_REGULATED_MICROTUBULE_MINUS_END_DIRECTED_TRANSPORT	KEGG_MEDICUS_REFERENCE_RAB7_REGULATED_MICROTUBULE_MINUS_END_DIRECTED_TRANSPORT	fgsea_msigdb_C2_CP_KEGG_MEDICUS_entrez	1.85033265222798	0.471151093450253	up	1780,7879,1783,10381,1778,11258,1639,7277,7846,10382
KEGG_MEDICUS_VARIANT_MUTATION_CAUSED_ABERRANT_ABETA_TO_ANTEROGRADE_AXONAL_TRANSPORT	KEGG_MEDICUS_VARIANT_MUTATION_CAUSED_ABERRANT_ABETA_TO_ANTEROGRADE_AXONAL_TRANSPORT	fgsea_msigdb_C2_CP_KEGG_MEDICUS_entrez	1.77550727956077	0.471151093450253	up	10381,8851,7277,7846,10382,824,10376,7280,823,4137,10383
KEGG_MEDICUS_VARIANT_AMPLIFIED_MYC_TO_P27_CELL_CYCLE_G1_S	KEGG_MEDICUS_VARIANT_AMPLIFIED_MYC_TO_P27_CELL_CYCLE_G1_S	fgsea_msigdb_C2_CP_KEGG_MEDICUS_entrez	-1.67804345019565	0.814229197328796	down	898,1027,5925,9978,1163,1869,8454
KEGG_MEDICUS_PATHOGEN_HIV_TAT_TO_TLR2_4_NFKB_SIGNALING_PATHWAY	KEGG_MEDICUS_PATHOGEN_HIV_TAT_TO_TLR2_4_NFKB_SIGNALING_PATHWAY	fgsea_msigdb_C2_CP_KEGG_MEDICUS_entrez	1.63766456942509	0.814229197328796	up	7124,3445,3448,3442,3449,3451,3439,4790
KEGG_MEDICUS_VARIANT_IGH_MMSET_FUSION_TO_TRANSCRIPTIONAL_ACTIVATION	KEGG_MEDICUS_VARIANT_IGH_MMSET_FUSION_TO_TRANSCRIPTIONAL_ACTIVATION	fgsea_msigdb_C2_CP_KEGG_MEDICUS_entrez	1.59027959463235	0.925155436061166	up	8353,8350,8358,8352,8357,8351,8354,8356,3020
KEGG_MEDICUS_REFERENCE_TLR2_4_MAPK_SIGNALING_PATHWAY	KEGG_MEDICUS_REFERENCE_TLR2_4_MAPK_SIGNALING_PATHWAY	fgsea_msigdb_C2_CP_KEGG_MEDICUS_entrez	-1.58425725062293	0.925155436061166	down	5604,3725,7099,1432,3654,5601,2353,6416,5608,5595,7097
KEGG_MEDICUS_REFERENCE_GLOBAL_GENOME_NER	KEGG_MEDICUS_REFERENCE_GLOBAL_GENOME_NER	fgsea_msigdb_C2_CP_KEGG_MEDICUS_entrez	-1.49192074066006	0.925155436061166	down	2967,7508,9978,1643,2071,1022,5887,5886
KEGG_MEDICUS_REFERENCE_TLR1_2_4_NFKB_SIGNALING_PATHWAY	KEGG_MEDICUS_REFERENCE_TLR1_2_4_NFKB_SIGNALING_PATHWAY	fgsea_msigdb_C2_CP_KEGG_MEDICUS_entrez	-1.45610706704074	0.925155436061166	down	7099,3593,3569,8517,3654,4792,7097,1147
KEGG_MEDICUS_REFERENCE_EGF_EGFR_ACTIN_SIGNALING_PATHWAY	KEGG_MEDICUS_REFERENCE_EGF_EGFR_ACTIN_SIGNALING_PATHWAY	fgsea_msigdb_C2_CP_KEGG_MEDICUS_entrez	-1.42341779856997	0.925155436061166	down	6714,1950,71,10095,10093,10094,7456,10092
KEGG_MEDICUS_REFERENCE_DYNEIN_RECRUITMENT_TO_THE_KINETOCHORE	KEGG_MEDICUS_REFERENCE_DYNEIN_RECRUITMENT_TO_THE_KINETOCHORE	fgsea_msigdb_C2_CP_KEGG_MEDICUS_entrez	1.42248252975578	0.925155436061166	up	1780,1783,1778,11258,1639
KEGG_MEDICUS_REFERENCE_MISMATCH_REPAIR	KEGG_MEDICUS_REFERENCE_MISMATCH_REPAIR	fgsea_msigdb_C2_CP_KEGG_MEDICUS_entrez	-1.4135662043643	0.925155436061166	down	5395,4292,5985,5424,10714,3978,5982,5981,5378,6119
KEGG_MEDICUS_REFERENCE_RETROGRADE_AXONAL_TRANSPORT	KEGG_MEDICUS_REFERENCE_RETROGRADE_AXONAL_TRANSPORT	fgsea_msigdb_C2_CP_KEGG_MEDICUS_entrez	1.41310316311662	0.925155436061166	up	10381,11258,1639,7277,7846,10382,10376,7280,10671,10383
KEGG_MEDICUS_REFERENCE_TLR5_NFKB_SIGNALING_PATHWAY	KEGG_MEDICUS_REFERENCE_TLR5_NFKB_SIGNALING_PATHWAY	fgsea_msigdb_C2_CP_KEGG_MEDICUS_entrez	-1.41055196843397	0.925155436061166	down	3593,3569,8517,3654,7100,4792
KEGG_MEDICUS_REFERENCE_CXCR4_GNB_G_PLCB_PKC_SIGNALING_PATHWAY	KEGG_MEDICUS_REFERENCE_CXCR4_GNB_G_PLCB_PKC_SIGNALING_PATHWAY	fgsea_msigdb_C2_CP_KEGG_MEDICUS_entrez	1.40298802026918	0.925155436061166	up	2791,2782,5332,2786,5331,5829,9564,7852,1398,2185,2788,6387,2793
KEGG_MEDICUS_REFERENCE_BMP_SIGNALING_PATHWAY	KEGG_MEDICUS_REFERENCE_BMP_SIGNALING_PATHWAY	fgsea_msigdb_C2_CP_KEGG_MEDICUS_entrez	-1.35014222336134	0.925155436061166	down	653,655,8200,654,658,650,659,90,93
KEGG_MEDICUS_REFERENCE_IL1_IL1R_JNK_SIGNALING_PATHWAY	KEGG_MEDICUS_REFERENCE_IL1_IL1R_JNK_SIGNALING_PATHWAY	fgsea_msigdb_C2_CP_KEGG_MEDICUS_entrez	-1.33634242606298	0.925155436061166	down	3725,3654,5601,2353,6416
KEGG_MEDICUS_ENV_FACTOR_ARSENIC_TO_ELECTRON_TRANSFER_IN_COMPLEX_IV	KEGG_MEDICUS_ENV_FACTOR_ARSENIC_TO_ELECTRON_TRANSFER_IN_COMPLEX_IV	fgsea_msigdb_C2_CP_KEGG_MEDICUS_entrez	1.33461231412456	0.925155436061166	up	1337,1340,9167,1351,1349,9377
KEGG_MEDICUS_REFERENCE_TRANSLATION_INITIATION	KEGG_MEDICUS_REFERENCE_TRANSLATION_INITIATION	fgsea_msigdb_C2_CP_KEGG_MEDICUS_entrez	1.32731835000844	0.925155436061166	up	6152,6176,6125,6227,6188,3921,6187,6191,6164,6202,6192,6170,6203,2197,6141,6218,6169,6175,6204,6165,6167,6144,9045,6181,6139,6138
KEGG_MEDICUS_REFERENCE_ELECTRON_TRANSFER_IN_COMPLEX_IV	KEGG_MEDICUS_REFERENCE_ELECTRON_TRANSFER_IN_COMPLEX_IV	fgsea_msigdb_C2_CP_KEGG_MEDICUS_entrez	1.31746142801118	0.925155436061166	up	1337,1340,9167,1351,1349,9377
KEGG_MEDICUS_VARIANT_MUTATION_CAUSED_ABERRANT_ABETA_TO_ELECTRON_TRANSFER_IN_COMPLEX_IV	KEGG_MEDICUS_VARIANT_MUTATION_CAUSED_ABERRANT_ABETA_TO_ELECTRON_TRANSFER_IN_COMPLEX_IV	fgsea_msigdb_C2_CP_KEGG_MEDICUS_entrez	1.30706532976502	0.925155436061166	up	1337,1340,9167,1351,1349,9377
KEGG_MEDICUS_REFERENCE_KEAP1_NRF2_SIGNALING_PATHWAY	KEGG_MEDICUS_REFERENCE_KEAP1_NRF2_SIGNALING_PATHWAY	fgsea_msigdb_C2_CP_KEGG_MEDICUS_entrez	-1.27080478618839	0.925155436061166	down	2946,2938,1728,2944,3162,4258,2941
KEGG_MEDICUS_REFERENCE_ANTIGEN_PROCESSING_AND_PRESENTATION_BY_MHC_CLASS_II_MOLECULES	KEGG_MEDICUS_REFERENCE_ANTIGEN_PROCESSING_AND_PRESENTATION_BY_MHC_CLASS_II_MOLECULES	fgsea_msigdb_C2_CP_KEGG_MEDICUS_entrez	-1.26464668661812	0.925155436061166	down	3109,3119,3117,3125,3112,3113,3127,972,3115
KEGG_MEDICUS_REFERENCE_CORE_NER_REACTION	KEGG_MEDICUS_REFERENCE_CORE_NER_REACTION	fgsea_msigdb_C2_CP_KEGG_MEDICUS_entrez	-1.25356231670384	0.925155436061166	down	2967,2071,5424,10714,5429,3978,2067,2073,2072,6119
KEGG_MEDICUS_ENV_FACTOR_E2_TO_RAS_ERK_SIGNALING_PATHWAY	KEGG_MEDICUS_ENV_FACTOR_E2_TO_RAS_ERK_SIGNALING_PATHWAY	fgsea_msigdb_C2_CP_KEGG_MEDICUS_entrez	-1.24949849741481	0.925155436061166	down	6714,5604,3725,2353,3845
KEGG_MEDICUS_REFERENCE_GLYCOLYSIS	KEGG_MEDICUS_REFERENCE_GLYCOLYSIS	fgsea_msigdb_C2_CP_KEGG_MEDICUS_entrez	1.24770761207864	0.925155436061166	up	5313,5223,5315,229,230,5213
KEGG_MEDICUS_REFERENCE_REGULATION_OF_GF_RTK_RAS_ERK_SIGNALING_UBIQUITINATION_OF_RTK_BY_CBL	KEGG_MEDICUS_REFERENCE_REGULATION_OF_GF_RTK_RAS_ERK_SIGNALING_UBIQUITINATION_OF_RTK_BY_CBL	fgsea_msigdb_C2_CP_KEGG_MEDICUS_entrez	1.24459563608505	0.925155436061166	up	7010,5156,3480,2321,2064,2322,4233,3815,4914,2066
KEGG_MEDICUS_REFERENCE_CXCR4_GNB_G_RAC_SIGNALING_PATHWAY	KEGG_MEDICUS_REFERENCE_CXCR4_GNB_G_RAC_SIGNALING_PATHWAY	fgsea_msigdb_C2_CP_KEGG_MEDICUS_entrez	1.24260649727874	0.925155436061166	up	2791,2782,5879,2786,5880,7852,5058,2788,6387,2793
KEGG_MEDICUS_PATHOGEN_HTLV_1_TAX_TO_NFY_MEDIATED_TRANSCRIPTION	KEGG_MEDICUS_PATHOGEN_HTLV_1_TAX_TO_NFY_MEDIATED_TRANSCRIPTION	fgsea_msigdb_C2_CP_KEGG_MEDICUS_entrez	-1.23969102433598	0.925155436061166	down	3109,3119,3117,3125,3112
KEGG_MEDICUS_VARIANT_MUTATION_CAUSED_ABERRANT_SNCA_TO_ELECTRON_TRANSFER_IN_COMPLEX_I	KEGG_MEDICUS_VARIANT_MUTATION_CAUSED_ABERRANT_SNCA_TO_ELECTRON_TRANSFER_IN_COMPLEX_I	fgsea_msigdb_C2_CP_KEGG_MEDICUS_entrez	-1.22380621486922	0.925155436061166	down	4716,4731,4706,4698,4712,4718,4696,4726,4536,4728,4707,6622,4729
KEGG_MEDICUS_REFERENCE_ITGA_B_RHOGAP_RHOA_SIGNALING_PATHWAY	KEGG_MEDICUS_REFERENCE_ITGA_B_RHOGAP_RHOA_SIGNALING_PATHWAY	fgsea_msigdb_C2_CP_KEGG_MEDICUS_entrez	-1.21547770606309	0.925155436061166	down	6714,3695,3678,3675,2335,3685
KEGG_MEDICUS_REFERENCE_CXCR_GNB_G_PI3K_AKT_SIGNALING_PATHWAY	KEGG_MEDICUS_REFERENCE_CXCR_GNB_G_PI3K_AKT_SIGNALING_PATHWAY	fgsea_msigdb_C2_CP_KEGG_MEDICUS_entrez	1.20687466955958	0.925155436061166	up	2791,2782,208,2786,3579
KEGG_MEDICUS_REFERENCE_CCR5_GNB_G_PLCB_G_PKC_SIGNALING_PATHWAY	KEGG_MEDICUS_REFERENCE_CCR5_GNB_G_PLCB_G_PKC_SIGNALING_PATHWAY	fgsea_msigdb_C2_CP_KEGG_MEDICUS_entrez	1.20685236215325	0.925155436061166	up	2791,2782,5332,2786,5331
KEGG_MEDICUS_REFERENCE_PDGF_PDGFR_PLCG_CAMK_SIGNALING_PATHWAY	KEGG_MEDICUS_REFERENCE_PDGF_PDGFR_PLCG_CAMK_SIGNALING_PATHWAY	fgsea_msigdb_C2_CP_KEGG_MEDICUS_entrez	1.20258419633044	0.925155436061166	up	5336,5156,815,5154
KEGG_MEDICUS_REFERENCE_TLR3_IRF7_SIGNALING_PATHWAY	KEGG_MEDICUS_REFERENCE_TLR3_IRF7_SIGNALING_PATHWAY	fgsea_msigdb_C2_CP_KEGG_MEDICUS_entrez	1.1905469775388	0.925155436061166	up	3445,3448,3442,3665,3449,3451,3439
KEGG_MEDICUS_REFERENCE_VGCC_CA2_APOPTOTIC_PATHWAY	KEGG_MEDICUS_REFERENCE_VGCC_CA2_APOPTOTIC_PATHWAY	fgsea_msigdb_C2_CP_KEGG_MEDICUS_entrez	1.18825439256938	0.925155436061166	up	292,779,774,775,776,317,773,293,8913,8912
KEGG_MEDICUS_REFERENCE_MACHR_CA2_APOPTOTIC_PATHWAY	KEGG_MEDICUS_REFERENCE_MACHR_CA2_APOPTOTIC_PATHWAY	fgsea_msigdb_C2_CP_KEGG_MEDICUS_entrez	1.18592593031883	0.925155436061166	up	1128,1133,5332,5331,292
KEGG_MEDICUS_PATHOGEN_KSHV_VGPCR_TO_GNB_G_PI3K_AKT_SIGNALING_PATHWAY	KEGG_MEDICUS_PATHOGEN_KSHV_VGPCR_TO_GNB_G_PI3K_AKT_SIGNALING_PATHWAY	fgsea_msigdb_C2_CP_KEGG_MEDICUS_entrez	1.18588264185904	0.925155436061166	up	2791,2782,208,2786
KEGG_MEDICUS_REFERENCE_RTK_PLCG_ITPR_SIGNALING_PATHWAY	KEGG_MEDICUS_REFERENCE_RTK_PLCG_ITPR_SIGNALING_PATHWAY	fgsea_msigdb_C2_CP_KEGG_MEDICUS_entrez	-1.18049269744125	0.925155436061166	down	7422,2277,9965,1950,5979,2264,4915,7423,5335,3709,3791,5155,2250,7424,3710,2261,2248,4916,3082,2247,2263
KEGG_MEDICUS_REFERENCE_IFN_RIPK1_3_SIGNALING_PATHWAY	KEGG_MEDICUS_REFERENCE_IFN_RIPK1_3_SIGNALING_PATHWAY	fgsea_msigdb_C2_CP_KEGG_MEDICUS_entrez	1.18048011109452	0.925155436061166	up	3717,3718,6775,3445,3448,10379,3442,6778,3449,3451,3439,7297,8737,3458
KEGG_MEDICUS_REFERENCE_TLR7_8_9_IRF5_SIGNALING_PATHWAY	KEGG_MEDICUS_REFERENCE_TLR7_8_9_IRF5_SIGNALING_PATHWAY	fgsea_msigdb_C2_CP_KEGG_MEDICUS_entrez	1.17733930879753	0.925155436061166	up	3445,3663,3448,3442,3449,3451,3439
KEGG_MEDICUS_VARIANT_MUTATION_CAUSED_ABERRANT_ABETA_TO_MACHR_CA2_APOPTOTIC_PATHWAY	KEGG_MEDICUS_VARIANT_MUTATION_CAUSED_ABERRANT_ABETA_TO_MACHR_CA2_APOPTOTIC_PATHWAY	fgsea_msigdb_C2_CP_KEGG_MEDICUS_entrez	1.17486982422777	0.925155436061166	up	1128,1133,5332,5331,292
KEGG_MEDICUS_REFERENCE_TLR7_9_IRF7_SIGNALING_PATHWAY	KEGG_MEDICUS_REFERENCE_TLR7_9_IRF7_SIGNALING_PATHWAY	fgsea_msigdb_C2_CP_KEGG_MEDICUS_entrez	1.16975485463142	0.925155436061166	up	3445,3448,3442,3665,3449,3451,3439
KEGG_MEDICUS_REFERENCE_ELECTRON_TRANSFER_IN_COMPLEX_I	KEGG_MEDICUS_REFERENCE_ELECTRON_TRANSFER_IN_COMPLEX_I	fgsea_msigdb_C2_CP_KEGG_MEDICUS_entrez	-1.16177773269113	0.925155436061166	down	4716,4731,4706,4698,4712,4718,4696,4726,4536,4728,4707,4729
KEGG_MEDICUS_VARIANT_MUTATION_CAUSED_ABERRANT_TDP43_TO_ELECTRON_TRANSFER_IN_COMPLEX_I	KEGG_MEDICUS_VARIANT_MUTATION_CAUSED_ABERRANT_TDP43_TO_ELECTRON_TRANSFER_IN_COMPLEX_I	fgsea_msigdb_C2_CP_KEGG_MEDICUS_entrez	-1.16177773269113	0.925155436061166	down	4716,4731,4706,4698,4712,4718,4696,4726,4536,4728,4707,4729
KEGG_MEDICUS_VARIANT_MUTATION_INACTIVATED_PINK1_TO_ELECTRON_TRANSFER_IN_COMPLEX_I	KEGG_MEDICUS_VARIANT_MUTATION_INACTIVATED_PINK1_TO_ELECTRON_TRANSFER_IN_COMPLEX_I	fgsea_msigdb_C2_CP_KEGG_MEDICUS_entrez	-1.16177773269113	0.925155436061166	down	4716,4731,4706,4698,4712,4718,4696,4726,4536,4728,4707,4729
KEGG_MEDICUS_REFERENCE_EGF_EGFR_PLCG_CALCINEURIN_SIGNALING_PATHWAY	KEGG_MEDICUS_REFERENCE_EGF_EGFR_PLCG_CALCINEURIN_SIGNALING_PATHWAY	fgsea_msigdb_C2_CP_KEGG_MEDICUS_entrez	-1.15953931074437	0.925155436061166	down	5535,1950,5532,5335
KEGG_MEDICUS_PATHOGEN_HIV_GP120_TO_CXCR4_GNB_G_RAC_SIGNALING_PATHWAY	KEGG_MEDICUS_PATHOGEN_HIV_GP120_TO_CXCR4_GNB_G_RAC_SIGNALING_PATHWAY	fgsea_msigdb_C2_CP_KEGG_MEDICUS_entrez	1.15925599270309	0.925155436061166	up	2791,2782,5879,2786,5880,7852,5058,2788,2793
KEGG_MEDICUS_REFERENCE_HORMONE_LIKE_CYTOKINE_TO_JAK_STAT_SIGNALING_PATHWAY	KEGG_MEDICUS_REFERENCE_HORMONE_LIKE_CYTOKINE_TO_JAK_STAT_SIGNALING_PATHWAY	fgsea_msigdb_C2_CP_KEGG_MEDICUS_entrez	-1.15268365678544	0.925155436061166	down	3952,7066,5617,2057
KEGG_MEDICUS_REFERENCE_ITGA_B_FAK_RAC_SIGNALING_PATHWAY	KEGG_MEDICUS_REFERENCE_ITGA_B_FAK_RAC_SIGNALING_PATHWAY	fgsea_msigdb_C2_CP_KEGG_MEDICUS_entrez	1.14806794034721	0.925155436061166	up	8515,5879,3696,3676,5829,3693,9564,3680,5880,9844,3694,1398,3673,1793
KEGG_MEDICUS_VARIANT_MUTATION_CAUSED_ABERRANT_HTT_TO_RETROGRADE_AXONAL_TRANSPORT	KEGG_MEDICUS_VARIANT_MUTATION_CAUSED_ABERRANT_HTT_TO_RETROGRADE_AXONAL_TRANSPORT	fgsea_msigdb_C2_CP_KEGG_MEDICUS_entrez	1.14764652637846	0.925155436061166	up	10381,11258,1639,7277,7846,10382
KEGG_MEDICUS_REFERENCE_REGULATION_OF_GF_RTK_RAS_ERK_SIGNALING_PTP	KEGG_MEDICUS_REFERENCE_REGULATION_OF_GF_RTK_RAS_ERK_SIGNALING_PTP	fgsea_msigdb_C2_CP_KEGG_MEDICUS_entrez	1.1468015346515	0.925155436061166	up	11221,1849,1843
KEGG_MEDICUS_REFERENCE_CCR_CXCR_GNB_G_PI3K_RAC_SIGNALING_PATHWAY	KEGG_MEDICUS_REFERENCE_CCR_CXCR_GNB_G_PI3K_RAC_SIGNALING_PATHWAY	fgsea_msigdb_C2_CP_KEGG_MEDICUS_entrez	1.14211494926655	0.925155436061166	up	2791,2782,5879,2786,3579,6347,1233,5294,2788,6346,2793,1232
KEGG_MEDICUS_REFERENCE_GPCR_PI3K_SIGNALING_PATHWAY	KEGG_MEDICUS_REFERENCE_GPCR_PI3K_SIGNALING_PATHWAY	fgsea_msigdb_C2_CP_KEGG_MEDICUS_entrez	1.13783048197594	0.925155436061166	up	2791,1128,2782,208
KEGG_MEDICUS_PATHOGEN_KSHV_VGPCR_TO_GNB_G_ERK_SIGNALING_PATHWAY	KEGG_MEDICUS_PATHOGEN_KSHV_VGPCR_TO_GNB_G_ERK_SIGNALING_PATHWAY	fgsea_msigdb_C2_CP_KEGG_MEDICUS_entrez	-1.13435433265259	0.925155436061166	down	5604,7422,3725,2353,3845,5155,2784,2783,2785,5595
KEGG_MEDICUS_REFERENCE_ITGA_B_FAK_CDC42_SIGNALING_PATHWAY	KEGG_MEDICUS_REFERENCE_ITGA_B_FAK_CDC42_SIGNALING_PATHWAY	fgsea_msigdb_C2_CP_KEGG_MEDICUS_entrez	-1.12430565427065	0.925155436061166	down	6714,3695,3678,3675,2335,3685
KEGG_MEDICUS_REFERENCE_CYTOKINE_JAK_STAT_SIGNALING_PATHWAY	KEGG_MEDICUS_REFERENCE_CYTOKINE_JAK_STAT_SIGNALING_PATHWAY	fgsea_msigdb_C2_CP_KEGG_MEDICUS_entrez	-1.09939409055503	0.928259513412352	down	3568,3593,2057,3569,5292,3601,3716,3459,3460,3454,3566
KEGG_MEDICUS_ENV_FACTOR_TCDD_TO_AHR_SIGNALING_PATHWAY	KEGG_MEDICUS_ENV_FACTOR_TCDD_TO_AHR_SIGNALING_PATHWAY	fgsea_msigdb_C2_CP_KEGG_MEDICUS_entrez	-1.10878645587175	0.93591830694095	down	2946,2938,2944,196,405,4258,2941
KEGG_MEDICUS_REFERENCE_GF_RTK_RAS_ERK_SIGNALING_PATHWAY	KEGG_MEDICUS_REFERENCE_GF_RTK_RAS_ERK_SIGNALING_PATHWAY	fgsea_msigdb_C2_CP_KEGG_MEDICUS_entrez	-1.07225968242985	0.93591830694095	down	5604,7422,2277,9965,1950,5979,2264,4915,627,7423,3630,4902,1943,3845,3791,5155,2250,6654,1436,7424,4908,2261,2248,5595,1944,3082,2247,2263,284
KEGG_MEDICUS_REFERENCE_ORIGIN_UNWINDING_AND_ELONGATION	KEGG_MEDICUS_REFERENCE_ORIGIN_UNWINDING_AND_ELONGATION	fgsea_msigdb_C2_CP_KEGG_MEDICUS_entrez	1.11944199894439	0.936458333333333	up	5426,4176,9837,5111,11169,5984,5557,5558,4172,4171,4175,5427,5983,8318
KEGG_MEDICUS_REFERENCE_GENE_SILENCING_BY_METHYLATION_OF_H3K27_AND_UBIQUITINATION_OF_H2AK119	KEGG_MEDICUS_REFERENCE_GENE_SILENCING_BY_METHYLATION_OF_H3K27_AND_UBIQUITINATION_OF_H2AK119	fgsea_msigdb_C2_CP_KEGG_MEDICUS_entrez	1.11865190639821	0.936458333333333	up	8350,8358,8535,8726,1487,648,7703,6322,6921,3720,3020,8335
KEGG_MEDICUS_REFERENCE_IL2_FAMILY_TO_JAK_STAT_SIGNALING_PATHWAY	KEGG_MEDICUS_REFERENCE_IL2_FAMILY_TO_JAK_STAT_SIGNALING_PATHWAY	fgsea_msigdb_C2_CP_KEGG_MEDICUS_entrez	1.10839115561748	0.936458333333333	up	3578,3718,3581,3575,6778
KEGG_MEDICUS_REFERENCE_ITGA_B_RHOG_RAC_SIGNALING_PATHWAY	KEGG_MEDICUS_REFERENCE_ITGA_B_RHOG_RAC_SIGNALING_PATHWAY	fgsea_msigdb_C2_CP_KEGG_MEDICUS_entrez	1.09984343314979	0.936458333333333	up	8515,5879,3696,3676,3693,3680,5880,9844,3694,3673,1793
KEGG_MEDICUS_VARIANT_MUTATION_ACTIVATED_SMO_TO_HEDGEHOG_SIGNALING_PATHWAY	KEGG_MEDICUS_VARIANT_MUTATION_ACTIVATED_SMO_TO_HEDGEHOG_SIGNALING_PATHWAY	fgsea_msigdb_C2_CP_KEGG_MEDICUS_entrez	1.09894813804852	0.936458333333333	up	5727,7479,2735,7482,7478
KEGG_MEDICUS_VARIANT_MUTATION_INACTIVATED_PTCH1_TO_HEDGEHOG_SIGNALING_PATHWAY	KEGG_MEDICUS_VARIANT_MUTATION_INACTIVATED_PTCH1_TO_HEDGEHOG_SIGNALING_PATHWAY	fgsea_msigdb_C2_CP_KEGG_MEDICUS_entrez	1.09894813804852	0.936458333333333	up	5727,7479,2735,7482,7478
KEGG_MEDICUS_REFERENCE_WNT_SIGNALING_MODULATION_WNT_INHIBITOR	KEGG_MEDICUS_REFERENCE_WNT_SIGNALING_MODULATION_WNT_INHIBITOR	fgsea_msigdb_C2_CP_KEGG_MEDICUS_entrez	1.08016845117875	0.949092862258295	up	7479,7482,2487,7478
KEGG_MEDICUS_REFERENCE_TYPE_I_IFN_SIGNALING_PATHWAY	KEGG_MEDICUS_REFERENCE_TYPE_I_IFN_SIGNALING_PATHWAY	fgsea_msigdb_C2_CP_KEGG_MEDICUS_entrez	1.08003269987735	0.949092862258295	up	3445,3448,10379,3442,3665,3449,3451,3439,7297
KEGG_MEDICUS_REFERENCE_TCR_PLCG_ITPR_SIGNALING_PATHWAY	KEGG_MEDICUS_REFERENCE_TCR_PLCG_ITPR_SIGNALING_PATHWAY	fgsea_msigdb_C2_CP_KEGG_MEDICUS_entrez	-1.07824453848976	0.949092862258295	down	917,916,5335,3709,9402
KEGG_MEDICUS_ENV_FACTOR_NNK_NNN_TO_RAS_ERK_SIGNALING_PATHWAY	KEGG_MEDICUS_ENV_FACTOR_NNK_NNN_TO_RAS_ERK_SIGNALING_PATHWAY	fgsea_msigdb_C2_CP_KEGG_MEDICUS_entrez	-1.07516798703308	0.949092862258295	down	1137,5604,3725,2353,3845
KEGG_MEDICUS_REFERENCE_MITOCHONDRIAL_COMPLEX_UCP1_IN_THERMOGENESIS	KEGG_MEDICUS_REFERENCE_MITOCHONDRIAL_COMPLEX_UCP1_IN_THERMOGENESIS	fgsea_msigdb_C2_CP_KEGG_MEDICUS_entrez	1.07516559387443	0.949092862258295	up	4702,1340,7381,4724,1352,4720,4695,1351,6389
KEGG_MEDICUS_REFERENCE_RELN_VLDLR_PI3K_SIGNALING_PATHWAY	KEGG_MEDICUS_REFERENCE_RELN_VLDLR_PI3K_SIGNALING_PATHWAY	fgsea_msigdb_C2_CP_KEGG_MEDICUS_entrez	-1.07298950747632	0.949092862258295	down	5293,6199,5649,7249,7436,7248
KEGG_MEDICUS_REFERENCE_FSHR_GNAS_PKA_SIGNALING_PATHWAY	KEGG_MEDICUS_REFERENCE_FSHR_GNAS_PKA_SIGNALING_PATHWAY	fgsea_msigdb_C2_CP_KEGG_MEDICUS_entrez	-1.06632952963029	0.949092862258295	down	115,114,2492,112,2488,109,2778
KEGG_MEDICUS_VARIANT_MLL_AF4_FUSION_TO_TRANSCRIPTIONAL_ACTIVATION	KEGG_MEDICUS_VARIANT_MLL_AF4_FUSION_TO_TRANSCRIPTIONAL_ACTIVATION	fgsea_msigdb_C2_CP_KEGG_MEDICUS_entrez	1.05822427496477	0.959469417833456	up	5090,4297,4300,4208,3480,2322
KEGG_MEDICUS_REFERENCE_CXCL12_CXCR4_PKC_ERK_SIGNALING_PATHAWAY	KEGG_MEDICUS_REFERENCE_CXCL12_CXCR4_PKC_ERK_SIGNALING_PATHAWAY	fgsea_msigdb_C2_CP_KEGG_MEDICUS_entrez	1.0462371410926	0.959469417833456	up	5336,5605,5332,5331,673,7852
KEGG_MEDICUS_ENV_FACTOR_DCE_TO_DNA_ADDUCTS	KEGG_MEDICUS_ENV_FACTOR_DCE_TO_DNA_ADDUCTS	fgsea_msigdb_C2_CP_KEGG_MEDICUS_entrez	-1.02722716307255	0.959469417833456	down	2946,2938,2944,4258,2941
KEGG_MEDICUS_PATHOGEN_HCMV_UL33_TO_GNAI_AC_PKA_SIGNALING_PATHWAY	KEGG_MEDICUS_PATHOGEN_HCMV_UL33_TO_GNAI_AC_PKA_SIGNALING_PATHWAY	fgsea_msigdb_C2_CP_KEGG_MEDICUS_entrez	-1.02684211176385	0.959469417833456	down	2775,115,114,10488
KEGG_MEDICUS_REFERENCE_PDGF_PDGFR_RAS_ERK_SIGNALING_PATHWAY	KEGG_MEDICUS_REFERENCE_PDGF_PDGFR_RAS_ERK_SIGNALING_PATHWAY	fgsea_msigdb_C2_CP_KEGG_MEDICUS_entrez	1.01727157001468	0.959469417833456	up	5156,2885,5605,5154
KEGG_MEDICUS_VARIANT_MUTATION_CAUSED_ABERRANT_HTT_TO_26S_PROTEASOME_MEDIATED_PROTEIN_DEGRADATION	KEGG_MEDICUS_VARIANT_MUTATION_CAUSED_ABERRANT_HTT_TO_26S_PROTEASOME_MEDIATED_PROTEIN_DEGRADATION	fgsea_msigdb_C2_CP_KEGG_MEDICUS_entrez	-1.01621574828394	0.959469417833456	down	5717,3064,5684,11047,5689,5694,5701,5683,5714,5707,5710,5692,7979
KEGG_MEDICUS_REFERENCE_WNT5A_ROR_SIGNALING_PATHWAY	KEGG_MEDICUS_REFERENCE_WNT5A_ROR_SIGNALING_PATHWAY	fgsea_msigdb_C2_CP_KEGG_MEDICUS_entrez	-1.01421384170864	0.959469417833456	down	8326,1855,1856,8325
KEGG_MEDICUS_REFERENCE_ITGA_B_RHOGEF_RHOA_SIGNALING_PATHWAY	KEGG_MEDICUS_REFERENCE_ITGA_B_RHOGEF_RHOA_SIGNALING_PATHWAY	fgsea_msigdb_C2_CP_KEGG_MEDICUS_entrez	-1.00948784804808	0.959469417833456	down	3695,3678,3675,2335,3685
KEGG_MEDICUS_REFERENCE_PRE_IC_FORMATION	KEGG_MEDICUS_REFERENCE_PRE_IC_FORMATION	fgsea_msigdb_C2_CP_KEGG_MEDICUS_entrez	1.00743163170962	0.959469417833456	up	5426,4176,9837
KEGG_MEDICUS_REFERENCE_TSH_TG_SIGNALING_PATHWAY	KEGG_MEDICUS_REFERENCE_TSH_TG_SIGNALING_PATHWAY	fgsea_msigdb_C2_CP_KEGG_MEDICUS_entrez	-1.00485502809972	0.959469417833456	down	115,114,10488,7038,7252,8458,112,109,1386,2778
KEGG_MEDICUS_REFERENCE_ACTIVATION_OF_PRC2.2_BY_UBIQUITINATION_OF_H2AK119_IN_GERMLINE_GENES	KEGG_MEDICUS_REFERENCE_ACTIVATION_OF_PRC2.2_BY_UBIQUITINATION_OF_H2AK119_IN_GERMLINE_GENES	fgsea_msigdb_C2_CP_KEGG_MEDICUS_entrez	-1.00091924105997	0.959469417833456	down	1876,3065,11335,6015,10138,5928,2146
KEGG_MEDICUS_VARIANT_MUTATION_ACTIVATED_GNAS_TO_CRHR_PKA_ACTH_SIGNALING_PATHWAY	KEGG_MEDICUS_VARIANT_MUTATION_ACTIVATED_GNAS_TO_CRHR_PKA_ACTH_SIGNALING_PATHWAY	fgsea_msigdb_C2_CP_KEGG_MEDICUS_entrez	-0.991467106608389	0.959469417833456	down	115,114,10488,112,109,1386,2778
KEGG_MEDICUS_REFERENCE_GPCR_PLCB_ITPR_SIGNALING_PATHWAY	KEGG_MEDICUS_REFERENCE_GPCR_PLCB_ITPR_SIGNALING_PATHWAY	fgsea_msigdb_C2_CP_KEGG_MEDICUS_entrez	0.99120639066615	0.959469417833456	up	1128,2915,6870,6915,5332,5331,147,4923,5724,7852,3357,5737,5021,3356,886,3973
KEGG_MEDICUS_REFERENCE_ARNO_ARF_ACTB_G_SIGNALING_PATHWAY	KEGG_MEDICUS_REFERENCE_ARNO_ARF_ACTB_G_SIGNALING_PATHWAY	fgsea_msigdb_C2_CP_KEGG_MEDICUS_entrez	-0.988745614919738	0.959469417833456	down	71,10095,10093,10094,10092
KEGG_MEDICUS_REFERENCE_FLT3LG_FLT3_RAS_PI3K_SIGNALING_PATHWAY	KEGG_MEDICUS_REFERENCE_FLT3LG_FLT3_RAS_PI3K_SIGNALING_PATHWAY	fgsea_msigdb_C2_CP_KEGG_MEDICUS_entrez	0.987872252085066	0.959469417833456	up	2885,208,2322,5291,3265
KEGG_MEDICUS_VARIANT_MUTATION_CAUSED_ABERRANT_ABETA_TO_ELECTRON_TRANSFER_IN_COMPLEX_I	KEGG_MEDICUS_VARIANT_MUTATION_CAUSED_ABERRANT_ABETA_TO_ELECTRON_TRANSFER_IN_COMPLEX_I	fgsea_msigdb_C2_CP_KEGG_MEDICUS_entrez	-0.981291913570263	0.959469417833456	down	4716,4731,4706,4698,4712,4718,4696,4726,4536,4728,4707,4729
KEGG_MEDICUS_REFERENCE_GF_RTK_RAS_PI3K_SIGNALING_PATHWAY	KEGG_MEDICUS_REFERENCE_GF_RTK_RAS_PI3K_SIGNALING_PATHWAY	fgsea_msigdb_C2_CP_KEGG_MEDICUS_entrez	0.976475202647348	0.959469417833456	up	7010,5156,2885,8823,208,8817,2246,5154,3480,2249,2321,2064,2322,1945,4233,3815,5291,2252,4914,8074,2066,7039,2254,1946,2251,3265
KEGG_MEDICUS_REFERENCE_TYPE_I_INTERFERON_TO_JAK_STAT_SIGNALING_PATHWAY	KEGG_MEDICUS_REFERENCE_TYPE_I_INTERFERON_TO_JAK_STAT_SIGNALING_PATHWAY	fgsea_msigdb_C2_CP_KEGG_MEDICUS_entrez	0.976090588284265	0.959469417833456	up	3445,3448,10379,3442,3449,3451,3439,7297
KEGG_MEDICUS_REFERENCE_ITGA_B_TALIN_VINCULIN_SIGNALING_PATHWAY	KEGG_MEDICUS_REFERENCE_ITGA_B_TALIN_VINCULIN_SIGNALING_PATHWAY	fgsea_msigdb_C2_CP_KEGG_MEDICUS_entrez	-0.972979163038478	0.959469417833456	down	3695,3678,3675,2335,7414,3685
KEGG_MEDICUS_REFERENCE_TRANSCRIPTION_COUPLED_NER	KEGG_MEDICUS_REFERENCE_TRANSCRIPTION_COUPLED_NER	fgsea_msigdb_C2_CP_KEGG_MEDICUS_entrez	-0.967439112123797	0.959469417833456	down	5437,2967,9978,2071
KEGG_MEDICUS_VARIANT_MUTATION_ACTIVATED_GNAS_TO_ACTH_CORTISOL_SIGNALING_PATHWAY	KEGG_MEDICUS_VARIANT_MUTATION_ACTIVATED_GNAS_TO_ACTH_CORTISOL_SIGNALING_PATHWAY	fgsea_msigdb_C2_CP_KEGG_MEDICUS_entrez	-0.953582063851254	0.959469417833456	down	115,114,10488,2516,112,109,1386,2778
KEGG_MEDICUS_REFERENCE_FGF_FGFR_RAS_ERK_SIGNALING_PATHWAY	KEGG_MEDICUS_REFERENCE_FGF_FGFR_RAS_ERK_SIGNALING_PATHWAY	fgsea_msigdb_C2_CP_KEGG_MEDICUS_entrez	0.944303915006885	0.959469417833456	up	2885,8823,8817,5605,2246,2249,673,2252,8074,2254,2251,3265
KEGG_MEDICUS_REFERENCE_GF_RTK_PI3K_SIGNALING_PATHWAY	KEGG_MEDICUS_REFERENCE_GF_RTK_PI3K_SIGNALING_PATHWAY	fgsea_msigdb_C2_CP_KEGG_MEDICUS_entrez	0.943334783254655	0.959469417833456	up	7010,5156,8823,208,8817,2246,5154,3480,2249,2321,2064,2322,1945,4233,3815,5291,2252,4914,8074,2066,7039,2254,1946,2251
KEGG_MEDICUS_REFERENCE_EGF_EGFR_RAS_PI3K_SIGNALING_PATHWAY	KEGG_MEDICUS_REFERENCE_EGF_EGFR_RAS_PI3K_SIGNALING_PATHWAY	fgsea_msigdb_C2_CP_KEGG_MEDICUS_entrez	-0.939206465216254	0.959469417833456	down	1950,5293,3845,6654
KEGG_MEDICUS_PATHOGEN_HCMV_GB_TO_PDGFR_RAS_ERK_SIGNALING_PATHWAY	KEGG_MEDICUS_PATHOGEN_HCMV_GB_TO_PDGFR_RAS_ERK_SIGNALING_PATHWAY	fgsea_msigdb_C2_CP_KEGG_MEDICUS_entrez	0.938813825878318	0.959469417833456	up	5156,2885,5605
KEGG_MEDICUS_REFERENCE_MDA5_IRF7_3_SIGNALING_PATHWAY	KEGG_MEDICUS_REFERENCE_MDA5_IRF7_3_SIGNALING_PATHWAY	fgsea_msigdb_C2_CP_KEGG_MEDICUS_entrez	0.93757182097492	0.959469417833456	up	3445,3448,3442,3665,3449,3451,3439
KEGG_MEDICUS_REFERENCE_RIG_I_IRF7_3_SIGNALING_PATHWAY	KEGG_MEDICUS_REFERENCE_RIG_I_IRF7_3_SIGNALING_PATHWAY	fgsea_msigdb_C2_CP_KEGG_MEDICUS_entrez	0.93757182097492	0.959469417833456	up	3445,3448,3442,3665,3449,3451,3439
KEGG_MEDICUS_PATHOGEN_HBV_HBX_TO_RAS_ERK_SIGNALING_PATHWAY	KEGG_MEDICUS_PATHOGEN_HBV_HBX_TO_RAS_ERK_SIGNALING_PATHWAY	fgsea_msigdb_C2_CP_KEGG_MEDICUS_entrez	-0.936815573083674	0.959469417833456	down	6714,5604,3845,6654,5595
KEGG_MEDICUS_VARIANT_MUTATION_CAUSED_ABERRANT_ABETA_TO_MGLUR5_CA2_APOPTOTIC_PATHWAY	KEGG_MEDICUS_VARIANT_MUTATION_CAUSED_ABERRANT_ABETA_TO_MGLUR5_CA2_APOPTOTIC_PATHWAY	fgsea_msigdb_C2_CP_KEGG_MEDICUS_entrez	0.934878066556764	0.959469417833456	up	2915,5332,5331,292,317,293
KEGG_MEDICUS_VARIANT_MUTATION_CAUSED_ABERRANT_SNCA_TO_26S_PROTEASOME_MEDIATED_PROTEIN_DEGRADATION	KEGG_MEDICUS_VARIANT_MUTATION_CAUSED_ABERRANT_SNCA_TO_26S_PROTEASOME_MEDIATED_PROTEIN_DEGRADATION	fgsea_msigdb_C2_CP_KEGG_MEDICUS_entrez	-0.932749064987888	0.959469417833456	down	5717,5684,11047,5689,5694,5701,6622,5683,5714,5707,5710,5692,7979
KEGG_MEDICUS_VARIANT_MUTATION_ACTIVATED_MET_TO_RAS_ERK_SIGNALING_PATHWAY	KEGG_MEDICUS_VARIANT_MUTATION_ACTIVATED_MET_TO_RAS_ERK_SIGNALING_PATHWAY	fgsea_msigdb_C2_CP_KEGG_MEDICUS_entrez	0.930433943598887	0.959469417833456	up	2885,595,5605,4233,673,3265
KEGG_MEDICUS_REFERENCE_RIG_I_NFKB_SIGNALING_PATHWAY	KEGG_MEDICUS_REFERENCE_RIG_I_NFKB_SIGNALING_PATHWAY	fgsea_msigdb_C2_CP_KEGG_MEDICUS_entrez	0.929913597862916	0.959469417833456	up	3445,3448,3442,3449,3451,3439,4790
KEGG_MEDICUS_REFERENCE_ACTH_CORTISOL_SIGNALING_PATHWAY	KEGG_MEDICUS_REFERENCE_ACTH_CORTISOL_SIGNALING_PATHWAY	fgsea_msigdb_C2_CP_KEGG_MEDICUS_entrez	-0.928483129076538	0.959469417833456	down	115,114,10488,2516,112,109,1386,2778,4158
KEGG_MEDICUS_REFERENCE_CGAS_STING_SIGNALING_PATHWAY	KEGG_MEDICUS_REFERENCE_CGAS_STING_SIGNALING_PATHWAY	fgsea_msigdb_C2_CP_KEGG_MEDICUS_entrez	0.928239094737773	0.959469417833456	up	3445,3448,3442,3449,3451,3439
KEGG_MEDICUS_REFERENCE_FGF_FGFR_PI3K_SIGNALING_PATHWAY	KEGG_MEDICUS_REFERENCE_FGF_FGFR_PI3K_SIGNALING_PATHWAY	fgsea_msigdb_C2_CP_KEGG_MEDICUS_entrez	0.928047374238744	0.959469417833456	up	8823,208,8817,2246,2249,5291,2252,8074,2254,2251
KEGG_MEDICUS_REFERENCE_E2_ER_RAS_ERK_SIGNALING_PATHWAY	KEGG_MEDICUS_REFERENCE_E2_ER_RAS_ERK_SIGNALING_PATHWAY	fgsea_msigdb_C2_CP_KEGG_MEDICUS_entrez	-0.921989007665534	0.959469417833456	down	6714,5604,10488,3845
KEGG_MEDICUS_REFERENCE_P4_PR_RAS_ERK_SIGNALING_PATHWAY	KEGG_MEDICUS_REFERENCE_P4_PR_RAS_ERK_SIGNALING_PATHWAY	fgsea_msigdb_C2_CP_KEGG_MEDICUS_entrez	0.92167040929441	0.959469417833456	up	2885,595,5605,5241
KEGG_MEDICUS_REFERENCE_CRHR_PKA_ACTH_SIGNALING_PATHWAY	KEGG_MEDICUS_REFERENCE_CRHR_PKA_ACTH_SIGNALING_PATHWAY	fgsea_msigdb_C2_CP_KEGG_MEDICUS_entrez	-0.921482577705413	0.959469417833456	down	115,114,10488,112,109,1386,2778
KEGG_MEDICUS_VARIANT_CYP11B1_CYP11B2_FUSION_TO_ACTH_CORTISOL_SIGNALING_PATHWAY	KEGG_MEDICUS_VARIANT_CYP11B1_CYP11B2_FUSION_TO_ACTH_CORTISOL_SIGNALING_PATHWAY	fgsea_msigdb_C2_CP_KEGG_MEDICUS_entrez	-0.919250071022586	0.959469417833456	down	115,114,10488,2516,112,109,1386,2778,4158
KEGG_MEDICUS_REFERENCE_EGF_EGFR_PLCG_ERK_SIGNALING_PATHWAY	KEGG_MEDICUS_REFERENCE_EGF_EGFR_PLCG_ERK_SIGNALING_PATHWAY	fgsea_msigdb_C2_CP_KEGG_MEDICUS_entrez	0.914353867701081	0.959469417833456	up	5336,595,5605
KEGG_MEDICUS_VARIANT_MUTATION_ACTIVATED_EGFR_TO_RAS_ERK_SIGNALING_PATHWAY	KEGG_MEDICUS_VARIANT_MUTATION_ACTIVATED_EGFR_TO_RAS_ERK_SIGNALING_PATHWAY	fgsea_msigdb_C2_CP_KEGG_MEDICUS_entrez	0.91415852086084	0.959469417833456	up	2885,595,5605
KEGG_MEDICUS_VARIANT_EGF_OVEREXPRESSION_TO_RAS_ERK_SIGNALING_PATHWAY	KEGG_MEDICUS_VARIANT_EGF_OVEREXPRESSION_TO_RAS_ERK_SIGNALING_PATHWAY	fgsea_msigdb_C2_CP_KEGG_MEDICUS_entrez	-0.909331609892434	0.959469417833456	down	5604,1950,3845,6654,5595
KEGG_MEDICUS_PATHOGEN_SHIGELLA_IPGD_TO_ARNO_ARF_ACTB_G_SIGNALING_PATHWAY	KEGG_MEDICUS_PATHOGEN_SHIGELLA_IPGD_TO_ARNO_ARF_ACTB_G_SIGNALING_PATHWAY	fgsea_msigdb_C2_CP_KEGG_MEDICUS_entrez	-0.908049217425867	0.959469417833456	down	5293,71,10095,10093,10094,10092
KEGG_MEDICUS_VARIANT_FZD7_OVEREXPRESSION_TO_WNT_SIGNALING_PATHWAY	KEGG_MEDICUS_VARIANT_FZD7_OVEREXPRESSION_TO_WNT_SIGNALING_PATHWAY	fgsea_msigdb_C2_CP_KEGG_MEDICUS_entrez	0.906503626987595	0.959469417833456	up	595,7479,7482,10023,7478,1499,2932
KEGG_MEDICUS_REFERENCE_TYPE_II_INTERFERON_TO_JAK_STAT_SIGNALING_PATHWAY	KEGG_MEDICUS_REFERENCE_TYPE_II_INTERFERON_TO_JAK_STAT_SIGNALING_PATHWAY	fgsea_msigdb_C2_CP_KEGG_MEDICUS_entrez	0.901276146197655	0.959469417833456	up	3717,3445,3448,3442,3449,3451,3439
KEGG_MEDICUS_PATHOGEN_HCMV_US28_TO_GNB_G_PI3K_NFKB_SIGNALING_PATHWAY	KEGG_MEDICUS_PATHOGEN_HCMV_US28_TO_GNB_G_PI3K_NFKB_SIGNALING_PATHWAY	fgsea_msigdb_C2_CP_KEGG_MEDICUS_entrez	-0.900172407469252	0.959469417833456	down	3569,5293,8517,4792,2784,2783,2785,3576,1147,10681
KEGG_MEDICUS_VARIANT_MUTATION_INACTIVATED_ATP1A1_TO_ANGIOTENSIN_ALDOSTERONE_SIGNALING_PATHWAY	KEGG_MEDICUS_VARIANT_MUTATION_INACTIVATED_ATP1A1_TO_ANGIOTENSIN_ALDOSTERONE_SIGNALING_PATHWAY	fgsea_msigdb_C2_CP_KEGG_MEDICUS_entrez	0.894418783937457	0.959469417833456	up	815,476,1385,776,8912,818,814,801,468,9586
KEGG_MEDICUS_REFERENCE_MGLUR5_CA2_APOPTOTIC_PATHWAY	KEGG_MEDICUS_REFERENCE_MGLUR5_CA2_APOPTOTIC_PATHWAY	fgsea_msigdb_C2_CP_KEGG_MEDICUS_entrez	0.890255266078002	0.959469417833456	up	2915,5332,5331,292,317,293
KEGG_MEDICUS_REFERENCE_CA2_PYK2_RAS_ERK_SIGNALING_PATHWAY	KEGG_MEDICUS_REFERENCE_CA2_PYK2_RAS_ERK_SIGNALING_PATHWAY	fgsea_msigdb_C2_CP_KEGG_MEDICUS_entrez	-0.878430809074796	0.959469417833456	down	6714,5604,3845,6654,5595
KEGG_MEDICUS_VARIANT_SCRAPIE_CONFORMATION_PRPSC_TO_26S_PROTEASOME_MEDIATED_PROTEIN_DEGRADATION	KEGG_MEDICUS_VARIANT_SCRAPIE_CONFORMATION_PRPSC_TO_26S_PROTEASOME_MEDIATED_PROTEIN_DEGRADATION	fgsea_msigdb_C2_CP_KEGG_MEDICUS_entrez	-0.874456915366984	0.959469417833456	down	5717,5684,11047,5689,5694,5701,5683,5714,5707,5710,5692,7979
KEGG_MEDICUS_REFERENCE_CXCR_GNB_G_ERK_SIGNALING_PATHWAY	KEGG_MEDICUS_REFERENCE_CXCR_GNB_G_ERK_SIGNALING_PATHWAY	fgsea_msigdb_C2_CP_KEGG_MEDICUS_entrez	0.872873666772687	0.959469417833456	up	2791,2782,5605,2786,3579
KEGG_MEDICUS_VARIANT_MUTATION_CAUSED_ABERRANT_ABETA_TO_26S_PROTEASOME_MEDIATED_PROTEIN_DEGRADATION	KEGG_MEDICUS_VARIANT_MUTATION_CAUSED_ABERRANT_ABETA_TO_26S_PROTEASOME_MEDIATED_PROTEIN_DEGRADATION	fgsea_msigdb_C2_CP_KEGG_MEDICUS_entrez	-0.863345466828455	0.959469417833456	down	5717,5684,11047,5689,5694,5701,5683,5714,5707,5710,5692,7979
KEGG_MEDICUS_REFERENCE_CD80_CD86_CTLA4_PP2A_SIGNALING_PATHWAY	KEGG_MEDICUS_REFERENCE_CD80_CD86_CTLA4_PP2A_SIGNALING_PATHWAY	fgsea_msigdb_C2_CP_KEGG_MEDICUS_entrez	-0.857312564770163	0.959469417833456	down	5529,5525,5522,5523,1493,5526,942,5515
KEGG_MEDICUS_VARIANT_MUTATION_CAUSED_ABERRANT_SOD1_TO_RETROGRADE_AXONAL_TRANSPORT	KEGG_MEDICUS_VARIANT_MUTATION_CAUSED_ABERRANT_SOD1_TO_RETROGRADE_AXONAL_TRANSPORT	fgsea_msigdb_C2_CP_KEGG_MEDICUS_entrez	0.852136252705687	0.959469417833456	up	11258,1639
KEGG_MEDICUS_PATHOGEN_SALMONELLA_SOPB_TO_ARNO_ARF_ACTB_G_SIGNALING_PATHWAY	KEGG_MEDICUS_PATHOGEN_SALMONELLA_SOPB_TO_ARNO_ARF_ACTB_G_SIGNALING_PATHWAY	fgsea_msigdb_C2_CP_KEGG_MEDICUS_entrez	-0.846234126693036	0.959469417833456	down	5293,71,10095,10093,10094,10092
KEGG_MEDICUS_REFERENCE_HOMOLOGOUS_RECOMBINATION	KEGG_MEDICUS_REFERENCE_HOMOLOGOUS_RECOMBINATION	fgsea_msigdb_C2_CP_KEGG_MEDICUS_entrez	-0.846120572604199	0.959469417833456	down	675,5985,5424,10714,5429,5982,5981,6119,7979
KEGG_MEDICUS_REFERENCE_ADRB3_UCP1_SIGNALING_PATHWAY	KEGG_MEDICUS_REFERENCE_ADRB3_UCP1_SIGNALING_PATHWAY	fgsea_msigdb_C2_CP_KEGG_MEDICUS_entrez	0.833480033726165	0.959469417833456	up	5568,6602,86,6599,5468,8110
KEGG_MEDICUS_REFERENCE_26S_PROTEASOME_MEDIATED_PROTEIN_DEGRADATION	KEGG_MEDICUS_REFERENCE_26S_PROTEASOME_MEDIATED_PROTEIN_DEGRADATION	fgsea_msigdb_C2_CP_KEGG_MEDICUS_entrez	-0.8207121745774	0.959469417833456	down	5717,5684,11047,5689,5694,5701,5683,5714,5707,5710,5692,7979
KEGG_MEDICUS_VARIANT_MUTATION_INACTIVATED_UBQLN2_TO_26S_PROTEASOME_MEDIATED_PROTEIN_DEGRADATION	KEGG_MEDICUS_VARIANT_MUTATION_INACTIVATED_UBQLN2_TO_26S_PROTEASOME_MEDIATED_PROTEIN_DEGRADATION	fgsea_msigdb_C2_CP_KEGG_MEDICUS_entrez	-0.8207121745774	0.959469417833456	down	5717,5684,11047,5689,5694,5701,5683,5714,5707,5710,5692,7979
KEGG_MEDICUS_REFERENCE_CA2_ENTRY_VOLTAGE_GATED_CA2_CHANNEL	KEGG_MEDICUS_REFERENCE_CA2_ENTRY_VOLTAGE_GATED_CA2_CHANNEL	fgsea_msigdb_C2_CP_KEGG_MEDICUS_entrez	0.820589373246159	0.959469417833456	up	9254,781,779,774,775,776,773,8913,8912,783
KEGG_MEDICUS_REFERENCE_SKELETAL_TYPE_VGCC_RYR_SIGNALING	KEGG_MEDICUS_REFERENCE_SKELETAL_TYPE_VGCC_RYR_SIGNALING	fgsea_msigdb_C2_CP_KEGG_MEDICUS_entrez	-0.82031283715075	0.959469417833456	down	782,10368,785,845,6261
KEGG_MEDICUS_VARIANT_MUTATION_INACTIVATED_VCP_TO_26S_PROTEASOME_MEDIATED_PROTEIN_DEGRADATION	KEGG_MEDICUS_VARIANT_MUTATION_INACTIVATED_VCP_TO_26S_PROTEASOME_MEDIATED_PROTEIN_DEGRADATION	fgsea_msigdb_C2_CP_KEGG_MEDICUS_entrez	-0.819019708806007	0.959469417833456	down	5717,5684,11047,5689,5694,5701,5683,5714,5707,5710,5692,7979
KEGG_MEDICUS_PATHOGEN_HIV_GP120_TO_CXCR4_GNAQ_PLCB_G_CALCINEURIN	KEGG_MEDICUS_PATHOGEN_HIV_GP120_TO_CXCR4_GNAQ_PLCB_G_CALCINEURIN	fgsea_msigdb_C2_CP_KEGG_MEDICUS_entrez	-0.818908552703066	0.959469417833456	down	5535,5532,5335
KEGG_MEDICUS_PATHOGEN_KSHV_VGPCR_TO_GNB_G_PI3K_JNK_SIGNALING_PATHWAY	KEGG_MEDICUS_PATHOGEN_KSHV_VGPCR_TO_GNB_G_PI3K_JNK_SIGNALING_PATHWAY	fgsea_msigdb_C2_CP_KEGG_MEDICUS_entrez	0.817598299437966	0.959469417833456	up	2791,2782,5879,2786
KEGG_MEDICUS_VARIANT_MUTATION_CAUSED_ABERRANT_SOD1_TO_26S_PROTEASOME_MEDIATED_PROTEIN_DEGRADATION	KEGG_MEDICUS_VARIANT_MUTATION_CAUSED_ABERRANT_SOD1_TO_26S_PROTEASOME_MEDIATED_PROTEIN_DEGRADATION	fgsea_msigdb_C2_CP_KEGG_MEDICUS_entrez	-0.817084559283315	0.959469417833456	down	5717,5684,11047,5689,5694,5701,5683,5714,5707,5710,5692,7979
KEGG_MEDICUS_REFERENCE_ANGIOTENSIN_ALDOSTERONE_SIGNALING_PATHWAY	KEGG_MEDICUS_REFERENCE_ANGIOTENSIN_ALDOSTERONE_SIGNALING_PATHWAY	fgsea_msigdb_C2_CP_KEGG_MEDICUS_entrez	0.816496062142224	0.959469417833456	up	815,5332,5331,1385,818,814,801,468,9586,2776
KEGG_MEDICUS_REFERENCE_CCR2_GNB_G_PI3K_NFKB_SIGNALING_PATHWAY	KEGG_MEDICUS_REFERENCE_CCR2_GNB_G_PI3K_NFKB_SIGNALING_PATHWAY	fgsea_msigdb_C2_CP_KEGG_MEDICUS_entrez	0.814566929727656	0.959469417833456	up	2791,2782,208,2786,5291,6347,4790,2788,2793
KEGG_MEDICUS_REFERENCE_EGF_ERBB2_RAS_ERK_SIGNALING_PATHWAY	KEGG_MEDICUS_REFERENCE_EGF_ERBB2_RAS_ERK_SIGNALING_PATHWAY	fgsea_msigdb_C2_CP_KEGG_MEDICUS_entrez	-0.808795064949757	0.959469417833456	down	5604,1950,3845,6654,5595
KEGG_MEDICUS_REFERENCE_PP2A_AKT_SIGNALING_PATHWAY	KEGG_MEDICUS_REFERENCE_PP2A_AKT_SIGNALING_PATHWAY	fgsea_msigdb_C2_CP_KEGG_MEDICUS_entrez	-0.807478977273411	0.959469417833456	down	5529,5525,5522,5523,5526
KEGG_MEDICUS_REFERENCE_EGF_EGFR_RAS_ERK_SIGNALING_PATHWAY	KEGG_MEDICUS_REFERENCE_EGF_EGFR_RAS_ERK_SIGNALING_PATHWAY	fgsea_msigdb_C2_CP_KEGG_MEDICUS_entrez	0.804672677554897	0.959469417833456	up	2885,595,5605
KEGG_MEDICUS_REFERENCE_CX3CR1_GNAI_AC_PKA_SIGNALING_PATHWAY	KEGG_MEDICUS_REFERENCE_CX3CR1_GNAI_AC_PKA_SIGNALING_PATHWAY	fgsea_msigdb_C2_CP_KEGG_MEDICUS_entrez	-0.801960924395257	0.959469417833456	down	115,114,6376,112,109
KEGG_MEDICUS_REFERENCE_TIGHT_JUNCTION_ACTIN_SIGNALING_PATHWAY	KEGG_MEDICUS_REFERENCE_TIGHT_JUNCTION_ACTIN_SIGNALING_PATHWAY	fgsea_msigdb_C2_CP_KEGG_MEDICUS_entrez	-0.797404946340043	0.959469417833456	down	7122,1364,1366,71,10095,10093,10094,10092,10686
KEGG_MEDICUS_REFERENCE_PRNP_PI3K_NOX2_SIGNALING_PATHWAY	KEGG_MEDICUS_REFERENCE_PRNP_PI3K_NOX2_SIGNALING_PATHWAY	fgsea_msigdb_C2_CP_KEGG_MEDICUS_entrez	0.793312643540105	0.959469417833456	up	5580,5879,5880,5291,1385,4689
KEGG_MEDICUS_VARIANT_SCRAPIE_CONFORMATION_PRPSC_TO_TRANSPORT_OF_CALCIUM	KEGG_MEDICUS_VARIANT_SCRAPIE_CONFORMATION_PRPSC_TO_TRANSPORT_OF_CALCIUM	fgsea_msigdb_C2_CP_KEGG_MEDICUS_entrez	0.791416038281195	0.959469417833456	up	292,2906,2904,317,293
KEGG_MEDICUS_VARIANT_MUTATION_INACTIVATED_RASD1_TO_CRHR_PKA_ACTH_SIGNALING_PATHWAY	KEGG_MEDICUS_VARIANT_MUTATION_INACTIVATED_RASD1_TO_CRHR_PKA_ACTH_SIGNALING_PATHWAY	fgsea_msigdb_C2_CP_KEGG_MEDICUS_entrez	-0.786528268829173	0.959469417833456	down	115,114,10488
KEGG_MEDICUS_REFERENCE_LPAR_GNB_G_RHO_SIGNALING_PATHWAY	KEGG_MEDICUS_REFERENCE_LPAR_GNB_G_RHO_SIGNALING_PATHWAY	fgsea_msigdb_C2_CP_KEGG_MEDICUS_entrez	0.778834180833008	0.959469417833456	up	2791,2782
KEGG_MEDICUS_VARIANT_IGF2_OVEREXPRESSION_TO_RAS_ERK_SIGNALING_PATHWAY	KEGG_MEDICUS_VARIANT_IGF2_OVEREXPRESSION_TO_RAS_ERK_SIGNALING_PATHWAY	fgsea_msigdb_C2_CP_KEGG_MEDICUS_entrez	0.778123714218395	0.959469417833456	up	2885,5605,3480
KEGG_MEDICUS_REFERENCE_FLT3LG_FLT3_RAS_ERK_SIGNALING_PATHWAY	KEGG_MEDICUS_REFERENCE_FLT3LG_FLT3_RAS_ERK_SIGNALING_PATHWAY	fgsea_msigdb_C2_CP_KEGG_MEDICUS_entrez	0.773838748817705	0.959469417833456	up	2885,5605,2322,673,3265
KEGG_MEDICUS_REFERENCE_CXCR4_GNAQ_PLCB_G_CALCINEURIN_SIGNALING_PATHWAY	KEGG_MEDICUS_REFERENCE_CXCR4_GNAQ_PLCB_G_CALCINEURIN_SIGNALING_PATHWAY	fgsea_msigdb_C2_CP_KEGG_MEDICUS_entrez	0.769987617736856	0.959469417833456	up	5336,5332,5331,4775,7852,5530,6387,801,4776,5534,2776
KEGG_MEDICUS_REFERENCE_TNF_JNK_SIGNALING_PATHWAY	KEGG_MEDICUS_REFERENCE_TNF_JNK_SIGNALING_PATHWAY	fgsea_msigdb_C2_CP_KEGG_MEDICUS_entrez	-0.768566504544721	0.959469417833456	down	3725,5601,2353,6416,8717,5602,5609
KEGG_MEDICUS_REFERENCE_GHRHR_PKA_GH_SIGNALING_PATHWAY	KEGG_MEDICUS_REFERENCE_GHRHR_PKA_GH_SIGNALING_PATHWAY	fgsea_msigdb_C2_CP_KEGG_MEDICUS_entrez	-0.76783749713277	0.959469417833456	down	115,114,10488,112,109,1386,2778
KEGG_MEDICUS_REFERENCE_IGF_IGF1R_RAS_ERK_SIGNALING_PATHWAY	KEGG_MEDICUS_REFERENCE_IGF_IGF1R_RAS_ERK_SIGNALING_PATHWAY	fgsea_msigdb_C2_CP_KEGG_MEDICUS_entrez	0.765272499187717	0.959469417833456	up	2885,5605,3480
KEGG_MEDICUS_REFERENCE_AGE_RAGE_SIGNALING_PATHWAY	KEGG_MEDICUS_REFERENCE_AGE_RAGE_SIGNALING_PATHWAY	fgsea_msigdb_C2_CP_KEGG_MEDICUS_entrez	0.76387142893402	0.959469417833456	up	7124,5605,673,177,3265,4790
KEGG_MEDICUS_REFERENCE_ACH_CHRN_RAS_ERK_SIGNALING_PATHWAY	KEGG_MEDICUS_REFERENCE_ACH_CHRN_RAS_ERK_SIGNALING_PATHWAY	fgsea_msigdb_C2_CP_KEGG_MEDICUS_entrez	-0.757609133000006	0.959469417833456	down	5604,10488,3845
KEGG_MEDICUS_VARIANT_MUTATION_CAUSED_ABERRANT_ABETA_TO_AGE_RAGE_SIGNALING_PATHWAY	KEGG_MEDICUS_VARIANT_MUTATION_CAUSED_ABERRANT_ABETA_TO_AGE_RAGE_SIGNALING_PATHWAY	fgsea_msigdb_C2_CP_KEGG_MEDICUS_entrez	0.754608191941647	0.959469417833456	up	7124,5605,673,177,3265,4790
KEGG_MEDICUS_REFERENCE_TGFA_EGFR_RAS_ERK_SIGNALING_PATHWAY	KEGG_MEDICUS_REFERENCE_TGFA_EGFR_RAS_ERK_SIGNALING_PATHWAY	fgsea_msigdb_C2_CP_KEGG_MEDICUS_entrez	0.74586477536858	0.959469417833456	up	2885,5605,673,7039,3265
KEGG_MEDICUS_PATHOGEN_SALMONELLA_SOPE_TO_RAC_SIGNALING_PATHWAY	KEGG_MEDICUS_PATHOGEN_SALMONELLA_SOPE_TO_RAC_SIGNALING_PATHWAY	fgsea_msigdb_C2_CP_KEGG_MEDICUS_entrez	-0.744569325231563	0.959469417833456	down	71,10095,10093,10094,10092
KEGG_MEDICUS_REFERENCE_P300_P21_CELL_CYCLE_G1_S	KEGG_MEDICUS_REFERENCE_P300_P21_CELL_CYCLE_G1_S	fgsea_msigdb_C2_CP_KEGG_MEDICUS_entrez	-0.74073779784105	0.959469417833456	down	5925,1869,2033,545,894,1021
KEGG_MEDICUS_REFERENCE_LHCGR_GNAS_PKA_SIGNALING_PATHWAY	KEGG_MEDICUS_REFERENCE_LHCGR_GNAS_PKA_SIGNALING_PATHWAY	fgsea_msigdb_C2_CP_KEGG_MEDICUS_entrez	-0.735660711992371	0.959469417833456	down	115,114,112,109,2778
KEGG_MEDICUS_REFERENCE_CARDIAC_TYPE_VGCC_RYR_SIGNALING	KEGG_MEDICUS_REFERENCE_CARDIAC_TYPE_VGCC_RYR_SIGNALING	fgsea_msigdb_C2_CP_KEGG_MEDICUS_entrez	-0.722537484887817	0.959469417833456	down	782,10368,785,845
KEGG_MEDICUS_REFERENCE_DNA_REPLICATION_LICENSING	KEGG_MEDICUS_REFERENCE_DNA_REPLICATION_LICENSING	fgsea_msigdb_C2_CP_KEGG_MEDICUS_entrez	0.730285114808667	0.961750956226094	up	1017,4176
KEGG_MEDICUS_VARIANT_MUTATION_ACTIVATED_KCNJ5_TO_ANGIOTENSIN_ALDOSTERONE_SIGNALING_PATHWAY	KEGG_MEDICUS_VARIANT_MUTATION_ACTIVATED_KCNJ5_TO_ANGIOTENSIN_ALDOSTERONE_SIGNALING_PATHWAY	fgsea_msigdb_C2_CP_KEGG_MEDICUS_entrez	0.723358548369289	0.961750956226094	up	815,1385,776,8912,818,814,801,468,9586
KEGG_MEDICUS_REFERENCE_KITLG_KIT_RAS_ERK_SIGNALING_PATHWAY	KEGG_MEDICUS_REFERENCE_KITLG_KIT_RAS_ERK_SIGNALING_PATHWAY	fgsea_msigdb_C2_CP_KEGG_MEDICUS_entrez	0.719973348245173	0.961750956226094	up	2885,5605,3815,673,3265
KEGG_MEDICUS_REFERENCE_BCR_PLCG_CALCINEURIN_SIGNALING_PATHWAY	KEGG_MEDICUS_REFERENCE_BCR_PLCG_CALCINEURIN_SIGNALING_PATHWAY	fgsea_msigdb_C2_CP_KEGG_MEDICUS_entrez	-0.717999917241541	0.961750956226094	down	5535,5532,6850
KEGG_MEDICUS_VARIANT_SCRAPIE_CONFORMATION_PRPSC_TO_MGLUR5_CA2_APOPTOTIC_PATHWAY	KEGG_MEDICUS_VARIANT_SCRAPIE_CONFORMATION_PRPSC_TO_MGLUR5_CA2_APOPTOTIC_PATHWAY	fgsea_msigdb_C2_CP_KEGG_MEDICUS_entrez	-0.71343914362763	0.961750956226094	down	3709,7419,3710,6261,7416,836
KEGG_MEDICUS_VARIANT_MUTATION_ACTIVATED_CACNA1D_H_TO_ANGIOTENSIN_ALDOSTERONE_SIGNALING_PATHWAY	KEGG_MEDICUS_VARIANT_MUTATION_ACTIVATED_CACNA1D_H_TO_ANGIOTENSIN_ALDOSTERONE_SIGNALING_PATHWAY	fgsea_msigdb_C2_CP_KEGG_MEDICUS_entrez	0.71265000335172	0.961750956226094	up	815,1385,776,8912,818,814,801,468,9586
KEGG_MEDICUS_REFERENCE_IL6_FAMILY_TO_JAK_STAT_SIGNALING_PATHWAY	KEGG_MEDICUS_REFERENCE_IL6_FAMILY_TO_JAK_STAT_SIGNALING_PATHWAY	fgsea_msigdb_C2_CP_KEGG_MEDICUS_entrez	0.712619032437247	0.961750956226094	up	3717,9180,3597,6778,3590,3598
KEGG_MEDICUS_REFERENCE_DNA_REPLICATION_TERMINATION	KEGG_MEDICUS_REFERENCE_DNA_REPLICATION_TERMINATION	fgsea_msigdb_C2_CP_KEGG_MEDICUS_entrez	0.702065581903725	0.961750956226094	up	4176,9837,6921,4172,4171,4175,7314,8318
KEGG_MEDICUS_REFERENCE_HGF_MET_RAS_ERK_SIGNALING_PATHWAY	KEGG_MEDICUS_REFERENCE_HGF_MET_RAS_ERK_SIGNALING_PATHWAY	fgsea_msigdb_C2_CP_KEGG_MEDICUS_entrez	0.694773688706546	0.961750956226094	up	2885,5605,4233,673,3265
KEGG_MEDICUS_VARIANT_MUTATION_ACTIVATED_FGFR3_TO_RAS_ERK_SIGNALING_PATHWAY	KEGG_MEDICUS_VARIANT_MUTATION_ACTIVATED_FGFR3_TO_RAS_ERK_SIGNALING_PATHWAY	fgsea_msigdb_C2_CP_KEGG_MEDICUS_entrez	-0.692838988214961	0.961750956226094	down	5604,3845,6654,2261,5595
KEGG_MEDICUS_REFERENCE_TNF_P38_SIGNALING_PATHWAY	KEGG_MEDICUS_REFERENCE_TNF_P38_SIGNALING_PATHWAY	fgsea_msigdb_C2_CP_KEGG_MEDICUS_entrez	0.681715009051448	0.961750956226094	up	7124,7132,1385,9252,6885,5606,8737,468,9586
KEGG_MEDICUS_PATHOGEN_HCMV_UL33_TO_GNB_G_RHO_SIGNALING_PATHWAY	KEGG_MEDICUS_PATHOGEN_HCMV_UL33_TO_GNB_G_RHO_SIGNALING_PATHWAY	fgsea_msigdb_C2_CP_KEGG_MEDICUS_entrez	0.672237853119003	0.961750956226094	up	2791,2782,2786,6300,1385
KEGG_MEDICUS_REFERENCE_EREG_EGFR_RAS_ERK_SIGNALING_PATHWAY	KEGG_MEDICUS_REFERENCE_EREG_EGFR_RAS_ERK_SIGNALING_PATHWAY	fgsea_msigdb_C2_CP_KEGG_MEDICUS_entrez	0.671358251052571	0.961750956226094	up	2885,5605
KEGG_MEDICUS_PATHOGEN_HPV_E5_TO_EGFR_RAS_ERK_SIGNALING_PATHWAY	KEGG_MEDICUS_PATHOGEN_HPV_E5_TO_EGFR_RAS_ERK_SIGNALING_PATHWAY	fgsea_msigdb_C2_CP_KEGG_MEDICUS_entrez	0.6685939994154	0.961750956226094	up	2885,5605
KEGG_MEDICUS_PATHOGEN_HCMV_US28_TO_GNAQ_PLCB_G_CALCINEURIN_SIGNALING_PATHWAY	KEGG_MEDICUS_PATHOGEN_HCMV_US28_TO_GNAQ_PLCB_G_CALCINEURIN_SIGNALING_PATHWAY	fgsea_msigdb_C2_CP_KEGG_MEDICUS_entrez	-0.66522409830702	0.961750956226094	down	5535,5532
KEGG_MEDICUS_VARIANT_AMPLIFIED_FGFR_TO_RAS_ERK_SIGNALING_PATHWAY	KEGG_MEDICUS_VARIANT_AMPLIFIED_FGFR_TO_RAS_ERK_SIGNALING_PATHWAY	fgsea_msigdb_C2_CP_KEGG_MEDICUS_entrez	-0.660310954411406	0.961750956226094	down	5604,3845,6654,5595,2263
KEGG_MEDICUS_REFERENCE_AREG_EGFR_RAS_ERK_SIGNALING_PATHWAY	KEGG_MEDICUS_REFERENCE_AREG_EGFR_RAS_ERK_SIGNALING_PATHWAY	fgsea_msigdb_C2_CP_KEGG_MEDICUS_entrez	0.655712638696089	0.961750956226094	up	2885,5605
KEGG_MEDICUS_VARIANT_MUTATION_INACTIVATED_ATP2B3_TO_ANGIOTENSIN_ALDOSTERONE_SIGNALING_PATHWAY	KEGG_MEDICUS_VARIANT_MUTATION_INACTIVATED_ATP2B3_TO_ANGIOTENSIN_ALDOSTERONE_SIGNALING_PATHWAY	fgsea_msigdb_C2_CP_KEGG_MEDICUS_entrez	-0.652630581038642	0.961750956226094	down	10488,817,8536,808,1386
KEGG_MEDICUS_VARIANT_MUTATION_CAUSED_ABERRANT_HTT_TO_MGLUR5_CA2_APOPTOTIC_PATHWAY	KEGG_MEDICUS_VARIANT_MUTATION_CAUSED_ABERRANT_HTT_TO_MGLUR5_CA2_APOPTOTIC_PATHWAY	fgsea_msigdb_C2_CP_KEGG_MEDICUS_entrez	0.648917695747761	0.961750956226094	up	2915,5332,5331,292,317,293
KEGG_MEDICUS_VARIANT_MUTATION_INACTIVATED_FGF17_TO_RAS_ERK_SIGNALING_PATHWAY	KEGG_MEDICUS_VARIANT_MUTATION_INACTIVATED_FGF17_TO_RAS_ERK_SIGNALING_PATHWAY	fgsea_msigdb_C2_CP_KEGG_MEDICUS_entrez	0.63715512058672	0.961750956226094	up	2885,5605
KEGG_MEDICUS_VARIANT_MUTATION_CAUSED_ABERRANT_HTT_TO_TRANSPORT_OF_CALCIUM	KEGG_MEDICUS_VARIANT_MUTATION_CAUSED_ABERRANT_HTT_TO_TRANSPORT_OF_CALCIUM	fgsea_msigdb_C2_CP_KEGG_MEDICUS_entrez	0.633430485803341	0.963800904977376	up	1742,292,2906,2904,317,293
KEGG_MEDICUS_VARIANT_LRP6_OVEREXPRESSION_TO_WNT_SIGNALING_PATHWAY	KEGG_MEDICUS_VARIANT_LRP6_OVEREXPRESSION_TO_WNT_SIGNALING_PATHWAY	fgsea_msigdb_C2_CP_KEGG_MEDICUS_entrez	0.664329548951966	0.964933577645442	up	595,7479,7482,10023,7478,1499,2932,8321,8323,7472,8313,7855,2535,8322,4609,8312
KEGG_MEDICUS_REFERENCE_WNT_SIGNALING_PATHWAY	KEGG_MEDICUS_REFERENCE_WNT_SIGNALING_PATHWAY	fgsea_msigdb_C2_CP_KEGG_MEDICUS_entrez	0.653447876350953	0.964933577645442	up	595,7479,7482,10023,7478,1499,2932,8321,8323,7472,8313,7855,2535,8322,4609,8312
KEGG_MEDICUS_VARIANT_MUTATION_INACTIVATED_PDE11A_PDE8B_TO_ACTH_CORTISOL_SIGNALING_PATHWAY	KEGG_MEDICUS_VARIANT_MUTATION_INACTIVATED_PDE11A_PDE8B_TO_ACTH_CORTISOL_SIGNALING_PATHWAY	fgsea_msigdb_C2_CP_KEGG_MEDICUS_entrez	-0.5772946171721	0.964933577645442	down	10488,2516
KEGG_MEDICUS_REFERENCE_GNRH_GNRHR_PLCB_PKC_SIGNALING_PATHWAY	KEGG_MEDICUS_REFERENCE_GNRH_GNRHR_PLCB_PKC_SIGNALING_PATHWAY	fgsea_msigdb_C2_CP_KEGG_MEDICUS_entrez	0.580647373548796	0.975746268656716	up	5605,5332,5331
